# PUBLIC SHELL OBJ - display only, not CAD source
# Precision intentionally degraded; multi-part structure removed
o shell
v 511.21 55.631 44.399
v 558.329 57.529 44.684
v 558.276 58.561 44.122
v 511.79 50.312 46.294
v 511.762 51.898 45.745
v 465.214 50.025 45.745
v 467.64 27.031 40.939
v 374.52 22.2 40.392
v 374.556 21.957 40.143
v 512.825 39.051 46.276
v 512.839 40.934 46.818
v 466.264 38.24 46.805
v 513.599 33.413 44.389
v 467.122 30.788 43.89
v 467.062 29.676 43.325
v 655.695 63.674 40.398
v 655.698 64.21 39.062
v 630.293 66.09 39.067
v 559.123 48.694 46.82
v 559.39 46.821 46.82
v 606.465 49.223 46.815
v 746.669 41.214 32.649
v 759.212 35.307 32.633
v 759.736 35.835 28.348
v 746.342 40.102 36.899
v 758.7 34.253 36.925
v 759.212 35.307 32.633
v 739.456 24.635 46.833
v 750.893 18.97 46.799
v 752.548 21.948 46.557
v 559.635 43.328 46.541
v 559.937 39.874 46.023
v 606.99 42.528 46.008
v 560.445 35.307 44.137
v 560.488 34.267 43.623
v 607.283 36.66 43.88
v 630.807 35.31 42.267
v 630.813 34.78 41.735
v 654.053 33.151 41.718
v 699.854 22.221 39.07
v 699.545 21.389 36.909
v 721.761 13.64 36.915
v 420.793 25.404 6.413
v 467.339 28.078 6.144
v 467.393 27.581 6.439
v 420.254 29.682 3.468
v 466.824 32.639 3.212
v 467.122 30.788 4.03
v 654.051 32.346 7.741
v 654.094 33.179 6.425
v 677.373 29.437 6.428
v 560.437 33.697 4.808
v 560.456 34.245 4.55
v 607.235 36.626 4.263
v 630.581 42.83 2.159
v 606.974 42.516 2.126
v 606.736 46.015 1.607
v 745.873 8.849 3.493
v 745.319 7.765 4.286
v 734.363 13.125 4.292
v 736.722 18.173 2.127
v 725.255 23.281 2.145
v 726.6 26.497 1.614
v 738.11 21.419 1.617
v 749.308 16.042 1.599
v 747.737 12.855 2.151
v 739.434 24.62 1.343
v 750.921 18.99 1.335
v 749.308 16.042 1.599
v 559.093 48.673 1.327
v 559.084 50.539 1.322
v 606.447 52.688 1.596
v 464.142 57.514 6.954
v 371.818 52.945 7.474
v 371.856 53.239 8.028
v 371.818 52.945 7.474
v 464.142 57.514 6.954
v 371.881 52.722 7.238
v 511.265 55.669 3.763
v 464.67 53.764 4.007
v 464.646 54.55 4.531
v 630.551 52.975 1.609
v 654.913 51.382 1.618
v 654.918 47.908 1.353
v 740.75 27.547 1.6
v 752.553 21.952 1.616
v 750.921 18.99 1.335
v 681.092 57.776 5.077
v 681.099 56.443 4.278
v 668.245 58.842 4.271
v 743.732 33.995 3.225
v 755.756 28.367 3.218
v 754.109 25.128 2.127
v 747.205 42.285 24.089
v 759.729 36.097 24.064
v 759.757 35.849 19.798
v 280.088 37.984 1.068
v 186.977 33.694 1.061
v 187.011 36.125 1.88
v 325.836 50.827 40.127
v 371.844 53.231 40.124
v 371.829 53.488 39.582
v 233.034 46.031 40.408
v 233.02 46.289 39.866
v 186.451 43.867 39.856
v 186.75 40.678 43.617
v 186.715 42.259 41.994
v 0.303 32.93 42.286
v 186.428 43.047 41.449
v 186.715 42.259 41.994
v 279.81 46.538 42.261
v 187.246 31.02 47.61
v 187.225 28.33 47.867
v 373.199 37.727 47.356
v 280.65 27.838 47.095
v 373.488 32.927 46.831
v 373.166 35.296 47.339
v 280.861 25.39 46.264
v 373.473 30.776 46.289
v 373.488 32.927 46.831
v 234.632 15.796 40.939
v 281.182 18.205 41.208
v 281.189 18.745 41.746
v 327.726 20.342 40.938
v 374.293 22.763 41.215
v 374.244 23.531 41.993
v 374.293 22.763 41.215
v 327.726 20.342 40.938
v 374.512 22.461 40.923
v 281.136 17.37 40.115
v 234.583 14.959 39.845
v 188.049 12.294 39.317
v 467.64 27.031 40.939
v 374.512 22.461 40.923
v 374.52 22.2 40.392
v 374.52 22.2 40.392
v 374.512 22.461 40.923
v 327.971 19.791 40.124
v 374.52 22.2 40.392
v 327.971 19.791 40.124
v 374.556 21.957 40.143
v 374.556 21.957 40.143
v 327.971 19.791 40.124
v 374.551 21.686 39.605
v 374.016 24.897 43.083
v 327.719 21.407 42.004
v 374.244 23.531 41.993
v 374.244 23.531 41.993
v 327.719 21.407 42.004
v 327.729 20.879 41.475
v 374.244 23.531 41.993
v 327.729 20.879 41.475
v 327.726 20.342 40.938
v 327.726 20.342 40.938
v 327.729 20.879 41.475
v 281.188 17.674 40.675
v 327.726 20.342 40.938
v 281.188 17.674 40.675
v 281.136 17.37 40.115
v 281.136 17.37 40.115
v 281.188 17.674 40.675
v 234.642 15.268 40.409
v 281.136 17.37 40.115
v 234.642 15.268 40.409
v 234.583 14.959 39.845
v 281.181 19.274 42.277
v 188.074 14.184 42.005
v 281.189 18.745 41.746
v 281.189 18.745 41.746
v 188.074 14.184 42.005
v 188.092 13.661 41.478
v 281.189 18.745 41.746
v 188.092 13.661 41.478
v 234.632 15.796 40.939
v 234.632 15.796 40.939
v 188.092 13.661 41.478
v 188.031 13.084 40.645
v 187.764 18.167 44.926
v 280.861 23.25 45.194
v 280.861 25.39 46.264
v 373.488 32.927 46.831
v 280.65 27.838 47.095
v 280.861 25.39 46.264
v 280.861 25.39 46.264
v 280.65 27.838 47.095
v 187.834 20.356 46.298
v 280.861 25.39 46.264
v 187.834 20.356 46.298
v 187.764 18.167 44.926
v 373.473 30.776 46.289
v 280.861 25.39 46.264
v 327.456 25.958 45.217
v 327.456 25.958 45.217
v 280.861 25.39 46.264
v 280.861 23.25 45.194
v 327.456 25.958 45.217
v 280.861 23.25 45.194
v 281.2 21.161 43.892
v 281.2 21.161 43.892
v 280.861 23.25 45.194
v 187.764 18.167 44.926
v 281.2 21.161 43.892
v 187.764 18.167 44.926
v 187.766 16.029 43.589
v 1.634 3.498 39.875
v 188.073 12.579 39.864
v 1.572 3.99 40.914
v 1.572 3.99 40.914
v 188.073 12.579 39.864
v 188.031 13.084 40.645
v 1.572 3.99 40.914
v 188.031 13.084 40.645
v 1.624 4.561 41.475
v 1.624 4.561 41.475
v 188.031 13.084 40.645
v 188.092 13.661 41.478
v 1.624 4.561 41.475
v 188.092 13.661 41.478
v 1.627 5.098 42.279
v 1.627 5.098 42.279
v 188.092 13.661 41.478
v 188.074 14.184 42.005
v 1.627 5.098 42.279
v 188.074 14.184 42.005
v 1.633 6.975 43.887
v 373.199 37.727 47.356
v 187.225 28.33 47.867
v 373.166 35.296 47.339
v 373.166 35.296 47.339
v 187.225 28.33 47.867
v 187.552 25.697 47.629
v 373.166 35.296 47.339
v 187.552 25.697 47.629
v 280.65 27.838 47.095
v 280.65 27.838 47.095
v 187.552 25.697 47.629
v 187.531 23.006 47.083
v 280.65 27.838 47.095
v 187.531 23.006 47.083
v 187.834 20.356 46.298
v 326.094 48.412 42.797
v 325.816 49.208 41.989
v 279.828 47.353 41.734
v 372.113 50.289 43.067
v 372.116 51.629 41.999
v 325.816 49.208 41.989
v 279.81 46.538 42.261
v 186.715 42.259 41.994
v 279.798 44.656 43.859
v 279.798 44.656 43.859
v 186.715 42.259 41.994
v 186.75 40.678 43.617
v 279.798 44.656 43.859
v 186.75 40.678 43.617
v 279.854 42.824 45.225
v 0.303 32.93 42.286
v 186.715 42.259 41.994
v 0.231 33.414 41.447
v 0.231 33.414 41.447
v 186.715 42.259 41.994
v 186.428 43.047 41.449
v 0.231 33.414 41.447
v 186.428 43.047 41.449
v 0.27 33.977 40.932
v 325.817 49.744 41.455
v 371.885 52.457 41.214
v 325.849 50.301 40.936
v 325.849 50.301 40.936
v 371.885 52.457 41.214
v 371.838 52.692 40.924
v 325.849 50.301 40.936
v 371.838 52.692 40.924
v 325.836 50.827 40.127
v 325.836 50.827 40.127
v 371.838 52.692 40.924
v 371.885 52.992 40.412
v 325.836 50.827 40.127
v 371.885 52.992 40.412
v 371.844 53.231 40.124
v 186.451 43.867 39.856
v 233.02 46.289 39.866
v 186.484 44.424 39.337
v 371.829 53.488 39.582
v 279.525 48.666 40.112
v 325.836 50.827 40.127
v 325.836 50.827 40.127
v 279.525 48.666 40.112
v 279.521 48.128 40.645
v 325.836 50.827 40.127
v 279.521 48.128 40.645
v 325.849 50.301 40.936
v 325.849 50.301 40.936
v 279.521 48.128 40.645
v 279.522 47.593 41.18
v 325.849 50.301 40.936
v 279.522 47.593 41.18
v 325.817 49.744 41.455
v 1.633 6.975 43.887
v 187.766 16.029 43.589
v 1.341 9.098 45.213
v 1.341 9.098 45.213
v 187.766 16.029 43.589
v 187.764 18.167 44.926
v 1.341 9.098 45.213
v 187.764 18.167 44.926
v 1.372 11.26 46.298
v 1.372 11.26 46.298
v 187.764 18.167 44.926
v 187.834 20.356 46.298
v 1.372 11.26 46.298
v 187.834 20.356 46.298
v 1.354 13.655 47.092
v 1.354 13.655 47.092
v 187.834 20.356 46.298
v 187.531 23.006 47.083
v 1.354 13.655 47.092
v 187.531 23.006 47.083
v 1.096 16.337 47.631
v 1.096 16.337 47.631
v 187.531 23.006 47.083
v 187.552 25.697 47.629
v 1.096 16.337 47.631
v 187.552 25.697 47.629
v 1.061 18.988 47.881
v 1.061 18.988 47.881
v 187.552 25.697 47.629
v 187.225 28.33 47.867
v 1.061 18.988 47.881
v 187.225 28.33 47.867
v 0.773 21.648 47.604
v 0.773 21.648 47.604
v 187.225 28.33 47.867
v 187.246 31.02 47.61
v 0.773 21.648 47.604
v 187.246 31.02 47.61
v 0.786 24.065 47.075
v 0.786 24.065 47.075
v 187.246 31.02 47.61
v 186.961 33.683 47.066
v 0.786 24.065 47.075
v 186.961 33.683 47.066
v 0.52 26.741 46.273
v 0.52 26.741 46.273
v 186.961 33.683 47.066
v 186.996 36.115 46.281
v 0.52 26.741 46.273
v 186.996 36.115 46.281
v 0.522 28.883 45.204
v 0.522 28.883 45.204
v 186.996 36.115 46.281
v 186.72 38.517 44.939
v 0.522 28.883 45.204
v 186.72 38.517 44.939
v 0.242 31.014 43.86
v 371.832 54.025 9.353
v 186.492 44.697 9.646
v 371.62 54.599 11.254
v 371.62 54.599 11.254
v 186.492 44.697 9.646
v 186.498 45.237 11.522
v 371.62 54.599 11.254
v 186.498 45.237 11.522
v 371.549 55.619 15.499
v 371.549 55.619 15.499
v 186.498 45.237 11.522
v 186.481 46.295 15.526
v 371.549 55.619 15.499
v 186.481 46.295 15.526
v 371.593 56.453 19.801
v 371.593 56.453 19.801
v 186.481 46.295 15.526
v 186.452 47.077 19.792
v 371.593 56.453 19.801
v 186.452 47.077 19.792
v 371.566 56.702 24.068
v 371.566 56.702 24.068
v 186.452 47.077 19.792
v 186.471 47.358 24.082
v 371.566 56.702 24.068
v 186.471 47.358 24.082
v 371.565 56.433 28.348
v 371.565 56.433 28.348
v 186.471 47.358 24.082
v 186.466 47.087 28.36
v 371.565 56.433 28.348
v 186.466 47.087 28.36
v 371.563 55.629 32.627
v 371.563 55.629 32.627
v 186.466 47.087 28.36
v 186.426 46.256 32.62
v 371.563 55.629 32.627
v 186.426 46.256 32.62
v 371.558 54.556 36.637
v 371.558 54.556 36.637
v 186.426 46.256 32.62
v 186.494 45.234 36.667
v 371.558 54.556 36.637
v 186.494 45.234 36.667
v 371.886 54.063 38.808
v 371.886 54.063 38.808
v 186.494 45.234 36.667
v 186.496 44.701 38.541
v 371.886 54.063 38.808
v 186.496 44.701 38.541
v 371.829 53.488 39.582
v 371.829 53.488 39.582
v 186.496 44.701 38.541
v 186.484 44.424 39.337
v 371.829 53.488 39.582
v 186.484 44.424 39.337
v 279.525 48.666 40.112
v 279.525 48.666 40.112
v 186.484 44.424 39.337
v 233.02 46.289 39.866
v 279.525 48.666 40.112
v 233.02 46.289 39.866
v 279.521 48.128 40.645
v 279.521 48.128 40.645
v 233.02 46.289 39.866
v 233.034 46.031 40.408
v 279.521 48.128 40.645
v 233.034 46.031 40.408
v 279.522 47.593 41.18
v 371.832 54.025 9.353
v 371.889 53.53 8.579
v 186.49 44.429 8.843
v 186.49 44.429 8.843
v 371.889 53.53 8.579
v 279.594 48.714 8.044
v 371.889 53.53 8.579
v 371.856 53.239 8.028
v 325.829 50.822 7.753
v 325.829 50.822 7.753
v 371.856 53.239 8.028
v 371.818 52.945 7.474
v 325.829 50.822 7.753
v 371.818 52.945 7.474
v 325.823 50.283 7.215
v 325.823 50.283 7.215
v 371.818 52.945 7.474
v 371.881 52.722 7.238
v 371.881 52.722 7.238
v 371.869 52.446 6.697
v 325.823 50.283 7.215
v 325.823 50.283 7.215
v 371.869 52.446 6.697
v 372.107 51.623 6.147
v 325.823 50.283 7.215
v 372.107 51.623 6.147
v 325.854 49.769 6.696
v 371.889 53.53 8.579
v 325.829 50.822 7.753
v 279.594 48.714 8.044
v 279.594 48.714 8.044
v 325.829 50.822 7.753
v 325.823 50.283 7.215
v 279.594 48.714 8.044
v 325.823 50.283 7.215
v 279.583 48.171 7.503
v 279.583 48.171 7.503
v 325.823 50.283 7.215
v 325.854 49.769 6.696
v 279.583 48.171 7.503
v 325.854 49.769 6.696
v 279.592 47.643 6.973
v 418.907 46.261 1.859
v 372.666 44.416 1.878
v 372.395 46.554 2.679
v 372.395 46.554 2.679
v 372.666 44.416 1.878
v 326.355 44.663 2.666
v 372.395 46.554 2.679
v 326.355 44.663 2.666
v 326.09 46.537 4.005
v 326.09 46.537 4.005
v 326.355 44.663 2.666
v 279.81 44.665 4.273
v 326.09 46.537 4.005
v 279.81 44.665 4.273
v 279.86 46.573 5.635
v 279.81 44.665 4.273
v 186.754 40.681 4.561
v 279.86 46.573 5.635
v 279.86 46.573 5.635
v 186.754 40.681 4.561
v 186.765 42.294 6.171
v 279.86 46.573 5.635
v 186.765 42.294 6.171
v 279.824 47.35 6.42
v 279.824 47.35 6.42
v 186.765 42.294 6.171
v 186.423 43.044 6.669
v 279.824 47.35 6.42
v 186.423 43.044 6.669
v 233.288 45.753 7.228
v 233.288 45.753 7.228
v 186.423 43.044 6.669
v 186.495 43.362 7.24
v 233.288 45.753 7.228
v 186.495 43.362 7.24
v 233 46.007 7.753
v 233 46.007 7.753
v 186.495 43.362 7.24
v 186.468 43.878 8.297
v 233 46.007 7.753
v 186.468 43.878 8.297
v 232.975 46.257 8.276
v 186.703 38.505 2.93
v 279.816 42.796 2.938
v 280.127 40.419 1.89
v 465.473 46.273 1.332
v 372.91 39.852 0.797
v 372.887 42.244 1.053
v 372.887 42.244 1.053
v 372.91 39.852 0.797
v 280.088 37.984 1.068
v 372.887 42.244 1.053
v 280.088 37.984 1.068
v 280.127 40.419 1.89
v 280.127 40.419 1.89
v 280.088 37.984 1.068
v 187.011 36.125 1.88
v 280.127 40.419 1.89
v 187.011 36.125 1.88
v 186.703 38.505 2.93
v 186.754 40.681 4.561
v 0.23 31.006 4.262
v 186.765 42.294 6.171
v 186.765 42.294 6.171
v 0.23 31.006 4.262
v 0.269 32.906 5.886
v 186.765 42.294 6.171
v 0.269 32.906 5.886
v 186.423 43.044 6.669
v 186.423 43.044 6.669
v 0.269 32.906 5.886
v 0.271 33.442 6.422
v 186.423 43.044 6.669
v 0.271 33.442 6.422
v 186.495 43.362 7.24
v 186.495 43.362 7.24
v 0.271 33.442 6.422
v 0.295 33.994 6.969
v 186.495 43.362 7.24
v 0.295 33.994 6.969
v 186.468 43.878 8.297
v 186.977 33.694 1.061
v 280.088 37.984 1.068
v 187.254 31.025 0.53
v 187.254 31.025 0.53
v 280.088 37.984 1.068
v 372.91 39.852 0.797
v 187.254 31.025 0.53
v 372.91 39.852 0.797
v 187.228 28.332 0.25
v 0.234 34.487 8.276
v 0.235 35.29 9.614
v 186.49 44.429 8.843
v 281.131 18.704 6.405
v 281.188 19.279 5.631
v 327.722 22.212 5.356
v 327.722 22.212 5.356
v 281.188 19.279 5.631
v 281.2 21.16 4.299
v 327.722 22.212 5.356
v 281.2 21.16 4.299
v 327.416 23.79 3.999
v 327.416 23.79 3.999
v 281.2 21.16 4.299
v 280.87 23.256 2.93
v 327.416 23.79 3.999
v 280.87 23.256 2.93
v 327.467 25.966 2.687
v 327.746 20.356 7.24
v 374.296 22.765 6.706
v 374.546 22.485 7.233
v 281.142 17.642 7.48
v 327.746 20.356 7.24
v 328.01 19.818 7.774
v 281.131 18.704 6.405
v 188.055 13.636 6.682
v 281.188 19.279 5.631
v 281.188 19.279 5.631
v 188.055 13.636 6.682
v 188.06 14.174 6.15
v 281.188 19.279 5.631
v 188.06 14.174 6.15
v 281.2 21.16 4.299
v 281.2 21.16 4.299
v 188.06 14.174 6.15
v 187.771 16.032 4.534
v 281.2 21.16 4.299
v 187.771 16.032 4.534
v 280.87 23.256 2.93
v 280.87 23.256 2.93
v 187.771 16.032 4.534
v 187.809 18.199 2.948
v 187.809 18.199 2.948
v 187.795 20.329 1.871
v 280.87 23.256 2.93
v 280.87 23.256 2.93
v 187.795 20.329 1.871
v 280.879 25.403 1.864
v 280.87 23.256 2.93
v 280.879 25.403 1.864
v 327.467 25.966 2.687
v 327.467 25.966 2.687
v 280.879 25.403 1.864
v 373.476 30.778 1.882
v 1.575 3.992 6.941
v 1.625 4.562 6.431
v 188.055 13.636 6.682
v 188.055 13.636 6.682
v 1.625 4.562 6.431
v 188.06 14.174 6.15
v 188.06 14.174 6.15
v 1.625 4.562 6.431
v 1.606 5.083 5.886
v 188.06 14.174 6.15
v 1.606 5.083 5.886
v 187.771 16.032 4.534
v 187.771 16.032 4.534
v 1.606 5.083 5.886
v 1.581 6.938 4.268
v 187.771 16.032 4.534
v 1.581 6.938 4.268
v 187.809 18.199 2.948
v 187.809 18.199 2.948
v 1.581 6.938 4.268
v 1.319 9.083 2.933
v 187.809 18.199 2.948
v 1.319 9.083 2.933
v 187.795 20.329 1.871
v 374.514 21.928 8.019
v 374.532 21.673 8.563
v 328.01 19.818 7.774
v 328.01 19.818 7.774
v 374.532 21.673 8.563
v 281.153 17.382 8.021
v 328.01 19.818 7.774
v 281.153 17.382 8.021
v 281.142 17.642 7.48
v 327.746 20.356 7.24
v 374.546 22.485 7.233
v 328.01 19.818 7.774
v 328.01 19.818 7.774
v 374.546 22.485 7.233
v 374.55 22.22 7.502
v 328.01 19.818 7.774
v 374.55 22.22 7.502
v 374.514 21.928 8.019
v 1.851 2.66 9.62
v 1.573 3.455 8.277
v 188.067 12.574 8.294
v 188.067 12.574 8.294
v 1.573 3.455 8.277
v 188.086 13.122 7.233
v 188.067 12.574 8.294
v 188.086 13.122 7.233
v 234.64 15.266 7.771
v 234.64 15.266 7.771
v 188.086 13.122 7.233
v 234.601 15.774 7.216
v 234.64 15.266 7.771
v 234.601 15.774 7.216
v 281.149 18.182 6.949
v 374.512 22.461 40.923
v 327.726 20.342 40.938
v 327.971 19.791 40.124
v 327.971 19.791 40.124
v 327.726 20.342 40.938
v 281.136 17.37 40.115
v 327.971 19.791 40.124
v 281.136 17.37 40.115
v 374.551 21.686 39.605
v 374.551 21.686 39.605
v 281.136 17.37 40.115
v 188.049 12.294 39.317
v 374.551 21.686 39.605
v 188.049 12.294 39.317
v 374.532 21.405 38.793
v 374.532 21.405 38.793
v 188.049 12.294 39.317
v 188.043 12.022 38.511
v 374.532 21.405 38.793
v 188.043 12.022 38.511
v 374.49 20.573 36.631
v 374.49 20.573 36.631
v 188.043 12.022 38.511
v 188.04 11.218 36.637
v 374.49 20.573 36.631
v 188.04 11.218 36.637
v 374.518 19.523 32.633
v 374.518 19.523 32.633
v 188.04 11.218 36.637
v 188.075 10.172 32.642
v 374.518 19.523 32.633
v 188.075 10.172 32.642
v 374.506 18.712 28.347
v 374.506 18.712 28.347
v 188.075 10.172 32.642
v 188.338 9.634 28.36
v 374.506 18.712 28.347
v 188.338 9.634 28.36
v 374.509 18.447 24.068
v 374.509 18.447 24.068
v 188.338 9.634 28.36
v 188.321 9.355 24.071
v 374.509 18.447 24.068
v 188.321 9.355 24.071
v 374.559 18.749 19.813
v 374.559 18.749 19.813
v 188.321 9.355 24.071
v 188.365 9.653 19.812
v 374.559 18.749 19.813
v 188.365 9.653 19.812
v 374.508 19.516 15.507
v 374.508 19.516 15.507
v 188.365 9.653 19.812
v 188.094 10.185 15.53
v 374.508 19.516 15.507
v 188.094 10.185 15.53
v 374.517 20.592 11.231
v 374.517 20.592 11.231
v 188.094 10.185 15.53
v 188.068 11.237 11.504
v 374.517 20.592 11.231
v 188.068 11.237 11.504
v 374.503 21.385 9.351
v 374.503 21.385 9.351
v 188.068 11.237 11.504
v 188.063 12.036 9.629
v 374.503 21.385 9.351
v 188.063 12.036 9.629
v 374.532 21.673 8.563
v 374.532 21.673 8.563
v 188.063 12.036 9.629
v 188.071 12.31 8.831
v 374.532 21.673 8.563
v 188.071 12.31 8.831
v 281.153 17.382 8.021
v 281.153 17.382 8.021
v 188.071 12.31 8.831
v 234.619 14.984 8.295
v 281.153 17.382 8.021
v 234.619 14.984 8.295
v 281.142 17.642 7.48
v 0.519 28.881 2.935
v 186.703 38.505 2.93
v 0.498 26.726 1.854
v 0.498 26.726 1.854
v 186.703 38.505 2.93
v 187.011 36.125 1.88
v 0.498 26.726 1.854
v 187.011 36.125 1.88
v 0.83 24.096 1.084
v 0.83 24.096 1.084
v 187.011 36.125 1.88
v 186.977 33.694 1.061
v 0.83 24.096 1.084
v 186.977 33.694 1.061
v 0.795 21.664 0.531
v 0.795 21.664 0.531
v 186.977 33.694 1.061
v 187.254 31.025 0.53
v 0.795 21.664 0.531
v 187.254 31.025 0.53
v 1.038 18.971 0.251
v 1.038 18.971 0.251
v 187.254 31.025 0.53
v 187.228 28.332 0.25
v 1.038 18.971 0.251
v 187.228 28.332 0.25
v 1.061 16.312 0.53
v 605.631 64.984 7.742
v 605.698 65.566 8.845
v 630.244 66.056 8.813
v 630.244 66.056 8.813
v 605.698 65.566 8.845
v 630.283 66.885 10.972
v 630.244 66.056 8.813
v 630.283 66.885 10.972
v 642.866 66.357 10.977
v 642.866 66.357 10.977
v 630.283 66.885 10.972
v 630.272 67.948 15.515
v 642.866 66.357 10.977
v 630.272 67.948 15.515
v 642.886 67.441 15.535
v 642.886 67.441 15.535
v 630.272 67.948 15.515
v 630.256 68.739 19.787
v 642.886 67.441 15.535
v 630.256 68.739 19.787
v 642.872 68.234 19.808
v 642.872 68.234 19.808
v 630.256 68.739 19.787
v 630.272 69.018 24.075
v 605.698 65.566 8.845
v 605.679 66.356 11.244
v 630.283 66.885 10.972
v 630.283 66.885 10.972
v 605.679 66.356 11.244
v 605.626 67.656 15.498
v 630.283 66.885 10.972
v 605.626 67.656 15.498
v 630.272 67.948 15.515
v 630.272 67.948 15.515
v 605.626 67.656 15.498
v 605.651 68.209 19.79
v 630.272 67.948 15.515
v 605.651 68.209 19.79
v 630.256 68.739 19.787
v 630.256 68.739 19.787
v 605.651 68.209 19.79
v 605.695 68.507 24.093
v 630.256 68.739 19.787
v 605.695 68.507 24.093
v 630.272 69.018 24.075
v 642.872 68.234 19.808
v 655.668 66.33 15.505
v 642.886 67.441 15.535
v 642.886 67.441 15.535
v 655.668 66.33 15.505
v 655.701 65.016 10.974
v 642.886 67.441 15.535
v 655.701 65.016 10.974
v 642.866 66.357 10.977
v 642.866 66.357 10.977
v 655.701 65.016 10.974
v 655.665 64.188 8.816
v 642.866 66.357 10.977
v 655.665 64.188 8.816
v 630.244 66.056 8.813
v 630.244 66.056 8.813
v 655.665 64.188 8.816
v 630.243 65.52 7.742
v 630.244 66.056 8.813
v 630.243 65.52 7.742
v 605.631 64.984 7.742
v 605.631 64.984 7.742
v 630.243 65.52 7.742
v 605.638 64.187 6.408
v 681.344 58.835 6.407
v 681.092 57.776 5.077
v 668.247 59.914 5.075
v 681.353 59.644 7.749
v 681.344 58.835 6.407
v 668.497 61.239 6.404
v 668.497 61.239 6.404
v 681.344 58.835 6.407
v 668.247 59.914 5.075
v 668.497 61.239 6.404
v 668.247 59.914 5.075
v 655.422 62.332 5.886
v 655.422 62.332 5.886
v 668.247 59.914 5.075
v 655.435 61.806 5.09
v 655.422 62.332 5.886
v 655.435 61.806 5.09
v 630.246 63.381 5.068
v 681.338 60.168 8.811
v 681.353 59.644 7.749
v 668.519 62.056 7.752
v 668.519 62.056 7.752
v 681.353 59.644 7.749
v 668.497 61.239 6.404
v 668.519 62.056 7.752
v 668.497 61.239 6.404
v 655.697 62.872 6.424
v 655.697 62.872 6.424
v 668.497 61.239 6.404
v 655.422 62.332 5.886
v 655.697 62.872 6.424
v 655.422 62.332 5.886
v 630.241 63.913 5.868
v 630.241 63.913 5.868
v 655.422 62.332 5.886
v 630.246 63.381 5.068
v 630.241 63.913 5.868
v 630.246 63.381 5.068
v 605.956 63.152 5.363
v 668.529 63.401 10.968
v 681.338 60.168 8.811
v 668.568 62.626 8.847
v 668.568 62.626 8.847
v 681.338 60.168 8.811
v 668.519 62.056 7.752
v 668.568 62.626 8.847
v 668.519 62.056 7.752
v 655.653 63.644 7.74
v 655.653 63.644 7.74
v 668.519 62.056 7.752
v 655.697 62.872 6.424
v 655.653 63.644 7.74
v 655.697 62.872 6.424
v 630.241 64.448 6.404
v 630.241 64.448 6.404
v 655.697 62.872 6.424
v 630.241 63.913 5.868
v 630.241 64.448 6.404
v 630.241 63.913 5.868
v 605.676 63.679 5.892
v 605.676 63.679 5.892
v 630.241 63.913 5.868
v 605.956 63.152 5.363
v 605.676 63.679 5.892
v 605.956 63.152 5.363
v 558.018 60.708 5.337
v 681.099 56.443 4.278
v 667.963 57.762 3.462
v 668.245 58.842 4.271
v 668.245 58.842 4.271
v 667.963 57.762 3.462
v 655.444 59.405 3.489
v 668.245 58.842 4.271
v 655.444 59.405 3.489
v 655.451 60.48 4.295
v 655.451 60.48 4.295
v 655.444 59.405 3.489
v 630.303 61.014 3.492
v 655.451 60.48 4.295
v 630.303 61.014 3.492
v 630.275 62.332 4.28
v 630.275 62.332 4.28
v 630.303 61.014 3.492
v 605.906 60.71 3.465
v 630.275 62.332 4.28
v 605.906 60.71 3.465
v 605.95 61.81 4.29
v 667.963 57.762 3.462
v 655.39 58.297 3.194
v 655.444 59.405 3.489
v 655.444 59.405 3.489
v 655.39 58.297 3.194
v 630.282 60.196 3.214
v 655.444 59.405 3.489
v 630.282 60.196 3.214
v 630.303 61.014 3.492
v 630.303 61.014 3.492
v 630.282 60.196 3.214
v 605.901 59.636 3.195
v 630.303 61.014 3.492
v 605.901 59.636 3.195
v 605.906 60.71 3.465
v 655.668 66.33 15.505
v 668.529 63.401 10.968
v 655.701 65.016 10.974
v 655.701 65.016 10.974
v 668.529 63.401 10.968
v 668.568 62.626 8.847
v 655.701 65.016 10.974
v 668.568 62.626 8.847
v 655.665 64.188 8.816
v 655.665 64.188 8.816
v 668.568 62.626 8.847
v 655.653 63.644 7.74
v 655.665 64.188 8.816
v 655.653 63.644 7.74
v 630.243 65.52 7.742
v 630.243 65.52 7.742
v 655.653 63.644 7.74
v 630.241 64.448 6.404
v 630.243 65.52 7.742
v 630.241 64.448 6.404
v 605.638 64.187 6.408
v 605.638 64.187 6.408
v 630.241 64.448 6.404
v 605.676 63.679 5.892
v 605.638 64.187 6.408
v 605.676 63.679 5.892
v 558.011 61.238 5.869
v 558.011 61.238 5.869
v 605.676 63.679 5.892
v 558.018 60.708 5.337
v 681.092 57.776 5.077
v 668.245 58.842 4.271
v 668.247 59.914 5.075
v 668.247 59.914 5.075
v 668.245 58.842 4.271
v 655.451 60.48 4.295
v 668.247 59.914 5.075
v 655.451 60.48 4.295
v 655.435 61.806 5.09
v 655.435 61.806 5.09
v 655.451 60.48 4.295
v 630.275 62.332 4.28
v 655.435 61.806 5.09
v 630.275 62.332 4.28
v 630.246 63.381 5.068
v 630.246 63.381 5.068
v 630.275 62.332 4.28
v 605.95 61.81 4.29
v 630.246 63.381 5.068
v 605.95 61.81 4.29
v 605.956 63.152 5.363
v 605.956 63.152 5.363
v 605.95 61.81 4.29
v 558.034 60.184 4.81
v 605.956 63.152 5.363
v 558.034 60.184 4.81
v 558.018 60.708 5.337
v 655.135 54.828 2.13
v 654.913 51.382 1.618
v 630.245 56.425 2.125
v 630.245 56.425 2.125
v 654.913 51.382 1.618
v 630.551 52.975 1.609
v 630.245 56.425 2.125
v 630.551 52.975 1.609
v 606.225 56.198 2.154
v 559.084 50.539 1.322
v 606.225 56.198 2.154
v 606.447 52.688 1.596
v 606.447 52.688 1.596
v 606.225 56.198 2.154
v 630.551 52.975 1.609
v 606.447 52.688 1.596
v 630.551 52.975 1.609
v 630.509 49.735 1.321
v 630.509 49.735 1.321
v 630.551 52.975 1.609
v 654.918 47.908 1.353
v 630.509 49.735 1.321
v 654.918 47.908 1.353
v 654.639 44.69 1.615
v 558.552 54.019 2.126
v 558.605 55.929 2.688
v 605.901 59.636 3.195
v 605.901 59.636 3.195
v 558.605 55.929 2.688
v 558.306 57.512 3.475
v 605.901 59.636 3.195
v 558.306 57.512 3.475
v 605.906 60.71 3.465
v 605.906 60.71 3.465
v 558.306 57.512 3.475
v 558.338 58.605 3.758
v 605.906 60.71 3.465
v 558.338 58.605 3.758
v 605.95 61.81 4.29
v 605.95 61.81 4.29
v 558.338 58.605 3.758
v 558.012 59.634 4.531
v 605.95 61.81 4.29
v 558.012 59.634 4.531
v 558.034 60.184 4.81
v 557.534 66.094 24.089
v 605.695 68.507 24.093
v 557.536 65.828 19.809
v 557.536 65.828 19.809
v 605.695 68.507 24.093
v 605.651 68.209 19.79
v 557.536 65.828 19.809
v 605.651 68.209 19.79
v 557.538 65.294 15.53
v 557.538 65.294 15.53
v 605.651 68.209 19.79
v 605.626 67.656 15.498
v 557.538 65.294 15.53
v 605.626 67.656 15.498
v 557.791 63.947 11.243
v 557.791 63.947 11.243
v 605.626 67.656 15.498
v 605.679 66.356 11.244
v 557.791 63.947 11.243
v 605.679 66.356 11.244
v 557.744 63.111 9.079
v 557.744 63.111 9.079
v 605.679 66.356 11.244
v 605.698 65.566 8.845
v 557.744 63.111 9.079
v 605.698 65.566 8.845
v 557.771 62.595 7.755
v 557.771 62.595 7.755
v 605.698 65.566 8.845
v 605.631 64.984 7.742
v 557.771 62.595 7.755
v 605.631 64.984 7.742
v 557.773 62.329 7.221
v 557.773 62.329 7.221
v 605.631 64.984 7.742
v 605.638 64.187 6.408
v 557.773 62.329 7.221
v 605.638 64.187 6.408
v 557.792 61.807 6.695
v 557.792 61.807 6.695
v 605.638 64.187 6.408
v 558.011 61.238 5.869
v 418.138 53.775 5.621
v 417.854 54.566 6.415
v 464.145 56.446 6.153
v 464.145 56.446 6.153
v 417.854 54.566 6.415
v 464.179 57.005 6.437
v 464.145 56.446 6.153
v 464.376 56.153 5.599
v 418.138 53.775 5.621
v 418.138 53.775 5.621
v 464.376 56.153 5.599
v 464.378 55.619 5.333
v 418.138 53.775 5.621
v 464.378 55.619 5.333
v 418.105 52.949 5.069
v 418.105 52.949 5.069
v 464.378 55.619 5.333
v 464.646 54.55 4.531
v 418.105 52.949 5.069
v 464.646 54.55 4.531
v 418.39 52.159 4.543
v 418.39 52.159 4.543
v 464.646 54.55 4.531
v 464.67 53.764 4.007
v 418.39 52.159 4.543
v 464.67 53.764 4.007
v 464.975 51.918 3.224
v 464.975 51.918 3.224
v 464.67 53.764 4.007
v 511.265 55.669 3.763
v 464.975 51.918 3.224
v 511.265 55.669 3.763
v 511.503 53.776 2.946
v 464.142 57.514 6.954
v 464.179 57.005 6.437
v 371.881 52.722 7.238
v 371.881 52.722 7.238
v 464.179 57.005 6.437
v 417.854 54.566 6.415
v 371.881 52.722 7.238
v 417.854 54.566 6.415
v 371.869 52.446 6.697
v 371.869 52.446 6.697
v 417.854 54.566 6.415
v 418.138 53.775 5.621
v 371.869 52.446 6.697
v 418.138 53.775 5.621
v 372.107 51.623 6.147
v 372.107 51.623 6.147
v 418.138 53.775 5.621
v 418.105 52.949 5.069
v 372.107 51.623 6.147
v 418.105 52.949 5.069
v 372.124 50.297 5.085
v 372.124 50.297 5.085
v 418.105 52.949 5.069
v 418.39 52.159 4.543
v 372.124 50.297 5.085
v 418.39 52.159 4.543
v 418.698 50.315 3.493
v 418.698 50.315 3.493
v 418.39 52.159 4.543
v 464.975 51.918 3.224
v 418.698 50.315 3.493
v 464.975 51.918 3.224
v 465.237 50.041 2.418
v 465.237 50.041 2.418
v 464.975 51.918 3.224
v 511.503 53.776 2.946
v 465.237 50.041 2.418
v 511.503 53.776 2.946
v 511.793 51.919 2.154
v 655.39 58.297 3.194
v 655.135 54.828 2.13
v 630.282 60.196 3.214
v 630.282 60.196 3.214
v 655.135 54.828 2.13
v 630.245 56.425 2.125
v 630.282 60.196 3.214
v 630.245 56.425 2.125
v 605.901 59.636 3.195
v 605.901 59.636 3.195
v 630.245 56.425 2.125
v 606.225 56.198 2.154
v 605.901 59.636 3.195
v 606.225 56.198 2.154
v 558.552 54.019 2.126
v 558.552 54.019 2.126
v 606.225 56.198 2.154
v 559.084 50.539 1.322
v 558.552 54.019 2.126
v 559.084 50.539 1.322
v 512.045 48.43 1.344
v 512.045 48.43 1.344
v 559.084 50.539 1.322
v 559.093 48.673 1.327
v 512.045 48.43 1.344
v 559.093 48.673 1.327
v 465.742 44.134 1.066
v 465.473 46.273 1.332
v 465.241 48.171 1.885
v 511.743 50.279 1.862
v 465.241 48.171 1.885
v 418.907 46.261 1.859
v 418.673 48.425 2.411
v 418.673 48.425 2.411
v 418.907 46.261 1.859
v 372.395 46.554 2.679
v 418.673 48.425 2.411
v 372.395 46.554 2.679
v 372.415 48.441 3.76
v 372.415 48.441 3.76
v 372.395 46.554 2.679
v 326.09 46.537 4.005
v 372.415 48.441 3.76
v 326.09 46.537 4.005
v 326.141 48.446 5.368
v 326.141 48.446 5.368
v 326.09 46.537 4.005
v 279.86 46.573 5.635
v 326.141 48.446 5.368
v 279.86 46.573 5.635
v 325.817 49.209 5.875
v 325.817 49.209 5.875
v 279.86 46.573 5.635
v 279.824 47.35 6.42
v 465.241 48.171 1.885
v 465.473 46.273 1.332
v 418.907 46.261 1.859
v 418.907 46.261 1.859
v 465.473 46.273 1.332
v 372.887 42.244 1.053
v 418.907 46.261 1.859
v 372.887 42.244 1.053
v 372.666 44.416 1.878
v 372.666 44.416 1.878
v 372.887 42.244 1.053
v 280.127 40.419 1.89
v 372.666 44.416 1.878
v 280.127 40.419 1.89
v 326.355 44.663 2.666
v 326.355 44.663 2.666
v 280.127 40.419 1.89
v 279.816 42.796 2.938
v 326.355 44.663 2.666
v 279.816 42.796 2.938
v 279.81 44.665 4.273
v 279.81 44.665 4.273
v 279.816 42.796 2.938
v 186.703 38.505 2.93
v 279.81 44.665 4.273
v 186.703 38.505 2.93
v 186.754 40.681 4.561
v 186.754 40.681 4.561
v 186.703 38.505 2.93
v 0.519 28.881 2.935
v 186.754 40.681 4.561
v 0.519 28.881 2.935
v 0.23 31.006 4.262
v 0.295 33.994 6.969
v 0.234 34.487 8.276
v 186.468 43.878 8.297
v 186.468 43.878 8.297
v 0.234 34.487 8.276
v 186.49 44.429 8.843
v 186.468 43.878 8.297
v 186.49 44.429 8.843
v 232.975 46.257 8.276
v 232.975 46.257 8.276
v 186.49 44.429 8.843
v 279.594 48.714 8.044
v 232.975 46.257 8.276
v 279.594 48.714 8.044
v 233 46.007 7.753
v 233 46.007 7.753
v 279.594 48.714 8.044
v 279.583 48.171 7.503
v 233 46.007 7.753
v 279.583 48.171 7.503
v 233.288 45.753 7.228
v 233.288 45.753 7.228
v 279.583 48.171 7.503
v 279.592 47.643 6.973
v 233.288 45.753 7.228
v 279.592 47.643 6.973
v 279.824 47.35 6.42
v 279.824 47.35 6.42
v 279.592 47.643 6.973
v 325.854 49.769 6.696
v 279.824 47.35 6.42
v 325.854 49.769 6.696
v 325.817 49.209 5.875
v 325.817 49.209 5.875
v 325.854 49.769 6.696
v 372.107 51.623 6.147
v 325.817 49.209 5.875
v 372.107 51.623 6.147
v 326.141 48.446 5.368
v 326.141 48.446 5.368
v 372.107 51.623 6.147
v 372.124 50.297 5.085
v 326.141 48.446 5.368
v 372.124 50.297 5.085
v 372.415 48.441 3.76
v 372.415 48.441 3.76
v 372.124 50.297 5.085
v 418.698 50.315 3.493
v 372.415 48.441 3.76
v 418.698 50.315 3.493
v 418.673 48.425 2.411
v 418.673 48.425 2.411
v 418.698 50.315 3.493
v 465.237 50.041 2.418
v 418.673 48.425 2.411
v 465.237 50.041 2.418
v 465.241 48.171 1.885
v 465.241 48.171 1.885
v 465.237 50.041 2.418
v 511.793 51.919 2.154
v 465.241 48.171 1.885
v 511.793 51.919 2.154
v 511.743 50.279 1.862
v 692.579 47.866 2.126
v 704.364 41.188 1.598
v 692.089 44.687 1.613
v 692.089 44.687 1.613
v 704.364 41.188 1.598
v 703.613 38.014 1.357
v 692.089 44.687 1.613
v 703.613 38.014 1.357
v 691.57 41.488 1.354
v 691.57 41.488 1.354
v 703.613 38.014 1.357
v 702.738 34.753 1.588
v 691.57 41.488 1.354
v 702.738 34.753 1.588
v 690.98 37.973 1.594
v 680.868 55.399 3.494
v 680.543 54.288 3.197
v 667.96 56.689 3.193
v 667.96 56.689 3.193
v 680.543 54.288 3.197
v 680.282 50.815 2.13
v 667.96 56.689 3.193
v 680.282 50.815 2.13
v 667.749 52.984 2.151
v 667.749 52.984 2.151
v 680.282 50.815 2.13
v 679.75 47.34 1.597
v 667.749 52.984 2.151
v 679.75 47.34 1.597
v 667.447 49.749 1.599
v 667.447 49.749 1.599
v 679.75 47.34 1.597
v 679.213 44.128 1.329
v 667.447 49.749 1.599
v 679.213 44.128 1.329
v 666.925 46.28 1.337
v 666.925 46.28 1.337
v 679.213 44.128 1.329
v 678.941 40.915 1.594
v 666.925 46.28 1.337
v 678.941 40.915 1.594
v 666.694 43.096 1.623
v 680.543 54.288 3.197
v 692.579 47.866 2.126
v 680.282 50.815 2.13
v 680.282 50.815 2.13
v 692.579 47.866 2.126
v 692.089 44.687 1.613
v 680.282 50.815 2.13
v 692.089 44.687 1.613
v 679.75 47.34 1.597
v 679.75 47.34 1.597
v 692.089 44.687 1.613
v 691.57 41.488 1.354
v 679.75 47.34 1.597
v 691.57 41.488 1.354
v 679.213 44.128 1.329
v 679.213 44.128 1.329
v 691.57 41.488 1.354
v 690.98 37.973 1.594
v 679.213 44.128 1.329
v 690.98 37.973 1.594
v 678.941 40.915 1.594
v 681.099 56.443 4.278
v 680.868 55.399 3.494
v 667.963 57.762 3.462
v 667.963 57.762 3.462
v 680.868 55.399 3.494
v 667.96 56.689 3.193
v 667.963 57.762 3.462
v 667.96 56.689 3.193
v 655.39 58.297 3.194
v 655.39 58.297 3.194
v 667.96 56.689 3.193
v 667.749 52.984 2.151
v 655.39 58.297 3.194
v 667.749 52.984 2.151
v 655.135 54.828 2.13
v 655.135 54.828 2.13
v 667.749 52.984 2.151
v 667.447 49.749 1.599
v 655.135 54.828 2.13
v 667.447 49.749 1.599
v 654.913 51.382 1.618
v 654.913 51.382 1.618
v 667.447 49.749 1.599
v 666.925 46.28 1.337
v 654.913 51.382 1.618
v 666.925 46.28 1.337
v 654.918 47.908 1.353
v 654.918 47.908 1.353
v 666.925 46.28 1.337
v 666.694 43.096 1.623
v 654.918 47.908 1.353
v 666.694 43.096 1.623
v 654.639 44.69 1.615
v 724.162 19.788 3.204
v 725.255 23.281 2.145
v 735.11 14.958 3.194
v 735.11 14.958 3.194
v 725.255 23.281 2.145
v 736.722 18.173 2.127
v 735.11 14.958 3.194
v 736.722 18.173 2.127
v 746.093 9.619 3.202
v 746.093 9.619 3.202
v 736.722 18.173 2.127
v 747.737 12.855 2.151
v 746.093 9.619 3.202
v 745.873 8.849 3.493
v 734.877 14.18 3.479
v 746.093 9.619 3.202
v 734.877 14.18 3.479
v 735.11 14.958 3.194
v 735.11 14.958 3.194
v 734.877 14.18 3.479
v 723.669 19.014 3.492
v 735.11 14.958 3.194
v 723.669 19.014 3.492
v 724.162 19.788 3.204
v 744.765 6.682 5.346
v 744.538 6.175 5.901
v 722.536 16.028 5.869
v 715.596 33.963 1.329
v 726.6 26.497 1.614
v 714.811 30.764 1.605
v 714.811 30.764 1.605
v 726.6 26.497 1.614
v 725.255 23.281 2.145
v 714.811 30.764 1.605
v 725.255 23.281 2.145
v 713.745 27.557 2.142
v 713.745 27.557 2.142
v 725.255 23.281 2.145
v 724.162 19.788 3.204
v 713.745 27.557 2.142
v 724.162 19.788 3.204
v 712.648 24.061 3.199
v 712.648 24.061 3.199
v 724.162 19.788 3.204
v 723.669 19.014 3.492
v 712.648 24.061 3.199
v 723.669 19.014 3.492
v 700.878 27.004 3.466
v 701.988 31.312 2.149
v 701.2 27.845 3.227
v 690.202 34.779 2.142
v 690.202 34.779 2.142
v 701.2 27.845 3.227
v 689.657 31.027 3.207
v 690.202 34.779 2.142
v 689.657 31.027 3.207
v 678.441 37.462 2.146
v 678.441 37.462 2.146
v 689.657 31.027 3.207
v 677.923 33.996 3.225
v 678.441 37.462 2.146
v 677.923 33.996 3.225
v 654.627 41.203 2.144
v 702.738 34.753 1.588
v 701.988 31.312 2.149
v 690.98 37.973 1.594
v 690.98 37.973 1.594
v 701.988 31.312 2.149
v 690.202 34.779 2.142
v 690.98 37.973 1.594
v 690.202 34.779 2.142
v 678.941 40.915 1.594
v 678.941 40.915 1.594
v 690.202 34.779 2.142
v 678.441 37.462 2.146
v 678.941 40.915 1.594
v 678.441 37.462 2.146
v 666.694 43.096 1.623
v 666.694 43.096 1.623
v 678.441 37.462 2.146
v 654.627 41.203 2.144
v 666.694 43.096 1.623
v 654.627 41.203 2.144
v 654.639 44.69 1.615
v 654.639 44.69 1.615
v 654.627 41.203 2.144
v 630.529 46.272 1.598
v 654.639 44.69 1.615
v 630.529 46.272 1.598
v 630.509 49.735 1.321
v 630.509 49.735 1.321
v 630.529 46.272 1.598
v 606.502 49.249 1.356
v 630.509 49.735 1.321
v 606.502 49.249 1.356
v 606.447 52.688 1.596
v 606.447 52.688 1.596
v 606.502 49.249 1.356
v 559.382 46.815 1.337
v 606.447 52.688 1.596
v 559.382 46.815 1.337
v 559.093 48.673 1.327
v 559.093 48.673 1.327
v 559.382 46.815 1.337
v 465.718 42.245 1.053
v 559.093 48.673 1.327
v 465.718 42.245 1.053
v 465.742 44.134 1.066
v 465.742 44.134 1.066
v 465.718 42.245 1.053
v 373.165 37.703 0.523
v 607.003 38.792 3.211
v 606.974 42.516 2.126
v 630.826 39.337 3.218
v 630.826 39.337 3.218
v 606.974 42.516 2.126
v 630.581 42.83 2.159
v 630.826 39.337 3.218
v 630.581 42.83 2.159
v 654.324 37.701 3.196
v 745.319 7.765 4.286
v 744.765 6.682 5.346
v 734.363 13.125 4.292
v 734.363 13.125 4.292
v 744.765 6.682 5.346
v 722.833 16.584 5.081
v 734.363 13.125 4.292
v 722.833 16.584 5.081
v 723.366 17.92 4.278
v 723.366 17.92 4.278
v 722.833 16.584 5.081
v 700.332 24.588 5.066
v 723.366 17.92 4.278
v 700.332 24.588 5.066
v 700.626 25.945 4.277
v 700.626 25.945 4.277
v 700.332 24.588 5.066
v 677.358 30.497 5.083
v 700.626 25.945 4.277
v 677.358 30.497 5.083
v 677.62 31.83 4.277
v 677.62 31.83 4.277
v 677.358 30.497 5.083
v 654.102 34.255 5.092
v 677.62 31.83 4.277
v 654.102 34.255 5.092
v 654.339 35.571 4.274
v 654.339 35.571 4.274
v 654.102 34.255 5.092
v 630.795 35.837 5.075
v 654.339 35.571 4.274
v 630.795 35.837 5.075
v 630.784 37.167 4.267
v 630.784 37.167 4.267
v 630.795 35.837 5.075
v 607.265 35.578 5.349
v 630.784 37.167 4.267
v 607.265 35.578 5.349
v 607.235 36.626 4.263
v 607.235 36.626 4.263
v 607.265 35.578 5.349
v 560.479 33.191 5.364
v 607.235 36.626 4.263
v 560.479 33.191 5.364
v 560.437 33.697 4.808
v 745.873 8.849 3.493
v 734.363 13.125 4.292
v 734.877 14.18 3.479
v 734.877 14.18 3.479
v 734.363 13.125 4.292
v 723.366 17.92 4.278
v 734.877 14.18 3.479
v 723.366 17.92 4.278
v 723.669 19.014 3.492
v 723.669 19.014 3.492
v 723.366 17.92 4.278
v 700.626 25.945 4.277
v 723.669 19.014 3.492
v 700.626 25.945 4.277
v 700.878 27.004 3.466
v 700.878 27.004 3.466
v 700.626 25.945 4.277
v 677.62 31.83 4.277
v 700.878 27.004 3.466
v 677.62 31.83 4.277
v 677.874 32.891 3.468
v 677.874 32.891 3.468
v 677.62 31.83 4.277
v 654.339 35.571 4.274
v 677.874 32.891 3.468
v 654.339 35.571 4.274
v 654.388 36.675 3.496
v 654.388 36.675 3.496
v 654.339 35.571 4.274
v 630.784 37.167 4.267
v 654.388 36.675 3.496
v 630.784 37.167 4.267
v 630.838 38.275 3.492
v 630.838 38.275 3.492
v 630.784 37.167 4.267
v 607.235 36.626 4.263
v 630.838 38.275 3.492
v 607.235 36.626 4.263
v 607.245 37.971 3.466
v 607.245 37.971 3.466
v 607.235 36.626 4.263
v 560.456 34.245 4.55
v 607.245 37.971 3.466
v 560.456 34.245 4.55
v 560.426 35.294 3.732
v 607.003 38.792 3.211
v 560.185 36.383 3.478
v 559.92 37.989 2.676
v 744.255 5.63 6.429
v 743.677 5.064 7.745
v 722.316 14.991 7.765
v 722.316 14.991 7.765
v 743.677 5.064 7.745
v 722.061 14.465 8.841
v 722.316 14.991 7.765
v 722.061 14.465 8.841
v 699.816 22.195 8.821
v 699.816 22.195 8.821
v 722.061 14.465 8.841
v 699.575 21.41 10.974
v 699.319 20.081 15.528
v 676.834 25.957 15.522
v 677.082 27.28 10.964
v 743.677 5.064 7.745
v 743.452 4.559 8.836
v 722.061 14.465 8.841
v 722.061 14.465 8.841
v 743.452 4.559 8.836
v 721.783 13.655 11.244
v 722.061 14.465 8.841
v 721.783 13.655 11.244
v 699.575 21.41 10.974
v 699.575 21.41 10.974
v 721.783 13.655 11.244
v 721.224 12.301 15.512
v 742.628 2.672 15.514
v 742.384 2.153 19.806
v 731.695 7.244 19.812
v 731.695 7.244 19.812
v 742.384 2.153 19.806
v 742.117 1.886 24.086
v 731.695 7.244 19.812
v 742.117 1.886 24.086
v 731.649 6.944 24.069
v 743.452 4.559 8.836
v 743.176 3.751 11.24
v 721.783 13.655 11.244
v 721.783 13.655 11.244
v 743.176 3.751 11.24
v 742.628 2.672 15.514
v 721.783 13.655 11.244
v 742.628 2.672 15.514
v 721.224 12.301 15.512
v 721.224 12.301 15.512
v 742.628 2.672 15.514
v 731.695 7.244 19.812
v 721.224 12.301 15.512
v 731.695 7.244 19.812
v 720.933 11.749 19.781
v 720.933 11.749 19.781
v 731.695 7.244 19.812
v 731.649 6.944 24.069
v 731.649 6.944 24.069
v 720.98 11.514 24.085
v 720.933 11.749 19.781
v 720.933 11.749 19.781
v 720.98 11.514 24.085
v 710.3 15.81 19.815
v 720.933 11.749 19.781
v 710.3 15.81 19.815
v 721.224 12.301 15.512
v 721.224 12.301 15.512
v 710.3 15.81 19.815
v 699.319 20.081 15.528
v 721.224 12.301 15.512
v 699.319 20.081 15.528
v 699.575 21.41 10.974
v 699.575 21.41 10.974
v 699.319 20.081 15.528
v 677.082 27.28 10.964
v 699.575 21.41 10.974
v 677.082 27.28 10.964
v 699.816 22.195 8.821
v 676.815 24.873 24.072
v 676.831 25.152 19.8
v 688.044 22.461 24.069
v 688.044 22.461 24.069
v 676.831 25.152 19.8
v 688.09 22.493 19.812
v 630.826 34.788 6.428
v 654.094 33.179 6.425
v 630.816 33.979 7.761
v 630.816 33.979 7.761
v 654.094 33.179 6.425
v 654.051 32.346 7.741
v 630.816 33.979 7.761
v 654.051 32.346 7.741
v 630.812 33.442 8.829
v 607.301 34.533 6.437
v 630.826 34.788 6.428
v 607.255 33.698 7.751
v 607.255 33.698 7.751
v 630.826 34.788 6.428
v 630.816 33.979 7.761
v 607.255 33.698 7.751
v 630.816 33.979 7.761
v 607.515 33.158 8.818
v 607.515 33.158 8.818
v 630.816 33.979 7.761
v 630.812 33.442 8.829
v 607.515 33.158 8.818
v 630.812 33.442 8.829
v 607.529 32.097 11.232
v 630.835 31.317 15.529
v 607.529 32.097 11.232
v 630.776 32.613 10.951
v 630.776 32.613 10.951
v 607.529 32.097 11.232
v 630.812 33.442 8.829
v 630.776 32.613 10.951
v 630.812 33.442 8.829
v 654.119 31.859 8.846
v 654.119 31.859 8.846
v 630.812 33.442 8.829
v 654.051 32.346 7.741
v 654.119 31.859 8.846
v 654.051 32.346 7.741
v 677.124 28.648 7.775
v 677.124 28.648 7.775
v 654.051 32.346 7.741
v 677.373 29.437 6.428
v 677.124 28.648 7.775
v 677.373 29.437 6.428
v 700.1 23.543 6.422
v 654.07 29.685 15.509
v 654.112 28.912 19.81
v 642.295 29.949 19.787
v 642.295 29.949 19.787
v 654.112 28.912 19.81
v 653.811 28.621 24.074
v 642.295 29.949 19.787
v 653.811 28.621 24.074
v 642.321 29.7 24.08
v 642.321 29.7 24.08
v 630.793 30.753 19.788
v 642.295 29.949 19.787
v 642.295 29.949 19.787
v 630.793 30.753 19.788
v 630.835 31.317 15.529
v 642.295 29.949 19.787
v 630.835 31.317 15.529
v 654.07 29.685 15.509
v 654.07 29.685 15.509
v 630.835 31.317 15.529
v 630.776 32.613 10.951
v 654.07 29.685 15.509
v 630.776 32.613 10.951
v 654.089 31.035 10.971
v 654.089 31.035 10.971
v 630.776 32.613 10.951
v 654.119 31.859 8.846
v 654.089 31.035 10.971
v 654.119 31.859 8.846
v 677.087 28.086 8.826
v 677.087 28.086 8.826
v 654.119 31.859 8.846
v 677.124 28.648 7.775
v 677.087 28.086 8.826
v 677.124 28.648 7.775
v 699.836 22.743 7.761
v 699.836 22.743 7.761
v 677.124 28.648 7.775
v 700.1 23.543 6.422
v 699.836 22.743 7.761
v 700.1 23.543 6.422
v 722.576 15.521 6.424
v 744.538 6.175 5.901
v 744.255 5.63 6.429
v 722.576 15.521 6.424
v 722.576 15.521 6.424
v 744.255 5.63 6.429
v 722.316 14.991 7.765
v 722.576 15.521 6.424
v 722.316 14.991 7.765
v 699.836 22.743 7.761
v 699.836 22.743 7.761
v 722.316 14.991 7.765
v 699.816 22.195 8.821
v 699.836 22.743 7.761
v 699.816 22.195 8.821
v 677.087 28.086 8.826
v 677.087 28.086 8.826
v 699.816 22.195 8.821
v 677.082 27.28 10.964
v 677.087 28.086 8.826
v 677.082 27.28 10.964
v 654.089 31.035 10.971
v 654.089 31.035 10.971
v 677.082 27.28 10.964
v 676.834 25.957 15.522
v 654.089 31.035 10.971
v 676.834 25.957 15.522
v 654.07 29.685 15.509
v 654.07 29.685 15.509
v 676.834 25.957 15.522
v 665.292 27.267 19.782
v 654.07 29.685 15.509
v 665.292 27.267 19.782
v 654.112 28.912 19.81
v 654.112 28.912 19.81
v 665.292 27.267 19.782
v 665.287 26.996 24.06
v 654.112 28.912 19.81
v 665.287 26.996 24.06
v 653.811 28.621 24.074
v 744.765 6.682 5.346
v 722.536 16.028 5.869
v 722.833 16.584 5.081
v 722.833 16.584 5.081
v 722.536 16.028 5.869
v 700.359 24.072 5.882
v 722.833 16.584 5.081
v 700.359 24.072 5.882
v 700.332 24.588 5.066
v 700.332 24.588 5.066
v 700.359 24.072 5.882
v 677.363 29.965 5.888
v 700.332 24.588 5.066
v 677.363 29.965 5.888
v 677.358 30.497 5.083
v 677.358 30.497 5.083
v 677.363 29.965 5.888
v 654.067 33.695 5.877
v 677.358 30.497 5.083
v 654.067 33.695 5.877
v 654.102 34.255 5.092
v 654.102 34.255 5.092
v 654.067 33.695 5.877
v 630.841 35.334 5.901
v 654.102 34.255 5.092
v 630.841 35.334 5.901
v 630.795 35.837 5.075
v 630.795 35.837 5.075
v 630.841 35.334 5.901
v 607.245 35.029 5.874
v 630.795 35.837 5.075
v 607.245 35.029 5.874
v 607.265 35.578 5.349
v 607.265 35.578 5.349
v 607.245 35.029 5.874
v 560.723 32.372 5.887
v 607.265 35.578 5.349
v 560.723 32.372 5.887
v 560.479 33.191 5.364
v 744.538 6.175 5.901
v 722.576 15.521 6.424
v 722.536 16.028 5.869
v 722.536 16.028 5.869
v 722.576 15.521 6.424
v 700.1 23.543 6.422
v 722.536 16.028 5.869
v 700.1 23.543 6.422
v 700.359 24.072 5.882
v 700.359 24.072 5.882
v 700.1 23.543 6.422
v 677.373 29.437 6.428
v 700.359 24.072 5.882
v 677.373 29.437 6.428
v 677.363 29.965 5.888
v 677.363 29.965 5.888
v 677.373 29.437 6.428
v 654.094 33.179 6.425
v 677.363 29.965 5.888
v 654.094 33.179 6.425
v 654.067 33.695 5.877
v 654.067 33.695 5.877
v 654.094 33.179 6.425
v 630.826 34.788 6.428
v 654.067 33.695 5.877
v 630.826 34.788 6.428
v 630.841 35.334 5.901
v 630.841 35.334 5.901
v 630.826 34.788 6.428
v 607.301 34.533 6.437
v 630.841 35.334 5.901
v 607.301 34.533 6.437
v 607.245 35.029 5.874
v 607.245 35.029 5.874
v 607.301 34.533 6.437
v 560.742 32.117 6.699
v 607.245 35.029 5.874
v 560.742 32.117 6.699
v 560.723 32.372 5.887
v 512.867 40.954 1.354
v 559.673 43.354 1.349
v 512.848 39.068 1.88
v 512.848 39.068 1.88
v 559.673 43.354 1.349
v 559.88 39.834 2.122
v 607.003 38.792 3.211
v 559.92 37.989 2.676
v 606.974 42.516 2.126
v 606.974 42.516 2.126
v 559.92 37.989 2.676
v 559.88 39.834 2.122
v 606.974 42.516 2.126
v 559.88 39.834 2.122
v 606.736 46.015 1.607
v 606.736 46.015 1.607
v 559.88 39.834 2.122
v 559.673 43.354 1.349
v 606.736 46.015 1.607
v 559.673 43.354 1.349
v 559.374 45.205 1.334
v 559.374 45.205 1.334
v 559.673 43.354 1.349
v 512.867 40.954 1.354
v 559.374 45.205 1.334
v 512.867 40.954 1.354
v 466.035 40.14 1.079
v 677.923 33.996 3.225
v 654.324 37.701 3.196
v 654.627 41.203 2.144
v 654.627 41.203 2.144
v 654.324 37.701 3.196
v 630.581 42.83 2.159
v 654.627 41.203 2.144
v 630.581 42.83 2.159
v 630.529 46.272 1.598
v 630.529 46.272 1.598
v 630.581 42.83 2.159
v 606.736 46.015 1.607
v 630.529 46.272 1.598
v 606.736 46.015 1.607
v 606.502 49.249 1.356
v 606.502 49.249 1.356
v 606.736 46.015 1.607
v 559.374 45.205 1.334
v 606.502 49.249 1.356
v 559.374 45.205 1.334
v 559.382 46.815 1.337
v 559.382 46.815 1.337
v 559.374 45.205 1.334
v 466.035 40.14 1.079
v 559.382 46.815 1.337
v 466.035 40.14 1.079
v 465.718 42.245 1.053
v 465.718 42.245 1.053
v 466.035 40.14 1.079
v 373.173 35.301 0.795
v 465.718 42.245 1.053
v 373.173 35.301 0.795
v 373.165 37.703 0.523
v 373.165 37.703 0.523
v 373.173 35.301 0.795
v 187.535 25.684 0.537
v 1.319 9.083 2.933
v 1.31 11.217 1.859
v 187.795 20.329 1.871
v 187.795 20.329 1.871
v 1.31 11.217 1.859
v 187.512 22.994 1.061
v 187.795 20.329 1.871
v 187.512 22.994 1.061
v 280.879 25.403 1.864
v 280.879 25.403 1.864
v 187.512 22.994 1.061
v 280.651 27.838 1.082
v 280.879 25.403 1.864
v 280.651 27.838 1.082
v 373.476 30.778 1.882
v 373.476 30.778 1.882
v 280.651 27.838 1.082
v 373.46 32.907 1.071
v 373.476 30.778 1.882
v 373.46 32.907 1.071
v 420.035 33.461 1.888
v 420.035 33.461 1.888
v 373.46 32.907 1.071
v 466.274 38.247 1.332
v 420.035 33.461 1.888
v 466.274 38.247 1.332
v 466.294 36.388 1.877
v 704.364 41.188 1.598
v 715.596 33.963 1.329
v 703.613 38.014 1.357
v 703.613 38.014 1.357
v 715.596 33.963 1.329
v 714.811 30.764 1.605
v 703.613 38.014 1.357
v 714.811 30.764 1.605
v 702.738 34.753 1.588
v 702.738 34.753 1.588
v 714.811 30.764 1.605
v 713.745 27.557 2.142
v 702.738 34.753 1.588
v 713.745 27.557 2.142
v 701.988 31.312 2.149
v 701.988 31.312 2.149
v 713.745 27.557 2.142
v 712.648 24.061 3.199
v 701.988 31.312 2.149
v 712.648 24.061 3.199
v 701.2 27.845 3.227
v 701.2 27.845 3.227
v 712.648 24.061 3.199
v 700.878 27.004 3.466
v 701.2 27.845 3.227
v 700.878 27.004 3.466
v 689.657 31.027 3.207
v 689.657 31.027 3.207
v 700.878 27.004 3.466
v 677.874 32.891 3.468
v 689.657 31.027 3.207
v 677.874 32.891 3.468
v 677.923 33.996 3.225
v 677.923 33.996 3.225
v 677.874 32.891 3.468
v 654.388 36.675 3.496
v 677.923 33.996 3.225
v 654.388 36.675 3.496
v 654.324 37.701 3.196
v 654.324 37.701 3.196
v 654.388 36.675 3.496
v 630.838 38.275 3.492
v 654.324 37.701 3.196
v 630.838 38.275 3.492
v 630.826 39.337 3.218
v 630.826 39.337 3.218
v 630.838 38.275 3.492
v 607.245 37.971 3.466
v 630.826 39.337 3.218
v 607.245 37.971 3.466
v 607.003 38.792 3.211
v 607.003 38.792 3.211
v 607.245 37.971 3.466
v 560.426 35.294 3.732
v 607.003 38.792 3.211
v 560.426 35.294 3.732
v 560.185 36.383 3.478
v 560.185 36.383 3.478
v 560.426 35.294 3.732
v 513.65 33.449 3.752
v 560.185 36.383 3.478
v 513.65 33.449 3.752
v 559.92 37.989 2.676
v 559.92 37.989 2.676
v 513.65 33.449 3.752
v 513.363 35.308 2.939
v 559.92 37.989 2.676
v 513.363 35.308 2.939
v 559.88 39.834 2.122
v 559.88 39.834 2.122
v 513.363 35.308 2.939
v 513.084 37.172 2.131
v 559.88 39.834 2.122
v 513.084 37.172 2.131
v 512.848 39.068 1.88
v 466.517 34.485 2.39
v 466.824 32.639 3.212
v 419.998 31.563 2.404
v 419.998 31.563 2.404
v 466.824 32.639 3.212
v 420.254 29.682 3.468
v 419.998 31.563 2.404
v 420.254 29.682 3.468
v 373.74 28.636 2.683
v 420.77 26.191 5.599
v 467.357 28.892 5.351
v 467.386 28.378 5.633
v 373.996 26.755 3.747
v 420.541 27.823 4.548
v 373.967 24.862 5.071
v 373.967 24.862 5.071
v 420.541 27.823 4.548
v 374.262 23.543 6.154
v 373.967 24.862 5.071
v 374.262 23.543 6.154
v 327.74 21.422 5.9
v 420.541 27.823 4.548
v 420.571 27.041 5.098
v 374.262 23.543 6.154
v 374.262 23.543 6.154
v 420.571 27.041 5.098
v 420.77 26.191 5.599
v 374.262 23.543 6.154
v 420.77 26.191 5.599
v 420.793 25.404 6.413
v 420.793 25.404 6.413
v 420.77 26.191 5.599
v 467.386 28.378 5.633
v 420.793 25.404 6.413
v 467.386 28.378 5.633
v 467.339 28.078 6.144
v 467.357 28.892 5.351
v 420.77 26.191 5.599
v 467.116 29.714 4.561
v 467.116 29.714 4.561
v 420.77 26.191 5.599
v 420.571 27.041 5.098
v 467.116 29.714 4.561
v 420.571 27.041 5.098
v 467.122 30.788 4.03
v 467.122 30.788 4.03
v 420.571 27.041 5.098
v 420.541 27.823 4.548
v 467.122 30.788 4.03
v 420.541 27.823 4.548
v 420.254 29.682 3.468
v 420.254 29.682 3.468
v 420.541 27.823 4.548
v 373.996 26.755 3.747
v 420.254 29.682 3.468
v 373.996 26.755 3.747
v 373.74 28.636 2.683
v 466.294 36.388 1.877
v 466.517 34.485 2.39
v 420.035 33.461 1.888
v 420.035 33.461 1.888
v 466.517 34.485 2.39
v 419.998 31.563 2.404
v 420.035 33.461 1.888
v 419.998 31.563 2.404
v 373.476 30.778 1.882
v 373.476 30.778 1.882
v 419.998 31.563 2.404
v 373.74 28.636 2.683
v 373.476 30.778 1.882
v 373.74 28.636 2.683
v 327.467 25.966 2.687
v 327.467 25.966 2.687
v 373.74 28.636 2.683
v 373.996 26.755 3.747
v 327.467 25.966 2.687
v 373.996 26.755 3.747
v 327.416 23.79 3.999
v 327.416 23.79 3.999
v 373.996 26.755 3.747
v 373.967 24.862 5.071
v 327.416 23.79 3.999
v 373.967 24.862 5.071
v 327.722 22.212 5.356
v 327.722 22.212 5.356
v 373.967 24.862 5.071
v 327.74 21.422 5.9
v 327.722 22.212 5.356
v 327.74 21.422 5.9
v 281.131 18.704 6.405
v 699.32 19.547 19.809
v 710.251 15.508 24.071
v 699.271 19.245 24.065
v 699.271 19.245 24.065
v 710.251 15.508 24.071
v 720.936 11.751 28.343
v 720.936 11.751 28.343
v 742.384 2.153 28.366
v 721.237 12.31 32.64
v 721.237 12.31 32.64
v 742.384 2.153 28.366
v 742.667 2.699 32.654
v 721.237 12.31 32.64
v 742.667 2.699 32.654
v 721.761 13.64 36.915
v 721.761 13.64 36.915
v 699.545 21.389 36.909
v 721.237 12.31 32.64
v 721.237 12.31 32.64
v 699.545 21.389 36.909
v 699.281 20.054 32.63
v 721.237 12.31 32.64
v 699.281 20.054 32.63
v 720.936 11.751 28.343
v 720.936 11.751 28.343
v 699.281 20.054 32.63
v 699.281 19.519 28.35
v 720.936 11.751 28.343
v 699.281 19.519 28.35
v 699.271 19.245 24.065
v 676.815 25.141 28.353
v 676.815 24.873 24.072
v 699.281 19.519 28.35
v 699.281 19.519 28.35
v 676.815 24.873 24.072
v 688.044 22.461 24.069
v 699.281 19.519 28.35
v 688.044 22.461 24.069
v 699.271 19.245 24.065
v 699.271 19.245 24.065
v 688.044 22.461 24.069
v 688.09 22.493 19.812
v 699.271 19.245 24.065
v 688.09 22.493 19.812
v 699.32 19.547 19.809
v 676.815 25.141 28.353
v 699.281 19.519 28.35
v 676.805 25.937 32.628
v 676.805 25.937 32.628
v 699.281 19.519 28.35
v 699.281 20.054 32.63
v 676.805 25.937 32.628
v 699.281 20.054 32.63
v 677.096 27.291 36.92
v 677.096 27.291 36.92
v 699.281 20.054 32.63
v 699.545 21.389 36.909
v 677.096 27.291 36.92
v 699.545 21.389 36.909
v 677.091 28.09 39.058
v 677.091 28.09 39.058
v 699.545 21.389 36.909
v 699.854 22.221 39.07
v 677.091 28.09 39.058
v 699.854 22.221 39.07
v 677.072 28.611 40.386
v 744.206 5.595 41.449
v 744.797 6.705 42.815
v 733.811 12.043 42.806
v 700.614 25.937 43.864
v 722.83 16.581 42.8
v 723.373 17.925 43.874
v 723.373 17.925 43.874
v 722.83 16.581 42.8
v 733.811 12.043 42.806
v 723.373 17.925 43.874
v 733.811 12.043 42.806
v 734.319 13.094 43.863
v 734.319 13.094 43.863
v 733.811 12.043 42.806
v 744.797 6.705 42.815
v 734.319 13.094 43.863
v 744.797 6.705 42.815
v 745.292 7.747 43.865
v 734.872 14.176 44.407
v 745.808 8.804 44.391
v 735.18 15.007 44.962
v 735.18 15.007 44.962
v 745.808 8.804 44.391
v 746.116 9.634 44.946
v 735.18 15.007 44.962
v 746.116 9.634 44.946
v 747.68 12.816 45.995
v 723.646 18.998 44.411
v 734.872 14.176 44.407
v 724.158 19.785 44.935
v 724.158 19.785 44.935
v 734.872 14.176 44.407
v 735.18 15.007 44.962
v 724.158 19.785 44.935
v 735.18 15.007 44.962
v 736.783 18.216 46.031
v 736.783 18.216 46.031
v 735.18 15.007 44.962
v 747.68 12.816 45.995
v 736.783 18.216 46.031
v 747.68 12.816 45.995
v 749.322 16.052 46.549
v 700.902 27.021 44.677
v 723.646 18.998 44.411
v 712.65 24.062 44.933
v 712.65 24.062 44.933
v 723.646 18.998 44.411
v 724.158 19.785 44.935
v 712.65 24.062 44.933
v 724.158 19.785 44.935
v 725.231 23.265 46.007
v 725.231 23.265 46.007
v 724.158 19.785 44.935
v 736.783 18.216 46.031
v 725.231 23.265 46.007
v 736.783 18.216 46.031
v 738.103 21.414 46.557
v 738.103 21.414 46.557
v 736.783 18.216 46.031
v 749.322 16.052 46.549
v 738.103 21.414 46.557
v 749.322 16.052 46.549
v 750.893 18.97 46.799
v 677.878 32.894 44.668
v 700.614 25.937 43.864
v 700.902 27.021 44.677
v 700.902 27.021 44.677
v 700.614 25.937 43.864
v 723.373 17.925 43.874
v 700.902 27.021 44.677
v 723.373 17.925 43.874
v 723.646 18.998 44.411
v 723.646 18.998 44.411
v 723.373 17.925 43.874
v 734.319 13.094 43.863
v 723.646 18.998 44.411
v 734.319 13.094 43.863
v 734.872 14.176 44.407
v 734.872 14.176 44.407
v 734.319 13.094 43.863
v 745.292 7.747 43.865
v 734.872 14.176 44.407
v 745.292 7.747 43.865
v 745.808 8.804 44.391
v 654.105 28.907 28.368
v 676.815 25.141 28.353
v 654.046 29.668 32.618
v 654.046 29.668 32.618
v 676.815 25.141 28.353
v 676.805 25.937 32.628
v 654.046 29.668 32.618
v 676.805 25.937 32.628
v 654.05 31.008 36.901
v 654.05 31.008 36.901
v 676.805 25.937 32.628
v 677.096 27.291 36.92
v 654.05 31.008 36.901
v 677.096 27.291 36.92
v 654.065 31.822 39.048
v 654.065 31.822 39.048
v 677.096 27.291 36.92
v 677.091 28.09 39.058
v 654.065 31.822 39.048
v 677.091 28.09 39.058
v 654.082 32.368 40.394
v 654.082 32.368 40.394
v 677.091 28.09 39.058
v 677.072 28.611 40.386
v 654.082 32.368 40.394
v 677.072 28.611 40.386
v 654.053 33.151 41.718
v 742.117 1.886 24.086
v 742.384 2.153 28.366
v 731.649 6.944 24.069
v 731.649 6.944 24.069
v 742.384 2.153 28.366
v 720.936 11.751 28.343
v 731.649 6.944 24.069
v 720.936 11.751 28.343
v 720.98 11.514 24.085
v 720.98 11.514 24.085
v 720.936 11.751 28.343
v 710.251 15.508 24.071
v 720.98 11.514 24.085
v 710.251 15.508 24.071
v 710.3 15.81 19.815
v 710.3 15.81 19.815
v 710.251 15.508 24.071
v 699.32 19.547 19.809
v 710.3 15.81 19.815
v 699.32 19.547 19.809
v 699.319 20.081 15.528
v 699.319 20.081 15.528
v 699.32 19.547 19.809
v 688.09 22.493 19.812
v 699.319 20.081 15.528
v 688.09 22.493 19.812
v 676.834 25.957 15.522
v 676.834 25.957 15.522
v 688.09 22.493 19.812
v 676.831 25.152 19.8
v 676.834 25.957 15.522
v 676.831 25.152 19.8
v 665.292 27.267 19.782
v 665.292 27.267 19.782
v 676.831 25.152 19.8
v 676.815 24.873 24.072
v 665.292 27.267 19.782
v 676.815 24.873 24.072
v 665.287 26.996 24.06
v 665.287 26.996 24.06
v 676.815 24.873 24.072
v 676.815 25.141 28.353
v 665.287 26.996 24.06
v 676.815 25.141 28.353
v 653.811 28.621 24.074
v 653.811 28.621 24.074
v 676.815 25.141 28.353
v 654.105 28.907 28.368
v 653.811 28.621 24.074
v 654.105 28.907 28.368
v 642.321 29.7 24.08
v 642.321 29.7 24.08
v 654.105 28.907 28.368
v 630.796 30.487 24.07
v 642.321 29.7 24.08
v 630.796 30.487 24.07
v 630.793 30.753 19.788
v 630.793 30.753 19.788
v 630.796 30.487 24.07
v 619.319 30.773 19.803
v 630.793 30.753 19.788
v 619.319 30.773 19.803
v 630.835 31.317 15.529
v 630.835 31.317 15.529
v 619.319 30.773 19.803
v 607.564 31.052 15.53
v 630.835 31.317 15.529
v 607.564 31.052 15.53
v 607.529 32.097 11.232
v 607.552 30.241 19.804
v 619.334 30.516 24.09
v 607.56 29.979 24.089
v 607.56 29.979 24.089
v 619.334 30.516 24.09
v 630.807 30.762 28.355
v 607.56 29.979 24.089
v 630.807 30.762 28.355
v 607.549 30.239 28.364
v 654.053 33.151 41.718
v 630.813 34.78 41.735
v 654.082 32.368 40.394
v 654.082 32.368 40.394
v 630.813 34.78 41.735
v 630.81 33.975 40.395
v 654.082 32.368 40.394
v 630.81 33.975 40.395
v 654.065 31.822 39.048
v 654.065 31.822 39.048
v 630.81 33.975 40.395
v 630.774 33.414 39.04
v 654.065 31.822 39.048
v 630.774 33.414 39.04
v 654.05 31.008 36.901
v 654.05 31.008 36.901
v 630.774 33.414 39.04
v 630.78 32.616 36.902
v 654.05 31.008 36.901
v 630.78 32.616 36.902
v 654.046 29.668 32.618
v 654.046 29.668 32.618
v 630.78 32.616 36.902
v 630.805 31.296 32.635
v 654.046 29.668 32.618
v 630.805 31.296 32.635
v 654.105 28.907 28.368
v 654.105 28.907 28.368
v 630.805 31.296 32.635
v 630.807 30.762 28.355
v 654.105 28.907 28.368
v 630.807 30.762 28.355
v 630.796 30.487 24.07
v 630.796 30.487 24.07
v 630.807 30.762 28.355
v 619.334 30.516 24.09
v 630.796 30.487 24.07
v 619.334 30.516 24.09
v 619.319 30.773 19.803
v 619.319 30.773 19.803
v 619.334 30.516 24.09
v 607.552 30.241 19.804
v 619.319 30.773 19.803
v 607.552 30.241 19.804
v 607.564 31.052 15.53
v 607.549 30.239 28.364
v 630.807 30.762 28.355
v 607.563 31.051 32.651
v 607.563 31.051 32.651
v 630.807 30.762 28.355
v 630.805 31.296 32.635
v 607.563 31.051 32.651
v 630.805 31.296 32.635
v 607.569 32.125 36.934
v 607.569 32.125 36.934
v 630.805 31.296 32.635
v 630.78 32.616 36.902
v 607.569 32.125 36.934
v 630.78 32.616 36.902
v 607.515 33.158 39.047
v 607.515 33.158 39.047
v 630.78 32.616 36.902
v 630.774 33.414 39.04
v 607.515 33.158 39.047
v 630.774 33.414 39.04
v 607.275 33.712 40.399
v 607.275 33.712 40.399
v 630.774 33.414 39.04
v 630.81 33.975 40.395
v 607.275 33.712 40.399
v 630.81 33.975 40.395
v 607.234 34.486 41.448
v 607.234 34.486 41.448
v 630.81 33.975 40.395
v 630.813 34.78 41.735
v 607.234 34.486 41.448
v 630.813 34.78 41.735
v 607.244 35.028 42.256
v 607.244 35.028 42.256
v 630.813 34.78 41.735
v 630.807 35.31 42.267
v 607.244 35.028 42.256
v 630.807 35.31 42.267
v 607.258 35.573 42.798
v 722.283 14.968 40.386
v 722.545 15.499 41.721
v 700.071 23.523 41.72
v 700.071 23.523 41.72
v 722.545 15.499 41.721
v 700.337 24.057 42.254
v 700.071 23.523 41.72
v 700.337 24.057 42.254
v 677.328 29.941 42.253
v 677.328 29.941 42.253
v 700.337 24.057 42.254
v 677.357 30.496 42.802
v 677.328 29.941 42.253
v 677.357 30.496 42.802
v 654.065 34.229 42.793
v 654.065 34.229 42.793
v 677.357 30.496 42.802
v 654.368 35.591 43.881
v 654.065 34.229 42.793
v 654.368 35.591 43.881
v 630.788 37.17 43.862
v 630.788 37.17 43.862
v 654.368 35.591 43.881
v 630.831 38.27 44.419
v 630.788 37.17 43.862
v 630.831 38.27 44.419
v 607.302 38.011 44.425
v 607.302 38.011 44.425
v 630.831 38.27 44.419
v 606.968 38.767 44.927
v 607.302 38.011 44.425
v 606.968 38.767 44.927
v 560.186 36.383 44.676
v 560.186 36.383 44.676
v 606.968 38.767 44.927
v 559.911 37.983 45.475
v 560.488 34.267 43.623
v 560.455 33.709 43.072
v 607.283 36.66 43.88
v 607.283 36.66 43.88
v 560.455 33.709 43.072
v 607.258 35.573 42.798
v 607.283 36.66 43.88
v 607.258 35.573 42.798
v 630.803 35.842 42.799
v 630.803 35.842 42.799
v 607.258 35.573 42.798
v 630.807 35.31 42.267
v 630.803 35.842 42.799
v 630.807 35.31 42.267
v 654.075 33.701 42.264
v 654.075 33.701 42.264
v 630.807 35.31 42.267
v 654.053 33.151 41.718
v 654.075 33.701 42.264
v 654.053 33.151 41.718
v 677.396 29.453 41.752
v 677.396 29.453 41.752
v 654.053 33.151 41.718
v 677.072 28.611 40.386
v 677.396 29.453 41.752
v 677.072 28.611 40.386
v 699.838 22.745 40.399
v 699.838 22.745 40.399
v 677.072 28.611 40.386
v 699.854 22.221 39.07
v 699.838 22.745 40.399
v 699.854 22.221 39.07
v 722.032 14.445 39.057
v 722.032 14.445 39.057
v 699.854 22.221 39.07
v 721.761 13.64 36.915
v 722.032 14.445 39.057
v 721.761 13.64 36.915
v 743.188 3.759 36.928
v 743.188 3.759 36.928
v 721.761 13.64 36.915
v 742.667 2.699 32.654
v 743.188 3.759 36.928
v 743.417 4.535 39.048
v 722.032 14.445 39.057
v 722.032 14.445 39.057
v 743.417 4.535 39.048
v 722.283 14.968 40.386
v 722.032 14.445 39.057
v 722.283 14.968 40.386
v 699.838 22.745 40.399
v 699.838 22.745 40.399
v 722.283 14.968 40.386
v 700.071 23.523 41.72
v 699.838 22.745 40.399
v 700.071 23.523 41.72
v 677.396 29.453 41.752
v 677.396 29.453 41.752
v 700.071 23.523 41.72
v 677.328 29.941 42.253
v 677.396 29.453 41.752
v 677.328 29.941 42.253
v 654.075 33.701 42.264
v 654.075 33.701 42.264
v 677.328 29.941 42.253
v 654.065 34.229 42.793
v 654.075 33.701 42.264
v 654.065 34.229 42.793
v 630.803 35.842 42.799
v 630.803 35.842 42.799
v 654.065 34.229 42.793
v 630.788 37.17 43.862
v 630.803 35.842 42.799
v 630.788 37.17 43.862
v 607.283 36.66 43.88
v 607.283 36.66 43.88
v 630.788 37.17 43.862
v 607.302 38.011 44.425
v 607.283 36.66 43.88
v 607.302 38.011 44.425
v 560.445 35.307 44.137
v 560.445 35.307 44.137
v 607.302 38.011 44.425
v 560.186 36.383 44.676
v 559.383 45.211 46.816
v 559.635 43.328 46.541
v 606.754 46.028 46.559
v 606.754 46.028 46.559
v 559.635 43.328 46.541
v 606.99 42.528 46.008
v 606.754 46.028 46.559
v 606.99 42.528 46.008
v 630.517 42.785 46
v 630.517 42.785 46
v 606.99 42.528 46.008
v 630.843 39.348 44.959
v 630.517 42.785 46
v 630.843 39.348 44.959
v 654.348 37.717 44.941
v 654.348 37.717 44.941
v 630.843 39.348 44.959
v 654.344 36.645 44.672
v 654.348 37.717 44.941
v 654.344 36.645 44.672
v 677.878 32.894 44.668
v 677.878 32.894 44.668
v 654.344 36.645 44.672
v 677.617 31.829 43.869
v 677.878 32.894 44.668
v 677.617 31.829 43.869
v 700.614 25.937 43.864
v 700.614 25.937 43.864
v 677.617 31.829 43.869
v 700.394 24.632 42.817
v 700.614 25.937 43.864
v 700.394 24.632 42.817
v 722.83 16.581 42.8
v 722.83 16.581 42.8
v 700.394 24.632 42.817
v 722.586 16.063 42.277
v 722.83 16.581 42.8
v 722.586 16.063 42.277
v 733.811 12.043 42.806
v 733.811 12.043 42.806
v 722.586 16.063 42.277
v 733.512 10.95 41.72
v 733.811 12.043 42.806
v 733.512 10.95 41.72
v 744.206 5.595 41.449
v 744.206 5.595 41.449
v 733.512 10.95 41.72
v 743.693 5.076 40.39
v 559.937 39.874 46.023
v 559.911 37.983 45.475
v 606.99 42.528 46.008
v 606.99 42.528 46.008
v 559.911 37.983 45.475
v 606.968 38.767 44.927
v 606.99 42.528 46.008
v 606.968 38.767 44.927
v 630.843 39.348 44.959
v 630.843 39.348 44.959
v 606.968 38.767 44.927
v 630.831 38.27 44.419
v 630.843 39.348 44.959
v 630.831 38.27 44.419
v 654.344 36.645 44.672
v 654.344 36.645 44.672
v 630.831 38.27 44.419
v 654.368 35.591 43.881
v 654.344 36.645 44.672
v 654.368 35.591 43.881
v 677.617 31.829 43.869
v 677.617 31.829 43.869
v 654.368 35.591 43.881
v 677.357 30.496 42.802
v 677.617 31.829 43.869
v 677.357 30.496 42.802
v 700.394 24.632 42.817
v 700.394 24.632 42.817
v 677.357 30.496 42.802
v 700.337 24.057 42.254
v 700.394 24.632 42.817
v 700.337 24.057 42.254
v 722.586 16.063 42.277
v 722.586 16.063 42.277
v 700.337 24.057 42.254
v 722.545 15.499 41.721
v 722.586 16.063 42.277
v 722.545 15.499 41.721
v 733.512 10.95 41.72
v 733.512 10.95 41.72
v 722.545 15.499 41.721
v 722.283 14.968 40.386
v 733.512 10.95 41.72
v 722.283 14.968 40.386
v 743.693 5.076 40.39
v 743.693 5.076 40.39
v 722.283 14.968 40.386
v 743.417 4.535 39.048
v 1.31 11.217 1.859
v 1.349 13.652 1.076
v 187.512 22.994 1.061
v 187.512 22.994 1.061
v 1.349 13.652 1.076
v 187.535 25.684 0.537
v 187.512 22.994 1.061
v 187.535 25.684 0.537
v 280.651 27.838 1.082
v 280.651 27.838 1.082
v 187.535 25.684 0.537
v 373.173 35.301 0.795
v 280.651 27.838 1.082
v 373.173 35.301 0.795
v 373.46 32.907 1.071
v 373.46 32.907 1.071
v 373.173 35.301 0.795
v 466.035 40.14 1.079
v 373.46 32.907 1.071
v 466.035 40.14 1.079
v 466.274 38.247 1.332
v 466.274 38.247 1.332
v 466.035 40.14 1.079
v 512.867 40.954 1.354
v 466.274 38.247 1.332
v 512.867 40.954 1.354
v 466.294 36.388 1.877
v 466.294 36.388 1.877
v 512.867 40.954 1.354
v 512.848 39.068 1.88
v 466.294 36.388 1.877
v 512.848 39.068 1.88
v 466.517 34.485 2.39
v 466.517 34.485 2.39
v 512.848 39.068 1.88
v 513.084 37.172 2.131
v 466.517 34.485 2.39
v 513.084 37.172 2.131
v 466.824 32.639 3.212
v 466.824 32.639 3.212
v 513.084 37.172 2.131
v 513.363 35.308 2.939
v 466.824 32.639 3.212
v 513.363 35.308 2.939
v 467.122 30.788 4.03
v 467.122 30.788 4.03
v 513.363 35.308 2.939
v 513.65 33.449 3.752
v 467.122 30.788 4.03
v 513.65 33.449 3.752
v 467.116 29.714 4.561
v 467.116 29.714 4.561
v 513.65 33.449 3.752
v 560.426 35.294 3.732
v 467.116 29.714 4.561
v 560.426 35.294 3.732
v 467.357 28.892 5.351
v 467.357 28.892 5.351
v 560.426 35.294 3.732
v 560.456 34.245 4.55
v 467.357 28.892 5.351
v 560.456 34.245 4.55
v 467.386 28.378 5.633
v 467.386 28.378 5.633
v 560.456 34.245 4.55
v 560.437 33.697 4.808
v 467.386 28.378 5.633
v 560.437 33.697 4.808
v 467.339 28.078 6.144
v 467.339 28.078 6.144
v 560.437 33.697 4.808
v 560.479 33.191 5.364
v 467.339 28.078 6.144
v 560.479 33.191 5.364
v 467.393 27.581 6.439
v 467.393 27.581 6.439
v 560.479 33.191 5.364
v 560.723 32.372 5.887
v 467.393 27.581 6.439
v 560.723 32.372 5.887
v 467.591 26.997 6.939
v 467.591 26.997 6.939
v 560.723 32.372 5.887
v 560.742 32.117 6.699
v 467.591 26.997 6.939
v 560.742 32.117 6.699
v 560.707 31.558 7.217
v 560.707 31.558 7.217
v 560.742 32.117 6.699
v 607.301 34.533 6.437
v 560.707 31.558 7.217
v 607.301 34.533 6.437
v 560.683 31.274 7.74
v 560.683 31.274 7.74
v 607.301 34.533 6.437
v 607.255 33.698 7.751
v 560.683 31.274 7.74
v 607.255 33.698 7.751
v 560.706 30.755 9.089
v 560.706 30.755 9.089
v 607.255 33.698 7.751
v 607.515 33.158 8.818
v 560.706 30.755 9.089
v 607.515 33.158 8.818
v 561.012 29.98 11.248
v 561.012 29.98 11.248
v 607.515 33.158 8.818
v 607.529 32.097 11.232
v 561.012 29.98 11.248
v 607.529 32.097 11.232
v 561.001 28.634 15.523
v 561.001 28.634 15.523
v 607.529 32.097 11.232
v 607.564 31.052 15.53
v 561.001 28.634 15.523
v 607.564 31.052 15.53
v 561.018 28.111 19.812
v 561.018 28.111 19.812
v 607.564 31.052 15.53
v 607.552 30.241 19.804
v 561.018 28.111 19.812
v 607.552 30.241 19.804
v 560.953 27.798 24.059
v 560.953 27.798 24.059
v 607.552 30.241 19.804
v 607.56 29.979 24.089
v 560.953 27.798 24.059
v 607.56 29.979 24.089
v 560.969 28.077 28.348
v 560.969 28.077 28.348
v 607.56 29.979 24.089
v 607.549 30.239 28.364
v 560.969 28.077 28.348
v 607.549 30.239 28.364
v 560.958 28.604 32.623
v 560.958 28.604 32.623
v 607.549 30.239 28.364
v 607.563 31.051 32.651
v 560.958 28.604 32.623
v 607.563 31.051 32.651
v 560.982 29.959 36.915
v 560.982 29.959 36.915
v 607.563 31.051 32.651
v 607.569 32.125 36.934
v 560.982 29.959 36.915
v 607.569 32.125 36.934
v 560.702 30.752 39.049
v 560.702 30.752 39.049
v 607.569 32.125 36.934
v 607.515 33.158 39.047
v 560.702 30.752 39.049
v 607.515 33.158 39.047
v 560.751 31.322 40.143
v 560.751 31.322 40.143
v 607.515 33.158 39.047
v 607.275 33.712 40.399
v 560.751 31.322 40.143
v 607.275 33.712 40.399
v 560.744 31.584 40.942
v 560.744 31.584 40.942
v 607.275 33.712 40.399
v 607.234 34.486 41.448
v 560.744 31.584 40.942
v 607.234 34.486 41.448
v 560.705 32.092 41.458
v 560.705 32.092 41.458
v 607.234 34.486 41.448
v 607.244 35.028 42.256
v 560.705 32.092 41.458
v 607.244 35.028 42.256
v 560.756 32.395 42.019
v 560.756 32.395 42.019
v 607.244 35.028 42.256
v 607.258 35.573 42.798
v 560.756 32.395 42.019
v 607.258 35.573 42.798
v 560.463 33.179 42.541
v 560.463 33.179 42.541
v 607.258 35.573 42.798
v 560.455 33.709 43.072
v 689.665 31.033 44.944
v 701.192 27.839 44.955
v 701.959 31.292 46.008
v 701.959 31.292 46.008
v 701.192 27.839 44.955
v 713.708 27.531 45.997
v 701.959 31.292 46.008
v 713.708 27.531 45.997
v 714.784 30.745 46.535
v 714.784 30.745 46.535
v 713.708 27.531 45.997
v 726.59 26.49 46.553
v 714.784 30.745 46.535
v 726.59 26.49 46.553
v 727.679 29.714 46.829
v 727.679 29.714 46.829
v 726.59 26.49 46.553
v 739.456 24.635 46.833
v 727.679 29.714 46.829
v 739.456 24.635 46.833
v 740.729 27.532 46.532
v 740.729 27.532 46.532
v 739.456 24.635 46.833
v 752.548 21.948 46.557
v 740.729 27.532 46.532
v 752.548 21.948 46.557
v 754.112 25.13 46.001
v 677.899 33.979 44.946
v 689.665 31.033 44.944
v 690.175 34.76 46.001
v 690.175 34.76 46.001
v 689.665 31.033 44.944
v 701.959 31.292 46.008
v 690.175 34.76 46.001
v 701.959 31.292 46.008
v 702.789 34.789 46.557
v 702.789 34.789 46.557
v 701.959 31.292 46.008
v 714.784 30.745 46.535
v 702.789 34.789 46.557
v 714.784 30.745 46.535
v 715.612 33.974 46.815
v 715.612 33.974 46.815
v 714.784 30.745 46.535
v 727.679 29.714 46.829
v 715.612 33.974 46.815
v 727.679 29.714 46.829
v 728.689 32.614 46.532
v 728.689 32.614 46.532
v 727.679 29.714 46.829
v 740.729 27.532 46.532
v 728.689 32.614 46.532
v 740.729 27.532 46.532
v 742.107 30.771 46.018
v 742.107 30.771 46.018
v 740.729 27.532 46.532
v 754.112 25.13 46.001
v 742.107 30.771 46.018
v 754.112 25.13 46.001
v 755.729 28.348 44.937
v 719.332 45.995 43.86
v 719.622 47.348 42.801
v 707.018 51.339 42.785
v 719.332 45.995 43.86
v 706.49 50.007 43.859
v 719.128 44.969 44.427
v 719.128 44.969 44.427
v 706.49 50.007 43.859
v 706.278 48.975 44.689
v 719.128 44.969 44.427
v 706.278 48.975 44.689
v 718.806 44.128 44.934
v 718.806 44.128 44.934
v 706.278 48.975 44.689
v 705.993 48.16 44.948
v 718.806 44.128 44.934
v 705.993 48.16 44.948
v 705.183 44.678 46.015
v 705.183 44.678 46.015
v 705.993 48.16 44.948
v 692.594 47.877 46.007
v 705.183 44.678 46.015
v 692.594 47.877 46.007
v 692.105 44.699 46.565
v 692.105 44.699 46.565
v 692.594 47.877 46.007
v 679.74 47.332 46.535
v 692.105 44.699 46.565
v 679.74 47.332 46.535
v 679.196 44.116 46.799
v 679.196 44.116 46.799
v 679.74 47.332 46.535
v 666.945 46.295 46.826
v 679.196 44.116 46.799
v 666.945 46.295 46.826
v 666.623 43.046 46.531
v 666.623 43.046 46.531
v 666.945 46.295 46.826
v 654.651 44.698 46.564
v 706.49 50.007 43.859
v 693.681 53.774 43.875
v 706.278 48.975 44.689
v 706.278 48.975 44.689
v 693.681 53.774 43.875
v 693.7 52.449 44.687
v 706.278 48.975 44.689
v 693.7 52.449 44.687
v 705.993 48.16 44.948
v 705.993 48.16 44.948
v 693.7 52.449 44.687
v 693.424 51.641 44.95
v 705.993 48.16 44.948
v 693.424 51.641 44.95
v 692.594 47.877 46.007
v 692.594 47.877 46.007
v 693.424 51.641 44.95
v 680.286 50.818 46.006
v 692.594 47.877 46.007
v 680.286 50.818 46.006
v 679.74 47.332 46.535
v 679.74 47.332 46.535
v 680.286 50.818 46.006
v 667.48 49.773 46.558
v 679.74 47.332 46.535
v 667.48 49.773 46.558
v 666.945 46.295 46.826
v 666.945 46.295 46.826
v 667.48 49.773 46.558
v 654.864 47.87 46.804
v 666.945 46.295 46.826
v 654.864 47.87 46.804
v 654.651 44.698 46.564
v 654.651 44.698 46.564
v 654.864 47.87 46.804
v 630.579 49.784 46.834
v 758.7 34.253 36.925
v 746.342 40.102 36.899
v 758.438 33.455 39.069
v 758.438 33.455 39.069
v 746.342 40.102 36.899
v 745.807 39.3 39.04
v 758.438 33.455 39.069
v 745.807 39.3 39.04
v 758.117 32.882 40.379
v 758.117 32.882 40.379
v 745.807 39.3 39.04
v 745.817 39.039 40.382
v 758.117 32.882 40.379
v 745.817 39.039 40.382
v 757.911 32.39 41.48
v 757.911 32.39 41.48
v 745.817 39.039 40.382
v 745.282 38.237 41.72
v 757.911 32.39 41.48
v 745.282 38.237 41.72
v 757.383 31.325 42.821
v 757.383 31.325 42.821
v 745.282 38.237 41.72
v 745.003 37.158 42.784
v 757.383 31.325 42.821
v 745.003 37.158 42.784
v 756.783 30.209 43.859
v 756.783 30.209 43.859
v 745.003 37.158 42.784
v 744.529 36.132 43.885
v 756.783 30.209 43.859
v 744.529 36.132 43.885
v 756.269 29.154 44.404
v 756.269 29.154 44.404
v 744.529 36.132 43.885
v 743.969 35.044 44.407
v 756.269 29.154 44.404
v 743.969 35.044 44.407
v 755.729 28.348 44.937
v 755.729 28.348 44.937
v 743.969 35.044 44.407
v 743.717 33.984 44.95
v 755.729 28.348 44.937
v 743.717 33.984 44.95
v 742.107 30.771 46.018
v 742.107 30.771 46.018
v 743.717 33.984 44.95
v 730.063 36.117 46.015
v 742.107 30.771 46.018
v 730.063 36.117 46.015
v 728.689 32.614 46.532
v 728.689 32.614 46.532
v 730.063 36.117 46.015
v 716.674 37.178 46.544
v 728.689 32.614 46.532
v 716.674 37.178 46.544
v 715.612 33.974 46.815
v 715.612 33.974 46.815
v 716.674 37.178 46.544
v 703.542 37.964 46.799
v 715.612 33.974 46.815
v 703.542 37.964 46.799
v 702.789 34.789 46.557
v 702.789 34.789 46.557
v 703.542 37.964 46.799
v 690.987 37.977 46.541
v 702.789 34.789 46.557
v 690.987 37.977 46.541
v 690.175 34.76 46.001
v 690.175 34.76 46.001
v 690.987 37.977 46.541
v 678.398 37.432 45.998
v 690.175 34.76 46.001
v 678.398 37.432 45.998
v 677.899 33.979 44.946
v 759.212 35.307 32.633
v 746.669 41.214 32.649
v 746.342 40.102 36.899
v 746.342 40.102 36.899
v 746.669 41.214 32.649
v 733.554 45.758 36.926
v 746.342 40.102 36.899
v 733.554 45.758 36.926
v 745.807 39.3 39.04
v 745.807 39.3 39.04
v 733.554 45.758 36.926
v 733.249 44.929 39.048
v 745.807 39.3 39.04
v 733.249 44.929 39.048
v 745.817 39.039 40.382
v 745.817 39.039 40.382
v 733.249 44.929 39.048
v 733.021 44.421 40.405
v 745.817 39.039 40.382
v 733.021 44.421 40.405
v 745.282 38.237 41.72
v 745.282 38.237 41.72
v 733.021 44.421 40.405
v 732.725 43.599 41.728
v 745.282 38.237 41.72
v 732.725 43.599 41.728
v 745.003 37.158 42.784
v 745.003 37.158 42.784
v 732.725 43.599 41.728
v 732.433 42.512 42.786
v 745.003 37.158 42.784
v 732.433 42.512 42.786
v 744.529 36.132 43.885
v 744.529 36.132 43.885
v 732.433 42.512 42.786
v 731.896 41.44 43.855
v 744.529 36.132 43.885
v 731.896 41.44 43.855
v 743.969 35.044 44.407
v 743.969 35.044 44.407
v 731.896 41.44 43.855
v 731.692 40.414 44.422
v 743.969 35.044 44.407
v 731.692 40.414 44.422
v 743.717 33.984 44.95
v 743.717 33.984 44.95
v 731.692 40.414 44.422
v 731.14 39.333 44.949
v 743.717 33.984 44.95
v 731.14 39.333 44.949
v 730.063 36.117 46.015
v 730.063 36.117 46.015
v 731.14 39.333 44.949
v 717.741 40.654 46.007
v 730.063 36.117 46.015
v 717.741 40.654 46.007
v 716.674 37.178 46.544
v 716.674 37.178 46.544
v 717.741 40.654 46.007
v 704.375 41.196 46.547
v 716.674 37.178 46.544
v 704.375 41.196 46.547
v 703.542 37.964 46.799
v 703.542 37.964 46.799
v 704.375 41.196 46.547
v 691.503 41.441 46.799
v 703.542 37.964 46.799
v 691.503 41.441 46.799
v 690.987 37.977 46.541
v 690.987 37.977 46.541
v 691.503 41.441 46.799
v 678.975 40.938 46.554
v 690.987 37.977 46.541
v 678.975 40.938 46.554
v 678.398 37.432 45.998
v 678.398 37.432 45.998
v 678.975 40.938 46.554
v 654.606 41.189 46.007
v 678.398 37.432 45.998
v 654.606 41.189 46.007
v 677.899 33.979 44.946
v 759.729 36.097 24.064
v 747.205 42.285 24.089
v 746.888 41.983 28.345
v 746.888 41.983 28.345
v 747.205 42.285 24.089
v 734.343 47.353 28.359
v 746.888 41.983 28.345
v 734.343 47.353 28.359
v 734.102 46.836 32.652
v 734.102 46.836 32.652
v 734.343 47.353 28.359
v 720.955 51.625 32.633
v 734.102 46.836 32.652
v 720.955 51.625 32.633
v 720.72 50.578 36.93
v 720.72 50.578 36.93
v 720.955 51.625 32.633
v 707.586 54.573 36.917
v 720.72 50.578 36.93
v 707.586 54.573 36.917
v 720.462 49.782 39.075
v 720.462 49.782 39.075
v 707.586 54.573 36.917
v 707.551 53.745 39.039
v 720.462 49.782 39.075
v 707.551 53.745 39.039
v 720.393 49.198 40.377
v 720.393 49.198 40.377
v 707.551 53.745 39.039
v 707.35 53.257 40.41
v 720.393 49.198 40.377
v 707.35 53.257 40.41
v 720.123 48.394 41.714
v 720.123 48.394 41.714
v 707.35 53.257 40.41
v 707.317 52.432 41.731
v 720.123 48.394 41.714
v 707.317 52.432 41.731
v 719.622 47.348 42.801
v 694.208 55.909 41.731
v 707.317 52.432 41.731
v 694.45 56.693 40.381
v 694.45 56.693 40.381
v 707.317 52.432 41.731
v 707.35 53.257 40.41
v 694.45 56.693 40.381
v 707.35 53.257 40.41
v 694.488 57.255 39.062
v 694.488 57.255 39.062
v 707.35 53.257 40.41
v 707.551 53.745 39.039
v 694.488 57.255 39.062
v 707.551 53.745 39.039
v 694.736 58.044 36.912
v 694.736 58.044 36.912
v 707.551 53.745 39.039
v 707.586 54.573 36.917
v 694.736 58.044 36.912
v 707.586 54.573 36.917
v 707.871 55.922 32.645
v 707.871 55.922 32.645
v 707.586 54.573 36.917
v 720.955 51.625 32.633
v 707.871 55.922 32.645
v 720.955 51.625 32.633
v 721.257 52.452 28.37
v 721.257 52.452 28.37
v 720.955 51.625 32.633
v 734.343 47.353 28.359
v 721.257 52.452 28.37
v 734.343 47.353 28.359
v 734.365 47.636 24.089
v 734.365 47.636 24.089
v 734.343 47.353 28.359
v 747.205 42.285 24.089
v 734.365 47.636 24.089
v 747.205 42.285 24.089
v 746.938 42.018 19.809
v 746.938 42.018 19.809
v 747.205 42.285 24.089
v 759.757 35.849 19.798
v 746.938 42.018 19.809
v 759.757 35.849 19.798
v 759.217 35.311 15.515
v 668.52 61.255 41.728
v 681.401 58.875 41.748
v 668.5 62.043 40.38
v 668.5 62.043 40.38
v 681.401 58.875 41.748
v 681.333 59.63 40.376
v 668.5 62.043 40.38
v 681.333 59.63 40.376
v 668.534 62.602 39.059
v 668.534 62.602 39.059
v 681.333 59.63 40.376
v 681.378 60.197 39.061
v 668.534 62.602 39.059
v 681.378 60.197 39.061
v 668.556 63.42 36.931
v 668.556 63.42 36.931
v 681.378 60.197 39.061
v 681.636 60.992 36.916
v 668.556 63.42 36.931
v 681.636 60.992 36.916
v 681.633 62.328 32.635
v 681.633 62.328 32.635
v 681.636 60.992 36.916
v 694.777 59.41 32.652
v 681.633 62.328 32.635
v 694.777 59.41 32.652
v 694.996 60.179 28.348
v 694.996 60.179 28.348
v 694.777 59.41 32.652
v 708.15 56.465 28.37
v 694.996 60.179 28.348
v 708.15 56.465 28.37
v 708.112 56.706 24.071
v 708.112 56.706 24.071
v 708.15 56.465 28.37
v 721.249 52.446 24.086
v 708.112 56.706 24.071
v 721.249 52.446 24.086
v 721.198 52.41 19.78
v 721.198 52.41 19.78
v 721.249 52.446 24.086
v 734.346 47.355 19.799
v 721.198 52.41 19.78
v 734.346 47.355 19.799
v 734.038 46.792 15.499
v 734.038 46.792 15.499
v 734.346 47.355 19.799
v 746.642 41.195 15.514
v 734.038 46.792 15.499
v 746.642 41.195 15.514
v 746.362 40.116 11.227
v 746.362 40.116 11.227
v 746.642 41.195 15.514
v 758.679 34.239 11.233
v 746.362 40.116 11.227
v 758.679 34.239 11.233
v 758.388 33.42 8.814
v 681.401 58.875 41.748
v 694.208 55.909 41.731
v 681.333 59.63 40.376
v 681.333 59.63 40.376
v 694.208 55.909 41.731
v 694.45 56.693 40.381
v 681.333 59.63 40.376
v 694.45 56.693 40.381
v 681.378 60.197 39.061
v 681.378 60.197 39.061
v 694.45 56.693 40.381
v 694.488 57.255 39.062
v 681.378 60.197 39.061
v 694.488 57.255 39.062
v 681.636 60.992 36.916
v 681.636 60.992 36.916
v 694.488 57.255 39.062
v 694.736 58.044 36.912
v 681.636 60.992 36.916
v 694.736 58.044 36.912
v 694.777 59.41 32.652
v 694.777 59.41 32.652
v 694.736 58.044 36.912
v 707.871 55.922 32.645
v 694.777 59.41 32.652
v 707.871 55.922 32.645
v 708.15 56.465 28.37
v 708.15 56.465 28.37
v 707.871 55.922 32.645
v 721.257 52.452 28.37
v 708.15 56.465 28.37
v 721.257 52.452 28.37
v 721.249 52.446 24.086
v 721.249 52.446 24.086
v 721.257 52.452 28.37
v 734.365 47.636 24.089
v 721.249 52.446 24.086
v 734.365 47.636 24.089
v 734.346 47.355 19.799
v 734.346 47.355 19.799
v 734.365 47.636 24.089
v 746.938 42.018 19.809
v 734.346 47.355 19.799
v 746.938 42.018 19.809
v 746.642 41.195 15.514
v 746.642 41.195 15.514
v 746.938 42.018 19.809
v 759.217 35.311 15.515
v 746.642 41.195 15.514
v 759.217 35.311 15.515
v 758.679 34.239 11.233
v 693.681 53.774 43.875
v 681.087 56.435 43.865
v 693.7 52.449 44.687
v 693.7 52.449 44.687
v 681.087 56.435 43.865
v 680.857 55.391 44.686
v 693.7 52.449 44.687
v 680.857 55.391 44.686
v 693.424 51.641 44.95
v 693.424 51.641 44.95
v 680.857 55.391 44.686
v 680.585 54.318 44.952
v 693.424 51.641 44.95
v 680.585 54.318 44.952
v 680.286 50.818 46.006
v 680.286 50.818 46.006
v 680.585 54.318 44.952
v 667.719 52.963 46.009
v 680.286 50.818 46.006
v 667.719 52.963 46.009
v 667.48 49.773 46.558
v 667.48 49.773 46.558
v 667.719 52.963 46.009
v 654.911 51.381 46.56
v 667.48 49.773 46.558
v 654.911 51.381 46.56
v 654.864 47.87 46.804
v 654.864 47.87 46.804
v 654.911 51.381 46.56
v 630.548 52.973 46.551
v 654.864 47.87 46.804
v 630.548 52.973 46.551
v 630.579 49.784 46.834
v 630.579 49.784 46.834
v 630.548 52.973 46.551
v 606.491 52.719 46.561
v 655.437 60.47 43.881
v 630.241 62.308 43.856
v 655.416 59.385 44.673
v 655.416 59.385 44.673
v 630.241 62.308 43.856
v 630.261 60.984 44.401
v 655.416 59.385 44.673
v 630.261 60.984 44.401
v 655.408 58.31 44.936
v 655.408 58.31 44.936
v 630.261 60.984 44.401
v 630.261 60.182 44.936
v 719.622 47.348 42.801
v 707.317 52.432 41.731
v 707.018 51.339 42.785
v 707.018 51.339 42.785
v 707.317 52.432 41.731
v 694.208 55.909 41.731
v 707.018 51.339 42.785
v 694.208 55.909 41.731
v 693.95 54.845 42.806
v 693.95 54.845 42.806
v 694.208 55.909 41.731
v 681.401 58.875 41.748
v 693.95 54.845 42.806
v 681.401 58.875 41.748
v 681.089 57.774 42.796
v 681.089 57.774 42.796
v 681.401 58.875 41.748
v 668.52 61.255 41.728
v 681.089 57.774 42.796
v 668.52 61.255 41.728
v 668.239 59.908 42.791
v 668.239 59.908 42.791
v 668.52 61.255 41.728
v 655.435 62.341 42.275
v 668.239 59.908 42.791
v 655.435 62.341 42.275
v 655.455 61.82 42.82
v 655.455 61.82 42.82
v 655.435 62.341 42.275
v 630.308 63.96 42.285
v 655.455 61.82 42.82
v 630.308 63.96 42.285
v 630.258 63.39 42.795
v 630.258 63.39 42.795
v 630.308 63.96 42.285
v 605.687 63.686 42.28
v 630.258 63.39 42.795
v 605.687 63.686 42.28
v 605.939 63.14 42.807
v 630.241 62.308 43.856
v 605.962 61.819 43.889
v 630.261 60.984 44.401
v 630.261 60.984 44.401
v 605.962 61.819 43.889
v 605.899 60.704 44.392
v 630.261 60.984 44.401
v 605.899 60.704 44.392
v 630.261 60.182 44.936
v 630.261 60.182 44.936
v 605.899 60.704 44.392
v 605.946 59.667 44.951
v 630.293 66.09 39.067
v 655.698 64.21 39.062
v 642.855 66.35 36.921
v 642.855 66.35 36.921
v 655.698 64.21 39.062
v 655.662 64.988 36.904
v 642.855 66.35 36.921
v 655.662 64.988 36.904
v 655.704 66.355 32.645
v 655.704 66.355 32.645
v 655.662 64.988 36.904
v 668.565 64.764 32.655
v 655.704 66.355 32.645
v 668.565 64.764 32.655
v 668.819 65.289 28.367
v 668.819 65.289 28.367
v 668.565 64.764 32.655
v 681.912 63.139 28.36
v 668.819 65.289 28.367
v 681.912 63.139 28.36
v 681.916 63.409 24.082
v 681.916 63.409 24.082
v 681.912 63.139 28.36
v 695.038 60.475 24.088
v 681.916 63.409 24.082
v 695.038 60.475 24.088
v 695.022 60.197 19.8
v 695.022 60.197 19.8
v 695.038 60.475 24.088
v 708.146 56.462 19.808
v 695.022 60.197 19.8
v 708.146 56.462 19.808
v 707.873 55.923 15.525
v 707.873 55.923 15.525
v 708.146 56.462 19.808
v 720.997 51.654 15.533
v 707.873 55.923 15.525
v 720.997 51.654 15.533
v 720.709 50.57 10.974
v 720.709 50.57 10.974
v 720.997 51.654 15.533
v 733.51 45.726 11.222
v 720.709 50.57 10.974
v 733.51 45.726 11.222
v 733.243 44.924 8.814
v 733.243 44.924 8.814
v 733.51 45.726 11.222
v 745.824 39.312 8.818
v 733.243 44.924 8.814
v 745.824 39.312 8.818
v 733.015 44.417 7.764
v 733.015 44.417 7.764
v 745.824 39.312 8.818
v 745.868 39.075 7.77
v 733.015 44.417 7.764
v 745.868 39.075 7.77
v 732.765 43.627 6.435
v 732.765 43.627 6.435
v 745.868 39.075 7.77
v 745.309 38.256 6.421
v 732.765 43.627 6.435
v 745.309 38.256 6.421
v 732.492 42.553 5.095
v 732.492 42.553 5.095
v 745.309 38.256 6.421
v 745.03 37.178 5.345
v 732.492 42.553 5.095
v 745.03 37.178 5.345
v 731.9 41.443 4.264
v 731.9 41.443 4.264
v 745.03 37.178 5.345
v 744.482 36.098 4.268
v 731.9 41.443 4.264
v 744.482 36.098 4.268
v 731.649 40.384 3.47
v 731.649 40.384 3.47
v 744.482 36.098 4.268
v 743.998 35.064 3.492
v 731.649 40.384 3.47
v 743.998 35.064 3.492
v 731.105 39.308 3.198
v 731.105 39.308 3.198
v 743.998 35.064 3.492
v 743.732 33.995 3.225
v 731.105 39.308 3.198
v 743.732 33.995 3.225
v 742.079 30.751 2.131
v 742.079 30.751 2.131
v 743.732 33.995 3.225
v 754.109 25.128 2.127
v 742.079 30.751 2.131
v 754.109 25.128 2.127
v 752.553 21.952 1.616
v 605.679 65.018 40.403
v 557.798 62.614 40.138
v 557.76 62.32 40.922
v 464.167 57.531 40.941
v 557.754 61.781 41.454
v 557.76 62.32 40.922
v 557.76 62.32 40.922
v 557.754 61.781 41.454
v 605.687 64.221 41.478
v 557.76 62.32 40.922
v 605.687 64.221 41.478
v 605.679 65.018 40.403
v 605.679 65.018 40.403
v 605.687 64.221 41.478
v 630.246 64.452 41.718
v 605.679 65.018 40.403
v 630.246 64.452 41.718
v 630.288 65.551 40.402
v 630.288 65.551 40.402
v 630.246 64.452 41.718
v 655.706 62.878 41.741
v 630.288 65.551 40.402
v 655.706 62.878 41.741
v 655.695 63.674 40.398
v 655.695 63.674 40.398
v 630.293 66.09 39.067
v 630.288 65.551 40.402
v 630.288 65.551 40.402
v 630.293 66.09 39.067
v 605.635 65.523 39.044
v 630.288 65.551 40.402
v 605.635 65.523 39.044
v 605.679 65.018 40.403
v 605.679 65.018 40.403
v 605.635 65.523 39.044
v 557.778 63.135 39.058
v 605.679 65.018 40.403
v 557.778 63.135 39.058
v 557.798 62.614 40.138
v 749.308 16.042 1.599
v 738.11 21.419 1.617
v 739.434 24.62 1.343
v 739.434 24.62 1.343
v 738.11 21.419 1.617
v 727.683 29.716 1.353
v 739.434 24.62 1.343
v 727.683 29.716 1.353
v 728.702 32.623 1.595
v 728.702 32.623 1.595
v 727.683 29.716 1.353
v 716.652 37.163 1.589
v 728.702 32.623 1.595
v 716.652 37.163 1.589
v 717.763 40.669 2.145
v 717.763 40.669 2.145
v 716.652 37.163 1.589
v 705.165 44.665 2.132
v 717.763 40.669 2.145
v 705.165 44.665 2.132
v 706.021 48.18 3.229
v 706.021 48.18 3.229
v 705.165 44.665 2.132
v 693.387 51.616 3.199
v 706.021 48.18 3.229
v 693.387 51.616 3.199
v 706.284 48.98 3.495
v 706.284 48.98 3.495
v 693.387 51.616 3.199
v 693.701 52.451 3.49
v 706.284 48.98 3.495
v 693.701 52.451 3.49
v 706.524 50.031 4.284
v 706.524 50.031 4.284
v 693.701 52.451 3.49
v 693.702 53.789 4.293
v 706.524 50.031 4.284
v 693.702 53.789 4.293
v 707.034 51.35 5.073
v 707.034 51.35 5.073
v 693.702 53.789 4.293
v 693.911 54.818 5.066
v 707.034 51.35 5.073
v 693.911 54.818 5.066
v 707.306 52.424 6.413
v 707.306 52.424 6.413
v 693.911 54.818 5.066
v 694.213 55.912 6.421
v 707.306 52.424 6.413
v 694.213 55.912 6.421
v 707.357 53.261 7.776
v 707.357 53.261 7.776
v 694.213 55.912 6.421
v 694.514 56.738 7.775
v 707.357 53.261 7.776
v 694.514 56.738 7.775
v 707.601 53.781 8.835
v 707.601 53.781 8.835
v 694.514 56.738 7.775
v 694.518 57.276 8.847
v 707.601 53.781 8.835
v 694.518 57.276 8.847
v 694.76 58.061 10.975
v 694.76 58.061 10.975
v 694.518 57.276 8.847
v 681.654 61.005 10.976
v 694.76 58.061 10.975
v 681.654 61.005 10.976
v 681.663 62.349 15.528
v 681.663 62.349 15.528
v 681.654 61.005 10.976
v 668.565 64.764 15.534
v 681.663 62.349 15.528
v 668.565 64.764 15.534
v 668.782 65.263 19.788
v 668.782 65.263 19.788
v 668.565 64.764 15.534
v 655.662 67.128 19.783
v 668.782 65.263 19.788
v 655.662 67.128 19.783
v 655.669 67.4 24.066
v 655.669 67.4 24.066
v 655.662 67.128 19.783
v 642.812 68.459 24.059
v 655.669 67.4 24.066
v 642.812 68.459 24.059
v 642.859 68.225 28.362
v 642.859 68.225 28.362
v 642.812 68.459 24.059
v 630.297 68.768 28.368
v 642.859 68.225 28.362
v 630.297 68.768 28.368
v 630.265 67.943 32.632
v 630.265 67.943 32.632
v 630.297 68.768 28.368
v 605.648 68.206 28.349
v 630.265 67.943 32.632
v 605.648 68.206 28.349
v 605.676 67.691 32.644
v 605.676 67.691 32.644
v 605.648 68.206 28.349
v 557.5 65.803 28.352
v 605.676 67.691 32.644
v 557.5 65.803 28.352
v 557.532 65.29 32.648
v 750.921 18.99 1.335
v 739.434 24.62 1.343
v 740.75 27.547 1.6
v 740.75 27.547 1.6
v 739.434 24.62 1.343
v 728.702 32.623 1.595
v 740.75 27.547 1.6
v 728.702 32.623 1.595
v 730.089 36.136 2.155
v 730.089 36.136 2.155
v 728.702 32.623 1.595
v 717.763 40.669 2.145
v 730.089 36.136 2.155
v 717.763 40.669 2.145
v 718.839 44.151 3.218
v 718.839 44.151 3.218
v 717.763 40.669 2.145
v 706.021 48.18 3.229
v 718.839 44.151 3.218
v 706.021 48.18 3.229
v 719.102 44.951 3.483
v 719.102 44.951 3.483
v 706.021 48.18 3.229
v 706.284 48.98 3.495
v 719.102 44.951 3.483
v 706.284 48.98 3.495
v 719.325 45.989 4.263
v 719.325 45.989 4.263
v 706.284 48.98 3.495
v 706.524 50.031 4.284
v 719.325 45.989 4.263
v 706.524 50.031 4.284
v 719.658 47.373 5.099
v 719.658 47.373 5.099
v 706.524 50.031 4.284
v 707.034 51.35 5.073
v 719.658 47.373 5.099
v 707.034 51.35 5.073
v 720.142 48.407 6.411
v 720.142 48.407 6.411
v 707.034 51.35 5.073
v 707.306 52.424 6.413
v 720.142 48.407 6.411
v 707.306 52.424 6.413
v 720.448 49.237 7.767
v 720.448 49.237 7.767
v 707.306 52.424 6.413
v 707.357 53.261 7.776
v 720.448 49.237 7.767
v 707.357 53.261 7.776
v 720.416 49.749 8.821
v 720.416 49.749 8.821
v 707.357 53.261 7.776
v 707.601 53.781 8.835
v 720.416 49.749 8.821
v 707.601 53.781 8.835
v 707.591 54.576 10.97
v 707.591 54.576 10.97
v 707.601 53.781 8.835
v 694.76 58.061 10.975
v 707.591 54.576 10.97
v 694.76 58.061 10.975
v 694.715 59.367 15.5
v 694.715 59.367 15.5
v 694.76 58.061 10.975
v 681.663 62.349 15.528
v 694.715 59.367 15.5
v 681.663 62.349 15.528
v 681.916 63.141 19.801
v 681.916 63.141 19.801
v 681.663 62.349 15.528
v 668.782 65.263 19.788
v 681.916 63.141 19.801
v 668.782 65.263 19.788
v 668.808 65.549 24.082
v 668.808 65.549 24.082
v 668.782 65.263 19.788
v 655.669 67.4 24.066
v 668.808 65.549 24.082
v 655.669 67.4 24.066
v 655.704 67.157 28.364
v 655.704 67.157 28.364
v 655.669 67.4 24.066
v 642.859 68.225 28.362
v 655.704 67.157 28.364
v 642.859 68.225 28.362
v 642.855 67.419 32.641
v 642.855 67.419 32.641
v 642.859 68.225 28.362
v 630.265 67.943 32.632
v 642.855 67.419 32.641
v 630.265 67.943 32.632
v 630.275 66.88 36.918
v 630.275 66.88 36.918
v 630.265 67.943 32.632
v 605.676 67.691 32.644
v 630.275 66.88 36.918
v 605.676 67.691 32.644
v 605.693 66.366 36.933
v 605.693 66.366 36.933
v 605.676 67.691 32.644
v 557.532 65.29 32.648
v 605.693 66.366 36.933
v 557.532 65.29 32.648
v 557.808 63.958 36.933
v 752.553 21.952 1.616
v 740.75 27.547 1.6
v 742.079 30.751 2.131
v 742.079 30.751 2.131
v 740.75 27.547 1.6
v 730.089 36.136 2.155
v 742.079 30.751 2.131
v 730.089 36.136 2.155
v 731.105 39.308 3.198
v 731.105 39.308 3.198
v 730.089 36.136 2.155
v 718.839 44.151 3.218
v 731.105 39.308 3.198
v 718.839 44.151 3.218
v 731.649 40.384 3.47
v 731.649 40.384 3.47
v 718.839 44.151 3.218
v 719.102 44.951 3.483
v 731.649 40.384 3.47
v 719.102 44.951 3.483
v 731.9 41.443 4.264
v 731.9 41.443 4.264
v 719.102 44.951 3.483
v 719.325 45.989 4.263
v 731.9 41.443 4.264
v 719.325 45.989 4.263
v 732.492 42.553 5.095
v 732.492 42.553 5.095
v 719.325 45.989 4.263
v 719.658 47.373 5.099
v 732.492 42.553 5.095
v 719.658 47.373 5.099
v 732.765 43.627 6.435
v 732.765 43.627 6.435
v 719.658 47.373 5.099
v 720.142 48.407 6.411
v 732.765 43.627 6.435
v 720.142 48.407 6.411
v 733.015 44.417 7.764
v 733.015 44.417 7.764
v 720.142 48.407 6.411
v 720.448 49.237 7.767
v 733.015 44.417 7.764
v 720.448 49.237 7.767
v 733.243 44.924 8.814
v 733.243 44.924 8.814
v 720.448 49.237 7.767
v 720.416 49.749 8.821
v 733.243 44.924 8.814
v 720.416 49.749 8.821
v 720.709 50.57 10.974
v 720.709 50.57 10.974
v 720.416 49.749 8.821
v 707.591 54.576 10.97
v 720.709 50.57 10.974
v 707.591 54.576 10.97
v 707.873 55.923 15.525
v 707.873 55.923 15.525
v 707.591 54.576 10.97
v 694.715 59.367 15.5
v 707.873 55.923 15.525
v 694.715 59.367 15.5
v 695.022 60.197 19.8
v 695.022 60.197 19.8
v 694.715 59.367 15.5
v 681.916 63.141 19.801
v 695.022 60.197 19.8
v 681.916 63.141 19.801
v 681.916 63.409 24.082
v 681.916 63.409 24.082
v 681.916 63.141 19.801
v 668.808 65.549 24.082
v 681.916 63.409 24.082
v 668.808 65.549 24.082
v 668.819 65.289 28.367
v 668.819 65.289 28.367
v 668.808 65.549 24.082
v 655.704 67.157 28.364
v 668.819 65.289 28.367
v 655.704 67.157 28.364
v 655.704 66.355 32.645
v 655.704 66.355 32.645
v 655.704 67.157 28.364
v 642.855 67.419 32.641
v 655.704 66.355 32.645
v 642.855 67.419 32.641
v 642.855 66.35 36.921
v 642.855 66.35 36.921
v 642.855 67.419 32.641
v 630.275 66.88 36.918
v 642.855 66.35 36.921
v 630.275 66.88 36.918
v 630.293 66.09 39.067
v 630.293 66.09 39.067
v 630.275 66.88 36.918
v 605.693 66.366 36.933
v 630.293 66.09 39.067
v 605.693 66.366 36.933
v 605.635 65.523 39.044
v 605.635 65.523 39.044
v 605.693 66.366 36.933
v 557.808 63.958 36.933
v 605.635 65.523 39.044
v 557.808 63.958 36.933
v 557.778 63.135 39.058
v 467.318 27.528 41.447
v 467.335 28.075 41.99
v 420.772 25.389 41.715
v 420.772 25.389 41.715
v 467.335 28.075 41.99
v 467.337 28.344 42.526
v 420.772 25.389 41.715
v 467.337 28.344 42.526
v 420.839 26.239 42.284
v 420.839 26.239 42.284
v 467.337 28.344 42.526
v 467.354 28.891 42.802
v 420.839 26.239 42.284
v 467.354 28.891 42.802
v 420.538 27.018 43.069
v 420.538 27.018 43.069
v 467.354 28.891 42.802
v 467.062 29.676 43.325
v 420.538 27.018 43.069
v 467.062 29.676 43.325
v 420.521 27.809 43.596
v 420.521 27.809 43.596
v 467.062 29.676 43.325
v 467.122 30.788 43.89
v 420.521 27.809 43.596
v 467.122 30.788 43.89
v 466.838 32.65 44.952
v 466.838 32.65 44.952
v 467.122 30.788 43.89
v 513.599 33.413 44.389
v 466.838 32.65 44.952
v 513.599 33.413 44.389
v 513.36 35.306 45.206
v 467.64 27.031 40.939
v 467.318 27.528 41.447
v 374.512 22.461 40.923
v 374.512 22.461 40.923
v 467.318 27.528 41.447
v 420.772 25.389 41.715
v 374.512 22.461 40.923
v 420.772 25.389 41.715
v 374.293 22.763 41.215
v 374.293 22.763 41.215
v 420.772 25.389 41.715
v 420.839 26.239 42.284
v 374.293 22.763 41.215
v 420.839 26.239 42.284
v 374.244 23.531 41.993
v 374.244 23.531 41.993
v 420.839 26.239 42.284
v 420.538 27.018 43.069
v 374.244 23.531 41.993
v 420.538 27.018 43.069
v 374.016 24.897 43.083
v 374.016 24.897 43.083
v 420.538 27.018 43.069
v 420.521 27.809 43.596
v 374.016 24.897 43.083
v 420.521 27.809 43.596
v 420.281 29.701 44.68
v 420.281 29.701 44.68
v 420.521 27.809 43.596
v 466.838 32.65 44.952
v 420.281 29.701 44.68
v 466.838 32.65 44.952
v 466.54 34.501 45.739
v 466.54 34.501 45.739
v 466.838 32.65 44.952
v 513.36 35.306 45.206
v 466.54 34.501 45.739
v 513.36 35.306 45.206
v 513.134 37.208 45.762
v 513.134 37.208 45.762
v 512.825 39.051 46.276
v 466.269 36.371 46.272
v 466.264 38.24 46.805
v 512.839 40.934 46.818
v 465.998 40.114 47.073
v 513.134 37.208 45.762
v 466.269 36.371 46.272
v 466.54 34.501 45.739
v 466.54 34.501 45.739
v 466.269 36.371 46.272
v 419.986 31.554 45.469
v 466.54 34.501 45.739
v 419.986 31.554 45.469
v 420.281 29.701 44.68
v 420.281 29.701 44.68
v 419.986 31.554 45.469
v 374.015 26.768 44.42
v 420.281 29.701 44.68
v 374.015 26.768 44.42
v 374.016 24.897 43.083
v 374.016 24.897 43.083
v 374.015 26.768 44.42
v 327.685 22.186 42.79
v 374.016 24.897 43.083
v 327.685 22.186 42.79
v 327.719 21.407 42.004
v 511.762 51.898 45.745
v 511.79 50.312 46.294
v 558.565 54.028 46.006
v 681.087 56.435 43.865
v 668.239 58.838 43.861
v 680.857 55.391 44.686
v 680.857 55.391 44.686
v 668.239 58.838 43.861
v 668.006 57.792 44.681
v 680.857 55.391 44.686
v 668.006 57.792 44.681
v 680.585 54.318 44.952
v 680.585 54.318 44.952
v 668.006 57.792 44.681
v 668.03 56.739 44.961
v 680.585 54.318 44.952
v 668.03 56.739 44.961
v 667.719 52.963 46.009
v 667.719 52.963 46.009
v 668.03 56.739 44.961
v 655.164 54.848 46.018
v 667.719 52.963 46.009
v 655.164 54.848 46.018
v 654.911 51.381 46.56
v 654.911 51.381 46.56
v 655.164 54.848 46.018
v 630.258 56.435 46.005
v 654.911 51.381 46.56
v 630.258 56.435 46.005
v 630.548 52.973 46.551
v 630.548 52.973 46.551
v 630.258 56.435 46.005
v 606.236 56.206 46.032
v 630.548 52.973 46.551
v 606.236 56.206 46.032
v 606.491 52.719 46.561
v 606.491 52.719 46.561
v 606.236 56.206 46.032
v 558.565 54.028 46.006
v 606.491 52.719 46.561
v 558.565 54.028 46.006
v 559.095 50.547 46.538
v 559.095 50.547 46.538
v 558.565 54.028 46.006
v 511.79 50.312 46.294
v 465.767 44.152 47.092
v 465.46 46.265 46.804
v 372.941 42.282 46.826
v 372.941 42.282 46.826
v 465.46 46.265 46.804
v 418.9 46.256 46.263
v 372.941 42.282 46.826
v 418.9 46.256 46.263
v 372.643 44.4 46.275
v 559.39 46.821 46.82
v 559.123 48.694 46.82
v 465.767 44.152 47.092
v 465.767 44.152 47.092
v 559.123 48.694 46.82
v 512.012 48.407 46.806
v 465.767 44.152 47.092
v 512.012 48.407 46.806
v 465.46 46.265 46.804
v 465.46 46.265 46.804
v 512.012 48.407 46.806
v 465.2 48.142 46.273
v 465.46 46.265 46.804
v 465.2 48.142 46.273
v 418.9 46.256 46.263
v 750.893 18.97 46.799
v 739.456 24.635 46.833
v 738.103 21.414 46.557
v 738.103 21.414 46.557
v 739.456 24.635 46.833
v 726.59 26.49 46.553
v 738.103 21.414 46.557
v 726.59 26.49 46.553
v 725.231 23.265 46.007
v 725.231 23.265 46.007
v 726.59 26.49 46.553
v 713.708 27.531 45.997
v 725.231 23.265 46.007
v 713.708 27.531 45.997
v 712.65 24.062 44.933
v 712.65 24.062 44.933
v 713.708 27.531 45.997
v 701.192 27.839 44.955
v 712.65 24.062 44.933
v 701.192 27.839 44.955
v 700.902 27.021 44.677
v 700.902 27.021 44.677
v 701.192 27.839 44.955
v 689.665 31.033 44.944
v 700.902 27.021 44.677
v 689.665 31.033 44.944
v 677.878 32.894 44.668
v 677.878 32.894 44.668
v 689.665 31.033 44.944
v 677.899 33.979 44.946
v 677.878 32.894 44.668
v 677.899 33.979 44.946
v 654.348 37.717 44.941
v 654.348 37.717 44.941
v 677.899 33.979 44.946
v 654.606 41.189 46.007
v 654.348 37.717 44.941
v 654.606 41.189 46.007
v 630.517 42.785 46
v 630.517 42.785 46
v 654.606 41.189 46.007
v 630.558 46.291 46.556
v 630.517 42.785 46
v 630.558 46.291 46.556
v 606.754 46.028 46.559
v 606.754 46.028 46.559
v 630.558 46.291 46.556
v 606.465 49.223 46.815
v 606.754 46.028 46.559
v 606.465 49.223 46.815
v 559.383 45.211 46.816
v 559.383 45.211 46.816
v 606.465 49.223 46.815
v 559.39 46.821 46.82
v 559.383 45.211 46.816
v 559.39 46.821 46.82
v 465.783 42.29 47.099
v 465.783 42.29 47.099
v 559.39 46.821 46.82
v 465.767 44.152 47.092
v 465.783 42.29 47.099
v 465.767 44.152 47.092
v 372.914 39.855 47.347
v 372.914 39.855 47.347
v 465.767 44.152 47.092
v 372.941 42.282 46.826
v 372.914 39.855 47.347
v 372.941 42.282 46.826
v 280.068 37.971 47.071
v 280.068 37.971 47.071
v 372.941 42.282 46.826
v 372.643 44.4 46.275
v 280.068 37.971 47.071
v 372.643 44.4 46.275
v 280.109 40.407 46.289
v 280.109 40.407 46.289
v 372.643 44.4 46.275
v 326.348 44.658 45.198
v 280.109 40.407 46.289
v 326.348 44.658 45.198
v 279.854 42.824 45.225
v 279.854 42.824 45.225
v 326.348 44.658 45.198
v 326.124 46.561 44.15
v 279.854 42.824 45.225
v 326.124 46.561 44.15
v 279.798 44.656 43.859
v 279.798 44.656 43.859
v 326.124 46.561 44.15
v 326.094 48.412 42.797
v 279.798 44.656 43.859
v 326.094 48.412 42.797
v 279.81 46.538 42.261
v 279.81 46.538 42.261
v 326.094 48.412 42.797
v 279.828 47.353 41.734
v 279.81 46.538 42.261
v 279.828 47.353 41.734
v 186.428 43.047 41.449
v 668.239 58.838 43.861
v 655.437 60.47 43.881
v 668.006 57.792 44.681
v 668.006 57.792 44.681
v 655.437 60.47 43.881
v 655.416 59.385 44.673
v 668.006 57.792 44.681
v 655.416 59.385 44.673
v 668.03 56.739 44.961
v 668.03 56.739 44.961
v 655.416 59.385 44.673
v 655.408 58.31 44.936
v 668.03 56.739 44.961
v 655.408 58.31 44.936
v 655.164 54.848 46.018
v 655.164 54.848 46.018
v 655.408 58.31 44.936
v 630.261 60.182 44.936
v 655.164 54.848 46.018
v 630.261 60.182 44.936
v 630.258 56.435 46.005
v 630.258 56.435 46.005
v 630.261 60.182 44.936
v 605.946 59.667 44.951
v 630.258 56.435 46.005
v 605.946 59.667 44.951
v 606.236 56.206 46.032
v 606.236 56.206 46.032
v 605.946 59.667 44.951
v 558.57 55.904 45.473
v 606.236 56.206 46.032
v 558.57 55.904 45.473
v 558.565 54.028 46.006
v 558.565 54.028 46.006
v 558.57 55.904 45.473
v 511.51 53.781 45.217
v 558.565 54.028 46.006
v 511.51 53.781 45.217
v 511.762 51.898 45.745
v 511.762 51.898 45.745
v 511.51 53.781 45.217
v 464.964 51.91 44.951
v 511.762 51.898 45.745
v 464.964 51.91 44.951
v 465.214 50.025 45.745
v 465.214 50.025 45.745
v 464.964 51.91 44.951
v 418.656 48.413 45.473
v 417.885 54.588 41.743
v 464.115 56.425 41.985
v 464.141 56.978 41.463
v 464.141 56.978 41.463
v 464.115 56.425 41.985
v 558.08 60.751 42.553
v 464.141 56.978 41.463
v 558.08 60.751 42.553
v 558.027 61.249 41.992
v 558.029 59.645 43.597
v 464.395 55.631 42.794
v 558.276 58.561 44.122
v 558.276 58.561 44.122
v 464.395 55.631 42.794
v 464.646 54.55 43.321
v 558.276 58.561 44.122
v 464.646 54.55 43.321
v 511.21 55.631 44.399
v 511.21 55.631 44.399
v 464.646 54.55 43.321
v 464.708 53.79 43.887
v 605.962 61.819 43.889
v 558.029 59.645 43.597
v 605.899 60.704 44.392
v 605.899 60.704 44.392
v 558.029 59.645 43.597
v 558.276 58.561 44.122
v 605.899 60.704 44.392
v 558.276 58.561 44.122
v 605.946 59.667 44.951
v 605.946 59.667 44.951
v 558.276 58.561 44.122
v 558.329 57.529 44.684
v 605.946 59.667 44.951
v 558.329 57.529 44.684
v 558.57 55.904 45.473
v 558.57 55.904 45.473
v 558.329 57.529 44.684
v 511.21 55.631 44.399
v 558.57 55.904 45.473
v 511.21 55.631 44.399
v 511.51 53.781 45.217
v 511.51 53.781 45.217
v 511.21 55.631 44.399
v 464.708 53.79 43.887
v 511.51 53.781 45.217
v 464.708 53.79 43.887
v 464.964 51.91 44.951
v 464.964 51.91 44.951
v 464.708 53.79 43.887
v 418.664 50.291 44.674
v 464.964 51.91 44.951
v 418.664 50.291 44.674
v 418.656 48.413 45.473
v 418.656 48.413 45.473
v 418.664 50.291 44.674
v 372.417 46.569 45.493
v 605.687 63.686 42.28
v 558.027 61.249 41.992
v 605.939 63.14 42.807
v 605.939 63.14 42.807
v 558.027 61.249 41.992
v 558.08 60.751 42.553
v 605.939 63.14 42.807
v 558.08 60.751 42.553
v 558.008 60.166 43.052
v 558.008 60.166 43.052
v 558.08 60.751 42.553
v 464.115 56.425 41.985
v 558.008 60.166 43.052
v 464.115 56.425 41.985
v 464.402 56.171 42.53
v 464.402 56.171 42.53
v 464.115 56.425 41.985
v 417.885 54.588 41.743
v 464.402 56.171 42.53
v 417.885 54.588 41.743
v 418.165 53.794 42.284
v 418.165 53.794 42.284
v 417.885 54.588 41.743
v 372.116 51.629 41.999
v 418.165 53.794 42.284
v 372.116 51.629 41.999
v 418.157 52.986 43.083
v 418.157 52.986 43.083
v 372.116 51.629 41.999
v 372.113 50.289 43.067
v 418.157 52.986 43.083
v 372.113 50.289 43.067
v 418.368 52.144 43.59
v 418.368 52.144 43.59
v 372.113 50.289 43.067
v 372.411 48.438 44.421
v 719.332 45.995 43.86
v 707.018 51.339 42.785
v 706.49 50.007 43.859
v 706.49 50.007 43.859
v 707.018 51.339 42.785
v 693.95 54.845 42.806
v 706.49 50.007 43.859
v 693.95 54.845 42.806
v 693.681 53.774 43.875
v 693.681 53.774 43.875
v 693.95 54.845 42.806
v 681.089 57.774 42.796
v 693.681 53.774 43.875
v 681.089 57.774 42.796
v 681.087 56.435 43.865
v 681.087 56.435 43.865
v 681.089 57.774 42.796
v 668.239 59.908 42.791
v 681.087 56.435 43.865
v 668.239 59.908 42.791
v 668.239 58.838 43.861
v 668.239 58.838 43.861
v 668.239 59.908 42.791
v 655.455 61.82 42.82
v 668.239 58.838 43.861
v 655.455 61.82 42.82
v 655.437 60.47 43.881
v 655.437 60.47 43.881
v 655.455 61.82 42.82
v 630.258 63.39 42.795
v 655.437 60.47 43.881
v 630.258 63.39 42.795
v 630.241 62.308 43.856
v 630.241 62.308 43.856
v 630.258 63.39 42.795
v 605.939 63.14 42.807
v 630.241 62.308 43.856
v 605.939 63.14 42.807
v 605.962 61.819 43.889
v 605.962 61.819 43.889
v 605.939 63.14 42.807
v 558.008 60.166 43.052
v 605.962 61.819 43.889
v 558.008 60.166 43.052
v 558.029 59.645 43.597
v 558.029 59.645 43.597
v 558.008 60.166 43.052
v 464.402 56.171 42.53
v 558.029 59.645 43.597
v 464.402 56.171 42.53
v 464.395 55.631 42.794
v 464.395 55.631 42.794
v 464.402 56.171 42.53
v 418.165 53.794 42.284
v 464.395 55.631 42.794
v 418.165 53.794 42.284
v 464.646 54.55 43.321
v 464.646 54.55 43.321
v 418.165 53.794 42.284
v 418.157 52.986 43.083
v 464.646 54.55 43.321
v 418.157 52.986 43.083
v 464.708 53.79 43.887
v 464.708 53.79 43.887
v 418.157 52.986 43.083
v 418.368 52.144 43.59
v 464.708 53.79 43.887
v 418.368 52.144 43.59
v 418.664 50.291 44.674
v 418.664 50.291 44.674
v 418.368 52.144 43.59
v 372.411 48.438 44.421
v 418.664 50.291 44.674
v 372.411 48.438 44.421
v 372.417 46.569 45.493
v 755.756 28.367 3.218
v 743.732 33.995 3.225
v 756.249 29.14 3.464
v 756.249 29.14 3.464
v 743.732 33.995 3.225
v 743.998 35.064 3.492
v 756.249 29.14 3.464
v 743.998 35.064 3.492
v 756.798 30.22 4.274
v 756.798 30.22 4.274
v 743.998 35.064 3.492
v 744.482 36.098 4.268
v 756.798 30.22 4.274
v 744.482 36.098 4.268
v 757.329 31.287 5.341
v 757.329 31.287 5.341
v 744.482 36.098 4.268
v 745.03 37.178 5.345
v 757.329 31.287 5.341
v 745.03 37.178 5.345
v 757.894 32.378 6.426
v 757.894 32.378 6.426
v 745.03 37.178 5.345
v 745.309 38.256 6.421
v 757.894 32.378 6.426
v 745.309 38.256 6.421
v 758.117 32.882 7.742
v 758.117 32.882 7.742
v 745.309 38.256 6.421
v 745.868 39.075 7.77
v 758.117 32.882 7.742
v 745.868 39.075 7.77
v 758.388 33.42 8.814
v 758.388 33.42 8.814
v 745.868 39.075 7.77
v 745.824 39.312 8.818
v 758.388 33.42 8.814
v 745.824 39.312 8.818
v 746.362 40.116 11.227
v 746.362 40.116 11.227
v 745.824 39.312 8.818
v 733.51 45.726 11.222
v 746.362 40.116 11.227
v 733.51 45.726 11.222
v 734.038 46.792 15.499
v 734.038 46.792 15.499
v 733.51 45.726 11.222
v 720.997 51.654 15.533
v 734.038 46.792 15.499
v 720.997 51.654 15.533
v 721.198 52.41 19.78
v 721.198 52.41 19.78
v 720.997 51.654 15.533
v 708.146 56.462 19.808
v 721.198 52.41 19.78
v 708.146 56.462 19.808
v 708.112 56.706 24.071
v 708.112 56.706 24.071
v 708.146 56.462 19.808
v 695.038 60.475 24.088
v 708.112 56.706 24.071
v 695.038 60.475 24.088
v 694.996 60.179 28.348
v 694.996 60.179 28.348
v 695.038 60.475 24.088
v 681.912 63.139 28.36
v 694.996 60.179 28.348
v 681.912 63.139 28.36
v 681.633 62.328 32.635
v 681.633 62.328 32.635
v 681.912 63.139 28.36
v 668.565 64.764 32.655
v 681.633 62.328 32.635
v 668.565 64.764 32.655
v 668.556 63.42 36.931
v 668.556 63.42 36.931
v 668.565 64.764 32.655
v 655.662 64.988 36.904
v 668.556 63.42 36.931
v 655.662 64.988 36.904
v 668.534 62.602 39.059
v 668.534 62.602 39.059
v 655.662 64.988 36.904
v 655.698 64.21 39.062
v 668.534 62.602 39.059
v 655.698 64.21 39.062
v 668.5 62.043 40.38
v 668.5 62.043 40.38
v 655.698 64.21 39.062
v 655.695 63.674 40.398
v 668.5 62.043 40.38
v 655.695 63.674 40.398
v 668.52 61.255 41.728
v 668.52 61.255 41.728
v 655.695 63.674 40.398
v 655.706 62.878 41.741
v 668.52 61.255 41.728
v 655.706 62.878 41.741
v 655.435 62.341 42.275
v 655.435 62.341 42.275
v 655.706 62.878 41.741
v 630.246 64.452 41.718
v 655.435 62.341 42.275
v 630.246 64.452 41.718
v 630.308 63.96 42.285
v 630.308 63.96 42.285
v 630.246 64.452 41.718
v 605.687 64.221 41.478
v 630.308 63.96 42.285
v 605.687 64.221 41.478
v 605.687 63.686 42.28
v 605.687 63.686 42.28
v 605.687 64.221 41.478
v 557.754 61.781 41.454
v 605.687 63.686 42.28
v 557.754 61.781 41.454
v 558.027 61.249 41.992
v 558.027 61.249 41.992
v 557.754 61.781 41.454
v 464.167 57.531 40.941
v 558.027 61.249 41.992
v 464.167 57.531 40.941
v 464.141 56.978 41.463
v 325.816 49.208 41.989
v 326.094 48.412 42.797
v 372.113 50.289 43.067
v 372.113 50.289 43.067
v 326.094 48.412 42.797
v 326.124 46.561 44.15
v 372.113 50.289 43.067
v 326.124 46.561 44.15
v 372.411 48.438 44.421
v 372.411 48.438 44.421
v 326.124 46.561 44.15
v 326.348 44.658 45.198
v 372.411 48.438 44.421
v 326.348 44.658 45.198
v 372.417 46.569 45.493
v 372.417 46.569 45.493
v 326.348 44.658 45.198
v 372.643 44.4 46.275
v 372.417 46.569 45.493
v 372.643 44.4 46.275
v 418.656 48.413 45.473
v 418.656 48.413 45.473
v 372.643 44.4 46.275
v 418.9 46.256 46.263
v 418.656 48.413 45.473
v 418.9 46.256 46.263
v 465.214 50.025 45.745
v 465.214 50.025 45.745
v 418.9 46.256 46.263
v 465.2 48.142 46.273
v 465.214 50.025 45.745
v 465.2 48.142 46.273
v 511.79 50.312 46.294
v 511.79 50.312 46.294
v 465.2 48.142 46.273
v 512.012 48.407 46.806
v 511.79 50.312 46.294
v 512.012 48.407 46.806
v 559.095 50.547 46.538
v 559.095 50.547 46.538
v 512.012 48.407 46.806
v 559.123 48.694 46.82
v 559.095 50.547 46.538
v 559.123 48.694 46.82
v 606.491 52.719 46.561
v 606.491 52.719 46.561
v 559.123 48.694 46.82
v 606.465 49.223 46.815
v 606.491 52.719 46.561
v 606.465 49.223 46.815
v 630.579 49.784 46.834
v 630.579 49.784 46.834
v 606.465 49.223 46.815
v 630.558 46.291 46.556
v 630.579 49.784 46.834
v 630.558 46.291 46.556
v 654.651 44.698 46.564
v 654.651 44.698 46.564
v 630.558 46.291 46.556
v 654.606 41.189 46.007
v 654.651 44.698 46.564
v 654.606 41.189 46.007
v 666.623 43.046 46.531
v 666.623 43.046 46.531
v 654.606 41.189 46.007
v 678.975 40.938 46.554
v 666.623 43.046 46.531
v 678.975 40.938 46.554
v 679.196 44.116 46.799
v 679.196 44.116 46.799
v 678.975 40.938 46.554
v 691.503 41.441 46.799
v 679.196 44.116 46.799
v 691.503 41.441 46.799
v 692.105 44.699 46.565
v 692.105 44.699 46.565
v 691.503 41.441 46.799
v 704.375 41.196 46.547
v 692.105 44.699 46.565
v 704.375 41.196 46.547
v 705.183 44.678 46.015
v 705.183 44.678 46.015
v 704.375 41.196 46.547
v 717.741 40.654 46.007
v 705.183 44.678 46.015
v 717.741 40.654 46.007
v 718.806 44.128 44.934
v 718.806 44.128 44.934
v 717.741 40.654 46.007
v 731.14 39.333 44.949
v 718.806 44.128 44.934
v 731.14 39.333 44.949
v 719.128 44.969 44.427
v 719.128 44.969 44.427
v 731.14 39.333 44.949
v 731.692 40.414 44.422
v 719.128 44.969 44.427
v 731.692 40.414 44.422
v 719.332 45.995 43.86
v 719.332 45.995 43.86
v 731.692 40.414 44.422
v 731.896 41.44 43.855
v 719.332 45.995 43.86
v 731.896 41.44 43.855
v 719.622 47.348 42.801
v 719.622 47.348 42.801
v 731.896 41.44 43.855
v 732.433 42.512 42.786
v 719.622 47.348 42.801
v 732.433 42.512 42.786
v 720.123 48.394 41.714
v 720.123 48.394 41.714
v 732.433 42.512 42.786
v 732.725 43.599 41.728
v 720.123 48.394 41.714
v 732.725 43.599 41.728
v 720.393 49.198 40.377
v 720.393 49.198 40.377
v 732.725 43.599 41.728
v 733.021 44.421 40.405
v 720.393 49.198 40.377
v 733.021 44.421 40.405
v 720.462 49.782 39.075
v 720.462 49.782 39.075
v 733.021 44.421 40.405
v 733.249 44.929 39.048
v 720.462 49.782 39.075
v 733.249 44.929 39.048
v 720.72 50.578 36.93
v 720.72 50.578 36.93
v 733.249 44.929 39.048
v 733.554 45.758 36.926
v 720.72 50.578 36.93
v 733.554 45.758 36.926
v 734.102 46.836 32.652
v 734.102 46.836 32.652
v 733.554 45.758 36.926
v 746.669 41.214 32.649
v 734.102 46.836 32.652
v 746.669 41.214 32.649
v 746.888 41.983 28.345
v 746.888 41.983 28.345
v 746.669 41.214 32.649
v 759.736 35.835 28.348
v 746.888 41.983 28.345
v 759.736 35.835 28.348
v 759.729 36.097 24.064
v 1.633 6.975 43.887
v 188.074 14.184 42.005
v 187.766 16.029 43.589
v 187.766 16.029 43.589
v 188.074 14.184 42.005
v 281.181 19.274 42.277
v 187.766 16.029 43.589
v 281.181 19.274 42.277
v 281.2 21.161 43.892
v 281.2 21.161 43.892
v 281.181 19.274 42.277
v 327.451 23.815 44.145
v 281.2 21.161 43.892
v 327.451 23.815 44.145
v 327.456 25.958 45.217
v 327.456 25.958 45.217
v 327.451 23.815 44.145
v 373.706 28.612 45.469
v 327.456 25.958 45.217
v 373.706 28.612 45.469
v 373.473 30.776 46.289
v 373.473 30.776 46.289
v 373.706 28.612 45.469
v 419.99 33.429 46.273
v 373.473 30.776 46.289
v 419.99 33.429 46.273
v 373.488 32.927 46.831
v 373.488 32.927 46.831
v 419.99 33.429 46.273
v 466.264 38.24 46.805
v 373.488 32.927 46.831
v 466.264 38.24 46.805
v 373.166 35.296 47.339
v 373.166 35.296 47.339
v 466.264 38.24 46.805
v 465.998 40.114 47.073
v 373.166 35.296 47.339
v 465.998 40.114 47.073
v 373.199 37.727 47.356
v 747.737 12.855 2.151
v 736.722 18.173 2.127
v 738.11 21.419 1.617
v 738.11 21.419 1.617
v 736.722 18.173 2.127
v 726.6 26.497 1.614
v 738.11 21.419 1.617
v 726.6 26.497 1.614
v 727.683 29.716 1.353
v 727.683 29.716 1.353
v 726.6 26.497 1.614
v 715.596 33.963 1.329
v 727.683 29.716 1.353
v 715.596 33.963 1.329
v 716.652 37.163 1.589
v 716.652 37.163 1.589
v 715.596 33.963 1.329
v 704.364 41.188 1.598
v 716.652 37.163 1.589
v 704.364 41.188 1.598
v 705.165 44.665 2.132
v 705.165 44.665 2.132
v 704.364 41.188 1.598
v 692.579 47.866 2.126
v 705.165 44.665 2.132
v 692.579 47.866 2.126
v 693.387 51.616 3.199
v 693.387 51.616 3.199
v 692.579 47.866 2.126
v 680.543 54.288 3.197
v 693.387 51.616 3.199
v 680.543 54.288 3.197
v 693.701 52.451 3.49
v 693.701 52.451 3.49
v 680.543 54.288 3.197
v 680.868 55.399 3.494
v 693.701 52.451 3.49
v 680.868 55.399 3.494
v 693.702 53.789 4.293
v 693.702 53.789 4.293
v 680.868 55.399 3.494
v 681.099 56.443 4.278
v 693.702 53.789 4.293
v 681.099 56.443 4.278
v 693.911 54.818 5.066
v 693.911 54.818 5.066
v 681.099 56.443 4.278
v 681.092 57.776 5.077
v 693.911 54.818 5.066
v 681.092 57.776 5.077
v 694.213 55.912 6.421
v 694.213 55.912 6.421
v 681.092 57.776 5.077
v 681.344 58.835 6.407
v 694.213 55.912 6.421
v 681.344 58.835 6.407
v 694.514 56.738 7.775
v 694.514 56.738 7.775
v 681.344 58.835 6.407
v 681.353 59.644 7.749
v 694.514 56.738 7.775
v 681.353 59.644 7.749
v 694.518 57.276 8.847
v 694.518 57.276 8.847
v 681.353 59.644 7.749
v 681.338 60.168 8.811
v 694.518 57.276 8.847
v 681.338 60.168 8.811
v 681.654 61.005 10.976
v 681.654 61.005 10.976
v 681.338 60.168 8.811
v 668.529 63.401 10.968
v 681.654 61.005 10.976
v 668.529 63.401 10.968
v 668.565 64.764 15.534
v 668.565 64.764 15.534
v 668.529 63.401 10.968
v 655.668 66.33 15.505
v 668.565 64.764 15.534
v 655.668 66.33 15.505
v 655.662 67.128 19.783
v 655.662 67.128 19.783
v 655.668 66.33 15.505
v 642.872 68.234 19.808
v 655.662 67.128 19.783
v 642.872 68.234 19.808
v 642.812 68.459 24.059
v 642.812 68.459 24.059
v 642.872 68.234 19.808
v 630.272 69.018 24.075
v 642.812 68.459 24.059
v 630.272 69.018 24.075
v 630.297 68.768 28.368
v 630.297 68.768 28.368
v 630.272 69.018 24.075
v 605.695 68.507 24.093
v 630.297 68.768 28.368
v 605.695 68.507 24.093
v 605.648 68.206 28.349
v 605.648 68.206 28.349
v 605.695 68.507 24.093
v 557.534 66.094 24.089
v 605.648 68.206 28.349
v 557.534 66.094 24.089
v 557.5 65.803 28.352
v 512.825 39.051 46.276
v 466.264 38.24 46.805
v 466.269 36.371 46.272
v 466.269 36.371 46.272
v 466.264 38.24 46.805
v 419.99 33.429 46.273
v 466.269 36.371 46.272
v 419.99 33.429 46.273
v 419.986 31.554 45.469
v 419.986 31.554 45.469
v 419.99 33.429 46.273
v 373.706 28.612 45.469
v 419.986 31.554 45.469
v 373.706 28.612 45.469
v 374.015 26.768 44.42
v 374.015 26.768 44.42
v 373.706 28.612 45.469
v 327.451 23.815 44.145
v 374.015 26.768 44.42
v 327.451 23.815 44.145
v 327.685 22.186 42.79
v 327.685 22.186 42.79
v 327.451 23.815 44.145
v 281.181 19.274 42.277
v 327.685 22.186 42.79
v 281.181 19.274 42.277
v 327.719 21.407 42.004
v 327.719 21.407 42.004
v 281.181 19.274 42.277
v 281.189 18.745 41.746
v 327.719 21.407 42.004
v 281.189 18.745 41.746
v 327.729 20.879 41.475
v 327.729 20.879 41.475
v 281.189 18.745 41.746
v 281.182 18.205 41.208
v 327.729 20.879 41.475
v 281.182 18.205 41.208
v 281.188 17.674 40.675
v 281.188 17.674 40.675
v 281.182 18.205 41.208
v 234.632 15.796 40.939
v 281.188 17.674 40.675
v 234.632 15.796 40.939
v 234.642 15.268 40.409
v 234.642 15.268 40.409
v 234.632 15.796 40.939
v 188.031 13.084 40.645
v 234.642 15.268 40.409
v 188.031 13.084 40.645
v 234.583 14.959 39.845
v 234.583 14.959 39.845
v 188.031 13.084 40.645
v 188.073 12.579 39.864
v 234.583 14.959 39.845
v 188.073 12.579 39.864
v 188.049 12.294 39.317
v 188.049 12.294 39.317
v 188.073 12.579 39.864
v 1.634 3.498 39.875
v 188.049 12.294 39.317
v 1.634 3.498 39.875
v 188.043 12.022 38.511
v 188.043 12.022 38.511
v 1.634 3.498 39.875
v 1.899 2.693 38.536
v 188.043 12.022 38.511
v 1.899 2.693 38.536
v 188.04 11.218 36.637
v 188.04 11.218 36.637
v 1.899 2.693 38.536
v 1.879 2.145 36.653
v 188.04 11.218 36.637
v 1.879 2.145 36.653
v 188.075 10.172 32.642
v 188.075 10.172 32.642
v 1.879 2.145 36.653
v 1.903 0.824 32.653
v 188.075 10.172 32.642
v 1.903 0.824 32.653
v 188.338 9.634 28.36
v 188.338 9.634 28.36
v 1.903 0.824 32.653
v 1.846 0.249 28.344
v 188.338 9.634 28.36
v 1.846 0.249 28.344
v 188.321 9.355 24.071
v 188.321 9.355 24.071
v 1.846 0.249 28.344
v 1.865 -0.005 24.073
v 188.321 9.355 24.071
v 1.865 -0.005 24.073
v 188.365 9.653 19.812
v 188.365 9.653 19.812
v 1.865 -0.005 24.073
v 1.867 0.264 19.794
v 188.365 9.653 19.812
v 1.867 0.264 19.794
v 188.094 10.185 15.53
v 188.094 10.185 15.53
v 1.867 0.264 19.794
v 1.897 0.819 15.528
v 188.094 10.185 15.53
v 1.897 0.819 15.528
v 188.068 11.237 11.504
v 188.068 11.237 11.504
v 1.897 0.819 15.528
v 1.842 2.118 11.488
v 188.068 11.237 11.504
v 1.842 2.118 11.488
v 188.063 12.036 9.629
v 188.063 12.036 9.629
v 1.842 2.118 11.488
v 1.851 2.66 9.62
v 188.063 12.036 9.629
v 1.851 2.66 9.62
v 188.071 12.31 8.831
v 188.071 12.31 8.831
v 1.851 2.66 9.62
v 188.067 12.574 8.294
v 188.071 12.31 8.831
v 188.067 12.574 8.294
v 234.619 14.984 8.295
v 234.619 14.984 8.295
v 188.067 12.574 8.294
v 234.64 15.266 7.771
v 234.619 14.984 8.295
v 234.64 15.266 7.771
v 281.142 17.642 7.48
v 281.142 17.642 7.48
v 234.64 15.266 7.771
v 281.149 18.182 6.949
v 281.142 17.642 7.48
v 281.149 18.182 6.949
v 327.746 20.356 7.24
v 327.746 20.356 7.24
v 281.149 18.182 6.949
v 327.704 20.862 6.685
v 327.746 20.356 7.24
v 327.704 20.862 6.685
v 374.296 22.765 6.706
v 371.832 54.025 9.353
v 186.49 44.429 8.843
v 186.492 44.697 9.646
v 186.492 44.697 9.646
v 186.49 44.429 8.843
v 0.235 35.29 9.614
v 186.492 44.697 9.646
v 0.235 35.29 9.614
v 186.498 45.237 11.522
v 186.498 45.237 11.522
v 0.235 35.29 9.614
v 0.019 35.861 11.513
v 186.498 45.237 11.522
v 0.019 35.861 11.513
v 186.481 46.295 15.526
v 186.481 46.295 15.526
v 0.019 35.861 11.513
v -0.003 36.916 15.515
v 186.481 46.295 15.526
v -0.003 36.916 15.515
v 186.452 47.077 19.792
v 186.452 47.077 19.792
v -0.003 36.916 15.515
v 0.033 37.743 19.813
v 186.452 47.077 19.792
v 0.033 37.743 19.813
v 186.471 47.358 24.082
v 186.471 47.358 24.082
v 0.033 37.743 19.813
v -0.028 37.968 24.063
v 186.471 47.358 24.082
v -0.028 37.968 24.063
v 186.466 47.087 28.36
v 186.466 47.087 28.36
v -0.028 37.968 24.063
v 0.031 37.742 28.373
v 186.466 47.087 28.36
v 0.031 37.742 28.373
v 186.426 46.256 32.62
v 186.426 46.256 32.62
v 0.031 37.742 28.373
v -0.013 36.909 32.631
v 186.426 46.256 32.62
v -0.013 36.909 32.631
v 186.494 45.234 36.667
v 186.494 45.234 36.667
v -0.013 36.909 32.631
v 0.008 35.853 36.654
v 186.494 45.234 36.667
v 0.008 35.853 36.654
v 186.496 44.701 38.541
v 186.496 44.701 38.541
v 0.008 35.853 36.654
v 0.264 35.31 38.521
v 186.496 44.701 38.541
v 0.264 35.31 38.521
v 186.484 44.424 39.337
v 186.484 44.424 39.337
v 0.264 35.31 38.521
v 0.281 34.52 39.867
v 186.484 44.424 39.337
v 0.281 34.52 39.867
v 186.451 43.867 39.856
v 186.451 43.867 39.856
v 0.281 34.52 39.867
v 186.441 43.324 40.653
v 186.451 43.867 39.856
v 186.441 43.324 40.653
v 233.034 46.031 40.408
v 233.034 46.031 40.408
v 186.441 43.324 40.653
v 233.263 45.737 40.924
v 233.034 46.031 40.408
v 233.263 45.737 40.924
v 279.522 47.593 41.18
v 0.303 32.93 42.286
v 0.242 31.014 43.86
v 186.75 40.678 43.617
v 186.75 40.678 43.617
v 0.242 31.014 43.86
v 186.72 38.517 44.939
v 186.75 40.678 43.617
v 186.72 38.517 44.939
v 279.854 42.824 45.225
v 279.854 42.824 45.225
v 186.72 38.517 44.939
v 186.996 36.115 46.281
v 279.854 42.824 45.225
v 186.996 36.115 46.281
v 280.109 40.407 46.289
v 280.109 40.407 46.289
v 186.996 36.115 46.281
v 186.961 33.683 47.066
v 280.109 40.407 46.289
v 186.961 33.683 47.066
v 280.068 37.971 47.071
v 280.068 37.971 47.071
v 186.961 33.683 47.066
v 187.246 31.02 47.61
v 280.068 37.971 47.071
v 187.246 31.02 47.61
v 372.914 39.855 47.347
v 372.914 39.855 47.347
v 187.246 31.02 47.61
v 373.199 37.727 47.356
v 372.914 39.855 47.347
v 373.199 37.727 47.356
v 465.783 42.29 47.099
v 465.783 42.29 47.099
v 373.199 37.727 47.356
v 465.998 40.114 47.073
v 465.783 42.29 47.099
v 465.998 40.114 47.073
v 559.383 45.211 46.816
v 559.383 45.211 46.816
v 465.998 40.114 47.073
v 512.839 40.934 46.818
v 559.383 45.211 46.816
v 512.839 40.934 46.818
v 559.635 43.328 46.541
v 559.635 43.328 46.541
v 512.839 40.934 46.818
v 512.825 39.051 46.276
v 559.635 43.328 46.541
v 512.825 39.051 46.276
v 559.937 39.874 46.023
v 559.937 39.874 46.023
v 512.825 39.051 46.276
v 513.134 37.208 45.762
v 559.937 39.874 46.023
v 513.134 37.208 45.762
v 559.911 37.983 45.475
v 559.911 37.983 45.475
v 513.134 37.208 45.762
v 513.36 35.306 45.206
v 559.911 37.983 45.475
v 513.36 35.306 45.206
v 560.186 36.383 44.676
v 560.186 36.383 44.676
v 513.36 35.306 45.206
v 513.599 33.413 44.389
v 560.186 36.383 44.676
v 513.599 33.413 44.389
v 560.445 35.307 44.137
v 560.445 35.307 44.137
v 513.599 33.413 44.389
v 467.062 29.676 43.325
v 560.445 35.307 44.137
v 467.062 29.676 43.325
v 560.488 34.267 43.623
v 560.488 34.267 43.623
v 467.062 29.676 43.325
v 467.354 28.891 42.802
v 560.488 34.267 43.623
v 467.354 28.891 42.802
v 560.455 33.709 43.072
v 560.455 33.709 43.072
v 467.354 28.891 42.802
v 467.337 28.344 42.526
v 560.455 33.709 43.072
v 467.337 28.344 42.526
v 560.463 33.179 42.541
v 560.463 33.179 42.541
v 467.337 28.344 42.526
v 467.335 28.075 41.99
v 560.463 33.179 42.541
v 467.335 28.075 41.99
v 560.756 32.395 42.019
v 560.756 32.395 42.019
v 467.335 28.075 41.99
v 467.318 27.528 41.447
v 560.756 32.395 42.019
v 467.318 27.528 41.447
v 560.705 32.092 41.458
v 560.705 32.092 41.458
v 467.318 27.528 41.447
v 467.64 27.031 40.939
v 560.705 32.092 41.458
v 467.64 27.031 40.939
v 560.744 31.584 40.942
v 560.744 31.584 40.942
v 467.64 27.031 40.939
v 374.556 21.957 40.143
v 560.744 31.584 40.942
v 374.556 21.957 40.143
v 560.751 31.322 40.143
v 560.751 31.322 40.143
v 374.556 21.957 40.143
v 374.551 21.686 39.605
v 560.751 31.322 40.143
v 374.551 21.686 39.605
v 560.702 30.752 39.049
v 560.702 30.752 39.049
v 374.551 21.686 39.605
v 374.532 21.405 38.793
v 560.702 30.752 39.049
v 374.532 21.405 38.793
v 560.982 29.959 36.915
v 560.982 29.959 36.915
v 374.532 21.405 38.793
v 374.49 20.573 36.631
v 560.982 29.959 36.915
v 374.49 20.573 36.631
v 560.958 28.604 32.623
v 560.958 28.604 32.623
v 374.49 20.573 36.631
v 374.518 19.523 32.633
v 560.958 28.604 32.623
v 374.518 19.523 32.633
v 560.969 28.077 28.348
v 560.969 28.077 28.348
v 374.518 19.523 32.633
v 374.506 18.712 28.347
v 560.969 28.077 28.348
v 374.506 18.712 28.347
v 560.953 27.798 24.059
v 560.953 27.798 24.059
v 374.506 18.712 28.347
v 374.509 18.447 24.068
v 560.953 27.798 24.059
v 374.509 18.447 24.068
v 561.018 28.111 19.812
v 561.018 28.111 19.812
v 374.509 18.447 24.068
v 374.559 18.749 19.813
v 561.018 28.111 19.812
v 374.559 18.749 19.813
v 561.001 28.634 15.523
v 561.001 28.634 15.523
v 374.559 18.749 19.813
v 374.508 19.516 15.507
v 561.001 28.634 15.523
v 374.508 19.516 15.507
v 561.012 29.98 11.248
v 561.012 29.98 11.248
v 374.508 19.516 15.507
v 374.517 20.592 11.231
v 561.012 29.98 11.248
v 374.517 20.592 11.231
v 560.706 30.755 9.089
v 560.706 30.755 9.089
v 374.517 20.592 11.231
v 374.503 21.385 9.351
v 560.706 30.755 9.089
v 374.503 21.385 9.351
v 560.683 31.274 7.74
v 560.683 31.274 7.74
v 374.503 21.385 9.351
v 374.532 21.673 8.563
v 560.683 31.274 7.74
v 374.532 21.673 8.563
v 560.707 31.558 7.217
v 560.707 31.558 7.217
v 374.532 21.673 8.563
v 374.514 21.928 8.019
v 560.707 31.558 7.217
v 374.514 21.928 8.019
v 467.591 26.997 6.939
v 467.591 26.997 6.939
v 374.514 21.928 8.019
v 374.55 22.22 7.502
v 467.591 26.997 6.939
v 374.55 22.22 7.502
v 467.393 27.581 6.439
v 467.393 27.581 6.439
v 374.55 22.22 7.502
v 374.546 22.485 7.233
v 467.393 27.581 6.439
v 374.546 22.485 7.233
v 420.793 25.404 6.413
v 420.793 25.404 6.413
v 374.546 22.485 7.233
v 374.296 22.765 6.706
v 420.793 25.404 6.413
v 374.296 22.765 6.706
v 374.262 23.543 6.154
v 374.262 23.543 6.154
v 374.296 22.765 6.706
v 327.704 20.862 6.685
v 374.262 23.543 6.154
v 327.704 20.862 6.685
v 327.74 21.422 5.9
v 327.74 21.422 5.9
v 327.704 20.862 6.685
v 281.149 18.182 6.949
v 327.74 21.422 5.9
v 281.149 18.182 6.949
v 281.131 18.704 6.405
v 281.131 18.704 6.405
v 281.149 18.182 6.949
v 234.601 15.774 7.216
v 281.131 18.704 6.405
v 234.601 15.774 7.216
v 188.055 13.636 6.682
v 188.055 13.636 6.682
v 234.601 15.774 7.216
v 188.086 13.122 7.233
v 188.055 13.636 6.682
v 188.086 13.122 7.233
v 1.575 3.992 6.941
v 1.575 3.992 6.941
v 188.086 13.122 7.233
v 1.573 3.455 8.277
v 1.349 13.652 1.076
v 1.061 16.312 0.53
v 187.535 25.684 0.537
v 187.535 25.684 0.537
v 1.061 16.312 0.53
v 187.228 28.332 0.25
v 187.535 25.684 0.537
v 187.228 28.332 0.25
v 373.165 37.703 0.523
v 373.165 37.703 0.523
v 187.228 28.332 0.25
v 372.91 39.852 0.797
v 373.165 37.703 0.523
v 372.91 39.852 0.797
v 465.742 44.134 1.066
v 465.742 44.134 1.066
v 372.91 39.852 0.797
v 465.473 46.273 1.332
v 465.742 44.134 1.066
v 465.473 46.273 1.332
v 512.045 48.43 1.344
v 512.045 48.43 1.344
v 465.473 46.273 1.332
v 511.743 50.279 1.862
v 512.045 48.43 1.344
v 511.743 50.279 1.862
v 558.552 54.019 2.126
v 558.552 54.019 2.126
v 511.743 50.279 1.862
v 511.793 51.919 2.154
v 558.552 54.019 2.126
v 511.793 51.919 2.154
v 558.605 55.929 2.688
v 558.605 55.929 2.688
v 511.793 51.919 2.154
v 511.503 53.776 2.946
v 558.605 55.929 2.688
v 511.503 53.776 2.946
v 558.306 57.512 3.475
v 558.306 57.512 3.475
v 511.503 53.776 2.946
v 511.265 55.669 3.763
v 558.306 57.512 3.475
v 511.265 55.669 3.763
v 558.338 58.605 3.758
v 558.338 58.605 3.758
v 511.265 55.669 3.763
v 464.646 54.55 4.531
v 558.338 58.605 3.758
v 464.646 54.55 4.531
v 558.012 59.634 4.531
v 558.012 59.634 4.531
v 464.646 54.55 4.531
v 464.378 55.619 5.333
v 558.012 59.634 4.531
v 464.378 55.619 5.333
v 558.034 60.184 4.81
v 558.034 60.184 4.81
v 464.378 55.619 5.333
v 464.376 56.153 5.599
v 558.034 60.184 4.81
v 464.376 56.153 5.599
v 558.018 60.708 5.337
v 558.018 60.708 5.337
v 464.376 56.153 5.599
v 464.145 56.446 6.153
v 558.018 60.708 5.337
v 464.145 56.446 6.153
v 558.011 61.238 5.869
v 558.011 61.238 5.869
v 464.145 56.446 6.153
v 464.179 57.005 6.437
v 558.011 61.238 5.869
v 464.179 57.005 6.437
v 557.792 61.807 6.695
v 557.792 61.807 6.695
v 464.179 57.005 6.437
v 464.142 57.514 6.954
v 557.792 61.807 6.695
v 464.142 57.514 6.954
v 557.773 62.329 7.221
v 557.773 62.329 7.221
v 464.142 57.514 6.954
v 371.856 53.239 8.028
v 557.773 62.329 7.221
v 371.856 53.239 8.028
v 557.771 62.595 7.755
v 557.771 62.595 7.755
v 371.856 53.239 8.028
v 371.889 53.53 8.579
v 557.771 62.595 7.755
v 371.889 53.53 8.579
v 557.744 63.111 9.079
v 557.744 63.111 9.079
v 371.889 53.53 8.579
v 371.832 54.025 9.353
v 557.744 63.111 9.079
v 371.832 54.025 9.353
v 557.791 63.947 11.243
v 557.791 63.947 11.243
v 371.832 54.025 9.353
v 371.62 54.599 11.254
v 557.791 63.947 11.243
v 371.62 54.599 11.254
v 557.538 65.294 15.53
v 557.538 65.294 15.53
v 371.62 54.599 11.254
v 371.549 55.619 15.499
v 557.538 65.294 15.53
v 371.549 55.619 15.499
v 557.536 65.828 19.809
v 557.536 65.828 19.809
v 371.549 55.619 15.499
v 371.593 56.453 19.801
v 557.536 65.828 19.809
v 371.593 56.453 19.801
v 557.534 66.094 24.089
v 557.534 66.094 24.089
v 371.593 56.453 19.801
v 371.566 56.702 24.068
v 557.534 66.094 24.089
v 371.566 56.702 24.068
v 557.5 65.803 28.352
v 557.5 65.803 28.352
v 371.566 56.702 24.068
v 371.565 56.433 28.348
v 557.5 65.803 28.352
v 371.565 56.433 28.348
v 557.532 65.29 32.648
v 557.532 65.29 32.648
v 371.565 56.433 28.348
v 371.563 55.629 32.627
v 557.532 65.29 32.648
v 371.563 55.629 32.627
v 557.808 63.958 36.933
v 557.808 63.958 36.933
v 371.563 55.629 32.627
v 371.558 54.556 36.637
v 557.808 63.958 36.933
v 371.558 54.556 36.637
v 557.778 63.135 39.058
v 557.778 63.135 39.058
v 371.558 54.556 36.637
v 371.886 54.063 38.808
v 557.778 63.135 39.058
v 371.886 54.063 38.808
v 557.798 62.614 40.138
v 557.798 62.614 40.138
v 371.886 54.063 38.808
v 371.829 53.488 39.582
v 557.798 62.614 40.138
v 371.829 53.488 39.582
v 557.76 62.32 40.922
v 557.76 62.32 40.922
v 371.829 53.488 39.582
v 371.844 53.231 40.124
v 557.76 62.32 40.922
v 371.844 53.231 40.124
v 464.167 57.531 40.941
v 464.167 57.531 40.941
v 371.844 53.231 40.124
v 371.885 52.992 40.412
v 464.167 57.531 40.941
v 371.885 52.992 40.412
v 464.141 56.978 41.463
v 464.141 56.978 41.463
v 371.885 52.992 40.412
v 371.838 52.692 40.924
v 464.141 56.978 41.463
v 371.838 52.692 40.924
v 417.885 54.588 41.743
v 417.885 54.588 41.743
v 371.838 52.692 40.924
v 371.885 52.457 41.214
v 417.885 54.588 41.743
v 371.885 52.457 41.214
v 372.116 51.629 41.999
v 372.116 51.629 41.999
v 371.885 52.457 41.214
v 325.817 49.744 41.455
v 372.116 51.629 41.999
v 325.817 49.744 41.455
v 325.816 49.208 41.989
v 325.816 49.208 41.989
v 325.817 49.744 41.455
v 279.522 47.593 41.18
v 325.816 49.208 41.989
v 279.522 47.593 41.18
v 279.828 47.353 41.734
v 279.828 47.353 41.734
v 279.522 47.593 41.18
v 233.263 45.737 40.924
v 279.828 47.353 41.734
v 233.263 45.737 40.924
v 186.428 43.047 41.449
v 186.428 43.047 41.449
v 233.263 45.737 40.924
v 186.441 43.324 40.653
v 186.428 43.047 41.449
v 186.441 43.324 40.653
v 0.27 33.977 40.932
v 0.27 33.977 40.932
v 186.441 43.324 40.653
v 0.281 34.52 39.867
f 1 2 3
f 4 5 6
f 7 8 9
f 10 11 12
f 13 14 15
f 16 17 18
f 19 20 21
f 22 23 24
f 25 26 27
f 28 29 30
f 31 32 33
f 34 35 36
f 37 38 39
f 40 41 42
f 43 44 45
f 46 47 48
f 49 50 51
f 52 53 54
f 55 56 57
f 58 59 60
f 61 62 63
f 64 65 66
f 67 68 69
f 70 71 72
f 73 74 75
f 76 77 78
f 79 80 81
f 82 83 84
f 85 86 87
f 88 89 90
f 91 92 93
f 94 95 96
f 97 98 99
f 100 101 102
f 103 104 105
f 106 107 108
f 109 110 111
f 112 113 114
f 115 116 117
f 118 119 120
f 121 122 123
f 124 125 126
f 127 128 129
f 130 131 132
f 133 134 135
f 136 137 138
f 139 140 141
f 142 143 144
f 145 146 147
f 148 149 150
f 151 152 153
f 154 155 156
f 157 158 159
f 160 161 162
f 163 164 165
f 166 167 168
f 169 170 171
f 172 173 174
f 175 176 177
f 178 179 180
f 181 182 183
f 184 185 186
f 187 188 189
f 190 191 192
f 193 194 195
f 196 197 198
f 199 200 201
f 202 203 204
f 205 206 207
f 208 209 210
f 211 212 213
f 214 215 216
f 217 218 219
f 220 221 222
f 223 224 225
f 226 227 228
f 229 230 231
f 232 233 234
f 235 236 237
f 238 239 240
f 241 242 243
f 244 245 246
f 247 248 249
f 250 251 252
f 253 254 255
f 256 257 258
f 259 260 261
f 262 263 264
f 265 266 267
f 268 269 270
f 271 272 273
f 274 275 276
f 277 278 279
f 280 281 282
f 283 284 285
f 286 287 288
f 289 290 291
f 292 293 294
f 295 296 297
f 298 299 300
f 301 302 303
f 304 305 306
f 307 308 309
f 310 311 312
f 313 314 315
f 316 317 318
f 319 320 321
f 322 323 324
f 325 326 327
f 328 329 330
f 331 332 333
f 334 335 336
f 337 338 339
f 340 341 342
f 343 344 345
f 346 347 348
f 349 350 351
f 352 353 354
f 355 356 357
f 358 359 360
f 361 362 363
f 364 365 366
f 367 368 369
f 370 371 372
f 373 374 375
f 376 377 378
f 379 380 381
f 382 383 384
f 385 386 387
f 388 389 390
f 391 392 393
f 394 395 396
f 397 398 399
f 400 401 402
f 403 404 405
f 406 407 408
f 409 410 411
f 412 413 414
f 415 416 417
f 418 419 420
f 421 422 423
f 424 425 426
f 427 428 429
f 430 431 432
f 433 434 435
f 436 437 438
f 439 440 441
f 442 443 444
f 445 446 447
f 448 449 450
f 451 452 453
f 454 455 456
f 457 458 459
f 460 461 462
f 463 464 465
f 466 467 468
f 469 470 471
f 472 473 474
f 475 476 477
f 478 479 480
f 481 482 483
f 484 485 486
f 487 488 489
f 490 491 492
f 493 494 495
f 496 497 498
f 499 500 501
f 502 503 504
f 505 506 507
f 508 509 510
f 511 512 513
f 514 515 516
f 517 518 519
f 520 521 522
f 523 524 525
f 526 527 528
f 529 530 531
f 532 533 534
f 535 536 537
f 538 539 540
f 541 542 543
f 544 545 546
f 547 548 549
f 550 551 552
f 553 554 555
f 556 557 558
f 559 560 561
f 562 563 564
f 565 566 567
f 568 569 570
f 571 572 573
f 574 575 576
f 577 578 579
f 580 581 582
f 583 584 585
f 586 587 588
f 589 590 591
f 592 593 594
f 595 596 597
f 598 599 600
f 601 602 603
f 604 605 606
f 607 608 609
f 610 611 612
f 613 614 615
f 616 617 618
f 619 620 621
f 622 623 624
f 625 626 627
f 628 629 630
f 631 632 633
f 634 635 636
f 637 638 639
f 640 641 642
f 643 644 645
f 646 647 648
f 649 650 651
f 652 653 654
f 655 656 657
f 658 659 660
f 661 662 663
f 664 665 666
f 667 668 669
f 670 671 672
f 673 674 675
f 676 677 678
f 679 680 681
f 682 683 684
f 685 686 687
f 688 689 690
f 691 692 693
f 694 695 696
f 697 698 699
f 700 701 702
f 703 704 705
f 706 707 708
f 709 710 711
f 712 713 714
f 715 716 717
f 718 719 720
f 721 722 723
f 724 725 726
f 727 728 729
f 730 731 732
f 733 734 735
f 736 737 738
f 739 740 741
f 742 743 744
f 745 746 747
f 748 749 750
f 751 752 753
f 754 755 756
f 757 758 759
f 760 761 762
f 763 764 765
f 766 767 768
f 769 770 771
f 772 773 774
f 775 776 777
f 778 779 780
f 781 782 783
f 784 785 786
f 787 788 789
f 790 791 792
f 793 794 795
f 796 797 798
f 799 800 801
f 802 803 804
f 805 806 807
f 808 809 810
f 811 812 813
f 814 815 816
f 817 818 819
f 820 821 822
f 823 824 825
f 826 827 828
f 829 830 831
f 832 833 834
f 835 836 837
f 838 839 840
f 841 842 843
f 844 845 846
f 847 848 849
f 850 851 852
f 853 854 855
f 856 857 858
f 859 860 861
f 862 863 864
f 865 866 867
f 868 869 870
f 871 872 873
f 874 875 876
f 877 878 879
f 880 881 882
f 883 884 885
f 886 887 888
f 889 890 891
f 892 893 894
f 895 896 897
f 898 899 900
f 901 902 903
f 904 905 906
f 907 908 909
f 910 911 912
f 913 914 915
f 916 917 918
f 919 920 921
f 922 923 924
f 925 926 927
f 928 929 930
f 931 932 933
f 934 935 936
f 937 938 939
f 940 941 942
f 943 944 945
f 946 947 948
f 949 950 951
f 952 953 954
f 955 956 957
f 958 959 960
f 961 962 963
f 964 965 966
f 967 968 969
f 970 971 972
f 973 974 975
f 976 977 978
f 979 980 981
f 982 983 984
f 985 986 987
f 988 989 990
f 991 992 993
f 994 995 996
f 997 998 999
f 1000 1001 1002
f 1003 1004 1005
f 1006 1007 1008
f 1009 1010 1011
f 1012 1013 1014
f 1015 1016 1017
f 1018 1019 1020
f 1021 1022 1023
f 1024 1025 1026
f 1027 1028 1029
f 1030 1031 1032
f 1033 1034 1035
f 1036 1037 1038
f 1039 1040 1041
f 1042 1043 1044
f 1045 1046 1047
f 1048 1049 1050
f 1051 1052 1053
f 1054 1055 1056
f 1057 1058 1059
f 1060 1061 1062
f 1063 1064 1065
f 1066 1067 1068
f 1069 1070 1071
f 1072 1073 1074
f 1075 1076 1077
f 1078 1079 1080
f 1081 1082 1083
f 1084 1085 1086
f 1087 1088 1089
f 1090 1091 1092
f 1093 1094 1095
f 1096 1097 1098
f 1099 1100 1101
f 1102 1103 1104
f 1105 1106 1107
f 1108 1109 1110
f 1111 1112 1113
f 1114 1115 1116
f 1117 1118 1119
f 1120 1121 1122
f 1123 1124 1125
f 1126 1127 1128
f 1129 1130 1131
f 1132 1133 1134
f 1135 1136 1137
f 1138 1139 1140
f 1141 1142 1143
f 1144 1145 1146
f 1147 1148 1149
f 1150 1151 1152
f 1153 1154 1155
f 1156 1157 1158
f 1159 1160 1161
f 1162 1163 1164
f 1165 1166 1167
f 1168 1169 1170
f 1171 1172 1173
f 1174 1175 1176
f 1177 1178 1179
f 1180 1181 1182
f 1183 1184 1185
f 1186 1187 1188
f 1189 1190 1191
f 1192 1193 1194
f 1195 1196 1197
f 1198 1199 1200
f 1201 1202 1203
f 1204 1205 1206
f 1207 1208 1209
f 1210 1211 1212
f 1213 1214 1215
f 1216 1217 1218
f 1219 1220 1221
f 1222 1223 1224
f 1225 1226 1227
f 1228 1229 1230
f 1231 1232 1233
f 1234 1235 1236
f 1237 1238 1239
f 1240 1241 1242
f 1243 1244 1245
f 1246 1247 1248
f 1249 1250 1251
f 1252 1253 1254
f 1255 1256 1257
f 1258 1259 1260
f 1261 1262 1263
f 1264 1265 1266
f 1267 1268 1269
f 1270 1271 1272
f 1273 1274 1275
f 1276 1277 1278
f 1279 1280 1281
f 1282 1283 1284
f 1285 1286 1287
f 1288 1289 1290
f 1291 1292 1293
f 1294 1295 1296
f 1297 1298 1299
f 1300 1301 1302
f 1303 1304 1305
f 1306 1307 1308
f 1309 1310 1311
f 1312 1313 1314
f 1315 1316 1317
f 1318 1319 1320
f 1321 1322 1323
f 1324 1325 1326
f 1327 1328 1329
f 1330 1331 1332
f 1333 1334 1335
f 1336 1337 1338
f 1339 1340 1341
f 1342 1343 1344
f 1345 1346 1347
f 1348 1349 1350
f 1351 1352 1353
f 1354 1355 1356
f 1357 1358 1359
f 1360 1361 1362
f 1363 1364 1365
f 1366 1367 1368
f 1369 1370 1371
f 1372 1373 1374
f 1375 1376 1377
f 1378 1379 1380
f 1381 1382 1383
f 1384 1385 1386
f 1387 1388 1389
f 1390 1391 1392
f 1393 1394 1395
f 1396 1397 1398
f 1399 1400 1401
f 1402 1403 1404
f 1405 1406 1407
f 1408 1409 1410
f 1411 1412 1413
f 1414 1415 1416
f 1417 1418 1419
f 1420 1421 1422
f 1423 1424 1425
f 1426 1427 1428
f 1429 1430 1431
f 1432 1433 1434
f 1435 1436 1437
f 1438 1439 1440
f 1441 1442 1443
f 1444 1445 1446
f 1447 1448 1449
f 1450 1451 1452
f 1453 1454 1455
f 1456 1457 1458
f 1459 1460 1461
f 1462 1463 1464
f 1465 1466 1467
f 1468 1469 1470
f 1471 1472 1473
f 1474 1475 1476
f 1477 1478 1479
f 1480 1481 1482
f 1483 1484 1485
f 1486 1487 1488
f 1489 1490 1491
f 1492 1493 1494
f 1495 1496 1497
f 1498 1499 1500
f 1501 1502 1503
f 1504 1505 1506
f 1507 1508 1509
f 1510 1511 1512
f 1513 1514 1515
f 1516 1517 1518
f 1519 1520 1521
f 1522 1523 1524
f 1525 1526 1527
f 1528 1529 1530
f 1531 1532 1533
f 1534 1535 1536
f 1537 1538 1539
f 1540 1541 1542
f 1543 1544 1545
f 1546 1547 1548
f 1549 1550 1551
f 1552 1553 1554
f 1555 1556 1557
f 1558 1559 1560
f 1561 1562 1563
f 1564 1565 1566
f 1567 1568 1569
f 1570 1571 1572
f 1573 1574 1575
f 1576 1577 1578
f 1579 1580 1581
f 1582 1583 1584
f 1585 1586 1587
f 1588 1589 1590
f 1591 1592 1593
f 1594 1595 1596
f 1597 1598 1599
f 1600 1601 1602
f 1603 1604 1605
f 1606 1607 1608
f 1609 1610 1611
f 1612 1613 1614
f 1615 1616 1617
f 1618 1619 1620
f 1621 1622 1623
f 1624 1625 1626
f 1627 1628 1629
f 1630 1631 1632
f 1633 1634 1635
f 1636 1637 1638
f 1639 1640 1641
f 1642 1643 1644
f 1645 1646 1647
f 1648 1649 1650
f 1651 1652 1653
f 1654 1655 1656
f 1657 1658 1659
f 1660 1661 1662
f 1663 1664 1665
f 1666 1667 1668
f 1669 1670 1671
f 1672 1673 1674
f 1675 1676 1677
f 1678 1679 1680
f 1681 1682 1683
f 1684 1685 1686
f 1687 1688 1689
f 1690 1691 1692
f 1693 1694 1695
f 1696 1697 1698
f 1699 1700 1701
f 1702 1703 1704
f 1705 1706 1707
f 1708 1709 1710
f 1711 1712 1713
f 1714 1715 1716
f 1717 1718 1719
f 1720 1721 1722
f 1723 1724 1725
f 1726 1727 1728
f 1729 1730 1731
f 1732 1733 1734
f 1735 1736 1737
f 1738 1739 1740
f 1741 1742 1743
f 1744 1745 1746
f 1747 1748 1749
f 1750 1751 1752
f 1753 1754 1755
f 1756 1757 1758
f 1759 1760 1761
f 1762 1763 1764
f 1765 1766 1767
f 1768 1769 1770
f 1771 1772 1773
f 1774 1775 1776
f 1777 1778 1779
f 1780 1781 1782
f 1783 1784 1785
f 1786 1787 1788
f 1789 1790 1791
f 1792 1793 1794
f 1795 1796 1797
f 1798 1799 1800
f 1801 1802 1803
f 1804 1805 1806
f 1807 1808 1809
f 1810 1811 1812
f 1813 1814 1815
f 1816 1817 1818
f 1819 1820 1821
f 1822 1823 1824
f 1825 1826 1827
f 1828 1829 1830
f 1831 1832 1833
f 1834 1835 1836
f 1837 1838 1839
f 1840 1841 1842
f 1843 1844 1845
f 1846 1847 1848
f 1849 1850 1851
f 1852 1853 1854
f 1855 1856 1857
f 1858 1859 1860
f 1861 1862 1863
f 1864 1865 1866
f 1867 1868 1869
f 1870 1871 1872
f 1873 1874 1875
f 1876 1877 1878
f 1879 1880 1881
f 1882 1883 1884
f 1885 1886 1887
f 1888 1889 1890
f 1891 1892 1893
f 1894 1895 1896
f 1897 1898 1899
f 1900 1901 1902
f 1903 1904 1905
f 1906 1907 1908
f 1909 1910 1911
f 1912 1913 1914
f 1915 1916 1917
f 1918 1919 1920
f 1921 1922 1923
f 1924 1925 1926
f 1927 1928 1929
f 1930 1931 1932
f 1933 1934 1935
f 1936 1937 1938
f 1939 1940 1941
f 1942 1943 1944
f 1945 1946 1947
f 1948 1949 1950
f 1951 1952 1953
f 1954 1955 1956
f 1957 1958 1959
f 1960 1961 1962
f 1963 1964 1965
f 1966 1967 1968
f 1969 1970 1971
f 1972 1973 1974
f 1975 1976 1977
f 1978 1979 1980
f 1981 1982 1983
f 1984 1985 1986
f 1987 1988 1989
f 1990 1991 1992
f 1993 1994 1995
f 1996 1997 1998
f 1999 2000 2001
f 2002 2003 2004
f 2005 2006 2007
f 2008 2009 2010
f 2011 2012 2013
f 2014 2015 2016
f 2017 2018 2019
f 2020 2021 2022
f 2023 2024 2025
f 2026 2027 2028
f 2029 2030 2031
f 2032 2033 2034
f 2035 2036 2037
f 2038 2039 2040
f 2041 2042 2043
f 2044 2045 2046
f 2047 2048 2049
f 2050 2051 2052
f 2053 2054 2055
f 2056 2057 2058
f 2059 2060 2061
f 2062 2063 2064
f 2065 2066 2067
f 2068 2069 2070
f 2071 2072 2073
f 2074 2075 2076
f 2077 2078 2079
f 2080 2081 2082
f 2083 2084 2085
f 2086 2087 2088
f 2089 2090 2091
f 2092 2093 2094
f 2095 2096 2097
f 2098 2099 2100
f 2101 2102 2103
f 2104 2105 2106
f 2107 2108 2109
f 2110 2111 2112
f 2113 2114 2115
f 2116 2117 2118
f 2119 2120 2121
f 2122 2123 2124
f 2125 2126 2127
f 2128 2129 2130
f 2131 2132 2133
f 2134 2135 2136
f 2137 2138 2139
f 2140 2141 2142
f 2143 2144 2145
f 2146 2147 2148
f 2149 2150 2151
f 2152 2153 2154
f 2155 2156 2157
f 2158 2159 2160
f 2161 2162 2163
f 2164 2165 2166
f 2167 2168 2169
f 2170 2171 2172
f 2173 2174 2175
f 2176 2177 2178
f 2179 2180 2181
f 2182 2183 2184
f 2185 2186 2187
f 2188 2189 2190
f 2191 2192 2193
f 2194 2195 2196
f 2197 2198 2199
f 2200 2201 2202
f 2203 2204 2205
f 2206 2207 2208
f 2209 2210 2211
f 2212 2213 2214
f 2215 2216 2217
f 2218 2219 2220
f 2221 2222 2223
f 2224 2225 2226
f 2227 2228 2229
f 2230 2231 2232
f 2233 2234 2235
f 2236 2237 2238
f 2239 2240 2241
f 2242 2243 2244
f 2245 2246 2247
f 2248 2249 2250
f 2251 2252 2253
f 2254 2255 2256
f 2257 2258 2259
f 2260 2261 2262
f 2263 2264 2265
f 2266 2267 2268
f 2269 2270 2271
f 2272 2273 2274
f 2275 2276 2277
f 2278 2279 2280
f 2281 2282 2283
f 2284 2285 2286
f 2287 2288 2289
f 2290 2291 2292
f 2293 2294 2295
f 2296 2297 2298
f 2299 2300 2301
f 2302 2303 2304
f 2305 2306 2307
f 2308 2309 2310
f 2311 2312 2313
f 2314 2315 2316
f 2317 2318 2319
f 2320 2321 2322
f 2323 2324 2325
f 2326 2327 2328
f 2329 2330 2331
f 2332 2333 2334
f 2335 2336 2337
f 2338 2339 2340
f 2341 2342 2343
f 2344 2345 2346
f 2347 2348 2349
f 2350 2351 2352
f 2353 2354 2355
f 2356 2357 2358
f 2359 2360 2361
f 2362 2363 2364
f 2365 2366 2367
f 2368 2369 2370
f 2371 2372 2373
f 2374 2375 2376
f 2377 2378 2379
f 2380 2381 2382
f 2383 2384 2385
f 2386 2387 2388
f 2389 2390 2391
f 2392 2393 2394
f 2395 2396 2397
f 2398 2399 2400
f 2401 2402 2403
f 2404 2405 2406
f 2407 2408 2409
f 2410 2411 2412
f 2413 2414 2415
f 2416 2417 2418
f 2419 2420 2421
f 2422 2423 2424
f 2425 2426 2427
f 2428 2429 2430
f 2431 2432 2433
f 2434 2435 2436
f 2437 2438 2439
f 2440 2441 2442
f 2443 2444 2445
f 2446 2447 2448
f 2449 2450 2451
f 2452 2453 2454
f 2455 2456 2457
f 2458 2459 2460
f 2461 2462 2463
f 2464 2465 2466
f 2467 2468 2469
f 2470 2471 2472
f 2473 2474 2475
f 2476 2477 2478
f 2479 2480 2481
f 2482 2483 2484
f 2485 2486 2487
f 2488 2489 2490
f 2491 2492 2493
f 2494 2495 2496
f 2497 2498 2499
f 2500 2501 2502
f 2503 2504 2505
f 2506 2507 2508
f 2509 2510 2511
f 2512 2513 2514
f 2515 2516 2517
f 2518 2519 2520
f 2521 2522 2523
f 2524 2525 2526
f 2527 2528 2529
f 2530 2531 2532
f 2533 2534 2535
f 2536 2537 2538
f 2539 2540 2541
f 2542 2543 2544
f 2545 2546 2547
f 2548 2549 2550
f 2551 2552 2553
f 2554 2555 2556
f 2557 2558 2559
f 2560 2561 2562
f 2563 2564 2565
f 2566 2567 2568
f 2569 2570 2571
f 2572 2573 2574
f 2575 2576 2577
f 2578 2579 2580
f 2581 2582 2583
f 2584 2585 2586
f 2587 2588 2589
f 2590 2591 2592
f 2593 2594 2595
f 2596 2597 2598
f 2599 2600 2601
f 2602 2603 2604
f 2605 2606 2607
f 2608 2609 2610
f 2611 2612 2613
f 2614 2615 2616
f 2617 2618 2619
f 2620 2621 2622
f 2623 2624 2625
f 2626 2627 2628
f 2629 2630 2631
f 2632 2633 2634
f 2635 2636 2637
f 2638 2639 2640
f 2641 2642 2643
f 2644 2645 2646
f 2647 2648 2649
f 2650 2651 2652
f 2653 2654 2655
f 2656 2657 2658
f 2659 2660 2661
f 2662 2663 2664
f 2665 2666 2667
f 2668 2669 2670
f 2671 2672 2673
f 2674 2675 2676
f 2677 2678 2679
f 2680 2681 2682
f 2683 2684 2685
f 2686 2687 2688
f 2689 2690 2691
f 2692 2693 2694
f 2695 2696 2697
f 2698 2699 2700
f 2701 2702 2703
f 2704 2705 2706
f 2707 2708 2709
f 2710 2711 2712
f 2713 2714 2715
f 2716 2717 2718
f 2719 2720 2721
f 2722 2723 2724
f 2725 2726 2727
f 2728 2729 2730
f 2731 2732 2733
f 2734 2735 2736
f 2737 2738 2739
f 2740 2741 2742
f 2743 2744 2745
f 2746 2747 2748
f 2749 2750 2751
f 2752 2753 2754
f 2755 2756 2757
f 2758 2759 2760
f 2761 2762 2763
f 2764 2765 2766
f 2767 2768 2769
f 2770 2771 2772
f 2773 2774 2775
f 2776 2777 2778
f 2779 2780 2781
f 2782 2783 2784
f 2785 2786 2787
f 2788 2789 2790
f 2791 2792 2793
f 2794 2795 2796
f 2797 2798 2799
f 2800 2801 2802
f 2803 2804 2805
f 2806 2807 2808
f 2809 2810 2811
f 2812 2813 2814
f 2815 2816 2817
f 2818 2819 2820
f 2821 2822 2823
f 2824 2825 2826
f 2827 2828 2829
f 2830 2831 2832
f 2833 2834 2835
f 2836 2837 2838
f 2839 2840 2841
f 2842 2843 2844
f 2845 2846 2847
f 2848 2849 2850
f 2851 2852 2853
f 2854 2855 2856
f 2857 2858 2859
f 2860 2861 2862
f 2863 2864 2865
f 2866 2867 2868
f 2869 2870 2871
f 2872 2873 2874
f 2875 2876 2877
f 2878 2879 2880
f 2881 2882 2883
f 2884 2885 2886
f 2887 2888 2889
f 2890 2891 2892
f 2893 2894 2895
f 2896 2897 2898
f 2899 2900 2901
f 2902 2903 2904
f 2905 2906 2907
f 2908 2909 2910
f 2911 2912 2913
f 2914 2915 2916
f 2917 2918 2919
f 2920 2921 2922
f 2923 2924 2925
f 2926 2927 2928
f 2929 2930 2931
f 2932 2933 2934
f 2935 2936 2937
f 2938 2939 2940
f 2941 2942 2943
f 2944 2945 2946
f 2947 2948 2949
f 2950 2951 2952
f 2953 2954 2955
f 2956 2957 2958
f 2959 2960 2961
f 2962 2963 2964
f 2965 2966 2967
f 2968 2969 2970
f 2971 2972 2973
f 2974 2975 2976
f 2977 2978 2979
f 2980 2981 2982
f 2983 2984 2985
f 2986 2987 2988
f 2989 2990 2991
f 2992 2993 2994
f 2995 2996 2997
f 2998 2999 3000
f 3001 3002 3003
f 3004 3005 3006
f 3007 3008 3009
f 3010 3011 3012
f 3013 3014 3015
f 3016 3017 3018
f 3019 3020 3021
f 3022 3023 3024
f 3025 3026 3027
f 3028 3029 3030
f 3031 3032 3033
f 3034 3035 3036
f 3037 3038 3039
f 3040 3041 3042
f 3043 3044 3045
f 3046 3047 3048
f 3049 3050 3051
f 3052 3053 3054
f 3055 3056 3057
f 3058 3059 3060
f 3061 3062 3063
f 3064 3065 3066
f 3067 3068 3069
f 3070 3071 3072
f 3073 3074 3075
f 3076 3077 3078
f 3079 3080 3081
f 3082 3083 3084
f 3085 3086 3087
f 3088 3089 3090
f 3091 3092 3093
f 3094 3095 3096
f 3097 3098 3099
f 3100 3101 3102
f 3103 3104 3105
f 3106 3107 3108
f 3109 3110 3111
f 3112 3113 3114
f 3115 3116 3117
f 3118 3119 3120
f 3121 3122 3123
f 3124 3125 3126
f 3127 3128 3129
f 3130 3131 3132
f 3133 3134 3135
f 3136 3137 3138
f 3139 3140 3141
f 3142 3143 3144
f 3145 3146 3147
f 3148 3149 3150
f 3151 3152 3153
f 3154 3155 3156
f 3157 3158 3159
f 3160 3161 3162
f 3163 3164 3165
f 3166 3167 3168
f 3169 3170 3171
f 3172 3173 3174
f 3175 3176 3177
f 3178 3179 3180
f 3181 3182 3183
f 3184 3185 3186
f 3187 3188 3189
f 3190 3191 3192
f 3193 3194 3195
f 3196 3197 3198
f 3199 3200 3201
f 3202 3203 3204
f 3205 3206 3207
f 3208 3209 3210
f 3211 3212 3213
f 3214 3215 3216
f 3217 3218 3219
f 3220 3221 3222
f 3223 3224 3225
f 3226 3227 3228
f 3229 3230 3231
f 3232 3233 3234
f 3235 3236 3237
f 3238 3239 3240
f 3241 3242 3243
f 3244 3245 3246
f 3247 3248 3249
f 3250 3251 3252
f 3253 3254 3255
f 3256 3257 3258
f 3259 3260 3261
f 3262 3263 3264
f 3265 3266 3267
f 3268 3269 3270
f 3271 3272 3273
f 3274 3275 3276
f 3277 3278 3279
f 3280 3281 3282
f 3283 3284 3285
f 3286 3287 3288
f 3289 3290 3291
f 3292 3293 3294
f 3295 3296 3297
f 3298 3299 3300
f 3301 3302 3303
f 3304 3305 3306
f 3307 3308 3309
f 3310 3311 3312
f 3313 3314 3315
f 3316 3317 3318
f 3319 3320 3321
f 3322 3323 3324
f 3325 3326 3327
f 3328 3329 3330
f 3331 3332 3333
f 3334 3335 3336
f 3337 3338 3339
f 3340 3341 3342
f 3343 3344 3345
f 3346 3347 3348
f 3349 3350 3351
f 3352 3353 3354
f 3355 3356 3357
f 3358 3359 3360
f 3361 3362 3363
f 3364 3365 3366
f 3367 3368 3369
f 3370 3371 3372
f 3373 3374 3375
f 3376 3377 3378
f 3379 3380 3381
f 3382 3383 3384
f 3385 3386 3387
f 3388 3389 3390
f 3391 3392 3393
f 3394 3395 3396
f 3397 3398 3399
f 3400 3401 3402
f 3403 3404 3405
f 3406 3407 3408
f 3409 3410 3411
f 3412 3413 3414
f 3415 3416 3417
f 3418 3419 3420
f 3421 3422 3423
f 3424 3425 3426
f 3427 3428 3429
f 3430 3431 3432
f 3433 3434 3435
f 3436 3437 3438
f 3439 3440 3441
f 3442 3443 3444
f 3445 3446 3447
f 3448 3449 3450
f 3451 3452 3453
f 3454 3455 3456
f 3457 3458 3459
f 3460 3461 3462
f 3463 3464 3465
f 3466 3467 3468
f 3469 3470 3471
f 3472 3473 3474
f 3475 3476 3477
f 3478 3479 3480
f 3481 3482 3483
f 3484 3485 3486
f 3487 3488 3489
f 3490 3491 3492
f 3493 3494 3495
f 3496 3497 3498
f 3499 3500 3501
f 3502 3503 3504
f 3505 3506 3507
f 3508 3509 3510
f 3511 3512 3513
f 3514 3515 3516
f 3517 3518 3519
f 3520 3521 3522
f 3523 3524 3525
f 3526 3527 3528
f 3529 3530 3531
f 3532 3533 3534
f 3535 3536 3537
f 3538 3539 3540
f 3541 3542 3543
f 3544 3545 3546
f 3547 3548 3549
f 3550 3551 3552
f 3553 3554 3555
f 3556 3557 3558
f 3559 3560 3561
f 3562 3563 3564
f 3565 3566 3567
f 3568 3569 3570
f 3571 3572 3573
f 3574 3575 3576
f 3577 3578 3579
f 3580 3581 3582
f 3583 3584 3585
f 3586 3587 3588
f 3589 3590 3591
f 3592 3593 3594
f 3595 3596 3597
f 3598 3599 3600
f 3601 3602 3603
f 3604 3605 3606
f 3607 3608 3609
f 3610 3611 3612
f 3613 3614 3615
f 3616 3617 3618
f 3619 3620 3621
f 3622 3623 3624
f 3625 3626 3627
f 3628 3629 3630
f 3631 3632 3633
f 3634 3635 3636
f 3637 3638 3639
f 3640 3641 3642
f 3643 3644 3645
f 3646 3647 3648
f 3649 3650 3651
f 3652 3653 3654
f 3655 3656 3657
f 3658 3659 3660
f 3661 3662 3663
f 3664 3665 3666
f 3667 3668 3669
f 3670 3671 3672
f 3673 3674 3675
f 3676 3677 3678
f 3679 3680 3681
f 3682 3683 3684
f 3685 3686 3687
f 3688 3689 3690
f 3691 3692 3693
f 3694 3695 3696
f 3697 3698 3699
f 3700 3701 3702
f 3703 3704 3705
f 3706 3707 3708
f 3709 3710 3711
f 3712 3713 3714
f 3715 3716 3717
f 3718 3719 3720
f 3721 3722 3723
f 3724 3725 3726
f 3727 3728 3729
f 3730 3731 3732
f 3733 3734 3735
f 3736 3737 3738
f 3739 3740 3741
f 3742 3743 3744
f 3745 3746 3747
f 3748 3749 3750
f 3751 3752 3753
f 3754 3755 3756
f 3757 3758 3759
f 3760 3761 3762
f 3763 3764 3765
f 3766 3767 3768
f 3769 3770 3771
f 3772 3773 3774
f 3775 3776 3777
f 3778 3779 3780
f 3781 3782 3783
f 3784 3785 3786
f 3787 3788 3789
f 3790 3791 3792
f 3793 3794 3795
f 3796 3797 3798
f 3799 3800 3801
f 3802 3803 3804
f 3805 3806 3807
f 3808 3809 3810
f 3811 3812 3813
f 3814 3815 3816
f 3817 3818 3819
f 3820 3821 3822
f 3823 3824 3825
f 3826 3827 3828
f 3829 3830 3831
f 3832 3833 3834
f 3835 3836 3837
f 3838 3839 3840
f 3841 3842 3843
f 3844 3845 3846
f 3847 3848 3849
f 3850 3851 3852
f 3853 3854 3855
f 3856 3857 3858
f 3859 3860 3861
f 3862 3863 3864
f 3865 3866 3867
f 3868 3869 3870
f 3871 3872 3873
f 3874 3875 3876
f 3877 3878 3879
f 3880 3881 3882
f 3883 3884 3885
f 3886 3887 3888
f 3889 3890 3891
f 3892 3893 3894
f 3895 3896 3897
f 3898 3899 3900
f 3901 3902 3903
f 3904 3905 3906
f 3907 3908 3909
f 3910 3911 3912
f 3913 3914 3915
f 3916 3917 3918
f 3919 3920 3921
f 3922 3923 3924
f 3925 3926 3927
f 3928 3929 3930
f 3931 3932 3933
f 3934 3935 3936
f 3937 3938 3939
f 3940 3941 3942
f 3943 3944 3945
f 3946 3947 3948
f 3949 3950 3951
f 3952 3953 3954
f 3955 3956 3957
f 3958 3959 3960
f 3961 3962 3963
f 3964 3965 3966
f 3967 3968 3969
f 3970 3971 3972
f 3973 3974 3975
f 3976 3977 3978
f 3979 3980 3981
f 3982 3983 3984
f 3985 3986 3987
f 3988 3989 3990
f 3991 3992 3993
f 3994 3995 3996
f 3997 3998 3999
f 4000 4001 4002
f 4003 4004 4005
f 4006 4007 4008
f 4009 4010 4011
f 4012 4013 4014
f 4015 4016 4017
f 4018 4019 4020
f 4021 4022 4023
f 4024 4025 4026
f 4027 4028 4029
f 4030 4031 4032
f 4033 4034 4035
f 4036 4037 4038
f 4039 4040 4041
f 4042 4043 4044
f 4045 4046 4047
f 4048 4049 4050
f 4051 4052 4053
f 4054 4055 4056
f 4057 4058 4059
f 4060 4061 4062
f 4063 4064 4065
f 4066 4067 4068
f 4069 4070 4071
f 4072 4073 4074
f 4075 4076 4077
f 4078 4079 4080
f 4081 4082 4083
f 4084 4085 4086
f 4087 4088 4089
f 4090 4091 4092
f 4093 4094 4095
f 4096 4097 4098
f 4099 4100 4101
f 4102 4103 4104
f 4105 4106 4107
f 4108 4109 4110
f 4111 4112 4113
f 4114 4115 4116
f 4117 4118 4119
f 4120 4121 4122
f 4123 4124 4125
f 4126 4127 4128
f 4129 4130 4131
f 4132 4133 4134
f 4135 4136 4137
f 4138 4139 4140
f 4141 4142 4143
f 4144 4145 4146
f 4147 4148 4149
f 4150 4151 4152
f 4153 4154 4155
f 4156 4157 4158
f 4159 4160 4161
f 4162 4163 4164
f 4165 4166 4167
f 4168 4169 4170
f 4171 4172 4173
f 4174 4175 4176
f 4177 4178 4179
f 4180 4181 4182
f 4183 4184 4185
f 4186 4187 4188
f 4189 4190 4191
f 4192 4193 4194
f 4195 4196 4197
f 4198 4199 4200
f 4201 4202 4203
f 4204 4205 4206
f 4207 4208 4209
f 4210 4211 4212
f 4213 4214 4215
f 4216 4217 4218
f 4219 4220 4221
f 4222 4223 4224
f 4225 4226 4227
f 4228 4229 4230
f 4231 4232 4233
f 4234 4235 4236
f 4237 4238 4239
f 4240 4241 4242
f 4243 4244 4245
f 4246 4247 4248
f 4249 4250 4251
f 4252 4253 4254
f 4255 4256 4257
f 4258 4259 4260
f 4261 4262 4263
f 4264 4265 4266
f 4267 4268 4269
f 4270 4271 4272
f 4273 4274 4275
f 4276 4277 4278
f 4279 4280 4281
f 4282 4283 4284
f 4285 4286 4287
f 4288 4289 4290
f 4291 4292 4293
f 4294 4295 4296
f 4297 4298 4299
f 4300 4301 4302
f 4303 4304 4305
f 4306 4307 4308
f 4309 4310 4311
f 4312 4313 4314
f 4315 4316 4317
f 4318 4319 4320
f 4321 4322 4323
f 4324 4325 4326
f 4327 4328 4329
f 4330 4331 4332
f 4333 4334 4335
f 4336 4337 4338
f 4339 4340 4341
f 4342 4343 4344
f 4345 4346 4347
f 4348 4349 4350
f 4351 4352 4353
f 4354 4355 4356
f 4357 4358 4359
f 4360 4361 4362
f 4363 4364 4365
f 4366 4367 4368
f 4369 4370 4371
f 4372 4373 4374
f 4375 4376 4377
f 4378 4379 4380
f 4381 4382 4383
f 4384 4385 4386
f 4387 4388 4389
f 4390 4391 4392
f 4393 4394 4395
f 4396 4397 4398
f 4399 4400 4401
f 4402 4403 4404
f 4405 4406 4407
f 4408 4409 4410
f 4411 4412 4413
f 4414 4415 4416
f 4417 4418 4419
f 4420 4421 4422
f 4423 4424 4425
f 4426 4427 4428
f 4429 4430 4431
f 4432 4433 4434
f 4435 4436 4437
f 4438 4439 4440
f 4441 4442 4443
f 4444 4445 4446
f 4447 4448 4449
f 4450 4451 4452
f 4453 4454 4455
f 4456 4457 4458
f 4459 4460 4461
f 4462 4463 4464
f 4465 4466 4467
f 4468 4469 4470
f 4471 4472 4473
f 4474 4475 4476
f 4477 4478 4479
f 4480 4481 4482
f 4483 4484 4485
f 4486 4487 4488
f 4489 4490 4491
f 4492 4493 4494
f 4495 4496 4497
f 4498 4499 4500
f 4501 4502 4503
f 4504 4505 4506
f 4507 4508 4509
f 4510 4511 4512
f 4513 4514 4515
f 4516 4517 4518
f 4519 4520 4521
f 4522 4523 4524
f 4525 4526 4527
f 4528 4529 4530
f 4531 4532 4533
f 4534 4535 4536
f 4537 4538 4539
f 4540 4541 4542
f 4543 4544 4545
f 4546 4547 4548
f 4549 4550 4551
f 4552 4553 4554
f 4555 4556 4557
f 4558 4559 4560
f 4561 4562 4563
f 4564 4565 4566
f 4567 4568 4569
f 4570 4571 4572
f 4573 4574 4575
f 4576 4577 4578
f 4579 4580 4581
f 4582 4583 4584
f 4585 4586 4587
f 4588 4589 4590
f 4591 4592 4593
f 4594 4595 4596
f 4597 4598 4599
f 4600 4601 4602
f 4603 4604 4605
f 4606 4607 4608
f 4609 4610 4611
f 4612 4613 4614
f 4615 4616 4617
f 4618 4619 4620
f 4621 4622 4623
f 4624 4625 4626
f 4627 4628 4629
f 4630 4631 4632
f 4633 4634 4635
f 4636 4637 4638
f 4639 4640 4641
f 4642 4643 4644
f 4645 4646 4647
f 4648 4649 4650
f 4651 4652 4653
f 4654 4655 4656
f 4657 4658 4659
f 4660 4661 4662
f 4663 4664 4665
f 4666 4667 4668
f 4669 4670 4671
f 4672 4673 4674
f 4675 4676 4677
f 4678 4679 4680
f 4681 4682 4683
f 4684 4685 4686
f 4687 4688 4689
f 4690 4691 4692
f 4693 4694 4695
f 4696 4697 4698
f 4699 4700 4701
f 4702 4703 4704
f 4705 4706 4707
f 4708 4709 4710
f 4711 4712 4713
f 4714 4715 4716
f 4717 4718 4719
f 4720 4721 4722
f 4723 4724 4725
f 4726 4727 4728
f 4729 4730 4731
f 4732 4733 4734
f 4735 4736 4737
f 4738 4739 4740
f 4741 4742 4743
f 4744 4745 4746
f 4747 4748 4749
f 4750 4751 4752
f 4753 4754 4755
f 4756 4757 4758
f 4759 4760 4761
f 4762 4763 4764
f 4765 4766 4767
f 4768 4769 4770
f 4771 4772 4773
f 4774 4775 4776
f 4777 4778 4779
f 4780 4781 4782
f 4783 4784 4785
f 4786 4787 4788
f 4789 4790 4791
f 4792 4793 4794
f 4795 4796 4797
f 4798 4799 4800
f 4801 4802 4803
f 4804 4805 4806
f 4807 4808 4809
f 4810 4811 4812
f 4813 4814 4815
f 4816 4817 4818
f 4819 4820 4821
f 4822 4823 4824
f 4825 4826 4827
f 4828 4829 4830
f 4831 4832 4833
f 4834 4835 4836
f 4837 4838 4839
f 4840 4841 4842
f 4843 4844 4845
f 4846 4847 4848
f 4849 4850 4851
f 4852 4853 4854
f 4855 4856 4857
f 4858 4859 4860
f 4861 4862 4863
f 4864 4865 4866
f 4867 4868 4869
f 4870 4871 4872
f 4873 4874 4875
f 4876 4877 4878
f 4879 4880 4881
f 4882 4883 4884
f 4885 4886 4887
f 4888 4889 4890
f 4891 4892 4893
f 4894 4895 4896
f 4897 4898 4899
f 4900 4901 4902
f 4903 4904 4905
f 4906 4907 4908
f 4909 4910 4911
f 4912 4913 4914
f 4915 4916 4917
f 4918 4919 4920
f 4921 4922 4923
f 4924 4925 4926
f 4927 4928 4929
f 4930 4931 4932
f 4933 4934 4935
f 4936 4937 4938
f 4939 4940 4941
f 4942 4943 4944
f 4945 4946 4947
f 4948 4949 4950
f 4951 4952 4953
f 4954 4955 4956
f 4957 4958 4959
f 4960 4961 4962
f 4963 4964 4965
f 4966 4967 4968
f 4969 4970 4971
f 4972 4973 4974
f 4975 4976 4977
f 4978 4979 4980
f 4981 4982 4983
f 4984 4985 4986
f 4987 4988 4989
f 4990 4991 4992
f 4993 4994 4995
f 4996 4997 4998
f 4999 5000 5001
f 5002 5003 5004
f 5005 5006 5007
f 5008 5009 5010
f 5011 5012 5013
f 5014 5015 5016
f 5017 5018 5019
f 5020 5021 5022
f 5023 5024 5025
f 5026 5027 5028
f 5029 5030 5031
f 5032 5033 5034
f 5035 5036 5037
f 5038 5039 5040
f 5041 5042 5043
f 5044 5045 5046
f 5047 5048 5049
f 5050 5051 5052
f 5053 5054 5055
f 5056 5057 5058
f 5059 5060 5061
f 5062 5063 5064
f 5065 5066 5067
f 5068 5069 5070
f 5071 5072 5073
f 5074 5075 5076
f 5077 5078 5079
f 5080 5081 5082
f 5083 5084 5085
f 5086 5087 5088
f 5089 5090 5091
f 5092 5093 5094
f 5095 5096 5097
f 5098 5099 5100
f 5101 5102 5103
f 5104 5105 5106
f 5107 5108 5109
f 5110 5111 5112
f 5113 5114 5115
f 5116 5117 5118
f 5119 5120 5121
f 5122 5123 5124
f 5125 5126 5127
f 5128 5129 5130
f 5131 5132 5133
f 5134 5135 5136
f 5137 5138 5139
f 5140 5141 5142
f 5143 5144 5145
f 5146 5147 5148
f 5149 5150 5151
f 5152 5153 5154
f 5155 5156 5157
f 5158 5159 5160
f 5161 5162 5163
f 5164 5165 5166
f 5167 5168 5169
f 5170 5171 5172
f 5173 5174 5175
f 5176 5177 5178
f 5179 5180 5181
f 5182 5183 5184
f 5185 5186 5187
f 5188 5189 5190
f 5191 5192 5193
f 5194 5195 5196
f 5197 5198 5199
f 5200 5201 5202
f 5203 5204 5205
f 5206 5207 5208
f 5209 5210 5211
f 5212 5213 5214
f 5215 5216 5217
f 5218 5219 5220
f 5221 5222 5223
f 5224 5225 5226
f 5227 5228 5229
f 5230 5231 5232
f 5233 5234 5235
f 5236 5237 5238
f 5239 5240 5241
f 5242 5243 5244
f 5245 5246 5247
f 5248 5249 5250
f 5251 5252 5253
f 5254 5255 5256
f 5257 5258 5259
f 5260 5261 5262
f 5263 5264 5265
f 5266 5267 5268
f 5269 5270 5271
f 5272 5273 5274
f 5275 5276 5277
f 5278 5279 5280
f 5281 5282 5283
f 5284 5285 5286
f 5287 5288 5289
f 5290 5291 5292
f 5293 5294 5295
f 5296 5297 5298
f 5299 5300 5301
f 5302 5303 5304
f 5305 5306 5307
f 5308 5309 5310
f 5311 5312 5313
f 5314 5315 5316
f 5317 5318 5319
f 5320 5321 5322
f 5323 5324 5325
f 5326 5327 5328
f 5329 5330 5331
f 5332 5333 5334
f 5335 5336 5337
f 5338 5339 5340
f 5341 5342 5343
f 5344 5345 5346
f 5347 5348 5349
f 5350 5351 5352
f 5353 5354 5355
f 5356 5357 5358
f 5359 5360 5361
f 5362 5363 5364
f 5365 5366 5367
f 5368 5369 5370
f 5371 5372 5373
f 5374 5375 5376
f 5377 5378 5379
f 5380 5381 5382
f 5383 5384 5385
f 5386 5387 5388
f 5389 5390 5391
f 5392 5393 5394
f 5395 5396 5397
f 5398 5399 5400
f 5401 5402 5403
f 5404 5405 5406
f 5407 5408 5409
f 5410 5411 5412
f 5413 5414 5415
f 5416 5417 5418
f 5419 5420 5421
f 5422 5423 5424
f 5425 5426 5427
f 5428 5429 5430
f 5431 5432 5433
f 5434 5435 5436
f 5437 5438 5439
f 5440 5441 5442
f 5443 5444 5445
f 5446 5447 5448
f 5449 5450 5451
f 5452 5453 5454
f 5455 5456 5457
f 5458 5459 5460
f 5461 5462 5463
f 5464 5465 5466
f 5467 5468 5469
