# PUBLIC SHELL OBJ - display only, not CAD source
# Precision intentionally degraded; multi-part structure removed
o shell
v 472.642 31.463 48.147
v 472.591 32.637 48.121
v 429.592 32.191 48.39
v 687.403 12.343 43.3
v 687.381 14.504 44.256
v 515.441 14.524 44.271
v 365.25 5.582 12.833
v 386.535 5.341 13.075
v 386.508 3.87 15.48
v 451.056 9.17 9.66
v 472.621 9.439 9.921
v 472.63 7.268 11.619
v 472.621 9.439 9.921
v 451.056 9.17 9.66
v 472.647 10.183 9.208
v 354.347 35.803 3.391
v 365.192 35.533 3.371
v 365.248 34.847 2.915
v 365.248 34.847 2.915
v 365.192 35.533 3.371
v 375.837 34.568 2.888
v 408.001 41.821 10.142
v 429.541 42.314 9.907
v 429.564 40.637 8.226
v 386.506 45.471 18.624
v 343.703 44.025 18.869
v 343.69 44.5 21.281
v 386.475 46.416 25.864
v 429.594 47.914 25.897
v 429.566 47.894 23.948
v 214.79 4.603 14.517
v 171.74 4.605 14.761
v 171.709 7.244 8.215
v 343.676 4.34 14.744
v 343.725 3.407 16.704
v 300.631 3.861 15.715
v 300.616 8.446 7.243
v 300.611 8.926 6.514
v 343.692 9.43 7.254
v 279.128 39.19 8.712
v 257.852 38.713 8.717
v 257.808 39.891 12.807
v 343.729 34.368 2.193
v 343.706 34.11 1.94
v 322.162 34.34 1.689
v 332.793 35.542 2.893
v 343.701 35.558 2.905
v 343.7 35.074 2.663
v 214.785 35.558 50.069
v 214.777 35.311 50.549
v 236.33 35.814 50.079
v 322.204 37.756 48.149
v 343.694 38.456 46.921
v 343.721 39.442 45.968
v 322.157 34.82 49.819
v 343.698 35.072 49.342
v 343.72 36.297 48.627
v 214.761 7.485 44.253
v 214.776 7.011 43.293
v 257.841 7.262 43.299
v 300.61 7.958 43.278
v 300.613 7.477 42.796
v 343.675 8.208 42.558
v 257.827 3.624 34.826
v 300.618 3.852 35.784
v 257.8 4.331 36.506
v 257.8 4.331 36.506
v 300.618 3.852 35.784
v 300.651 4.601 37.735
v 343.723 4.373 37.02
v 300.651 4.601 37.735
v 343.693 3.384 34.828
v 343.693 3.384 34.828
v 300.651 4.601 37.735
v 300.618 3.852 35.784
v 343.693 3.384 34.828
v 300.618 3.852 35.784
v 343.699 2.421 32.654
v 343.699 2.421 32.654
v 300.618 3.852 35.784
v 257.827 3.624 34.826
v 343.699 2.421 32.654
v 257.827 3.624 34.826
v 343.671 1.917 30.705
v 343.671 1.917 30.705
v 257.827 3.624 34.826
v 257.831 2.901 32.168
v 343.671 1.917 30.705
v 257.831 2.901 32.168
v 343.727 1.473 28.314
v 214.79 3.393 32.657
v 214.766 2.892 29.259
v 257.826 2.414 29.021
v 300.655 8.231 43.784
v 300.657 8.475 44.51
v 257.856 7.998 44.758
v 300.613 7.477 42.796
v 300.61 7.958 43.278
v 257.841 7.262 43.299
v 300.669 14.046 47.661
v 257.856 14.529 48.627
v 300.61 11.828 47.148
v 300.61 11.828 47.148
v 257.856 14.529 48.627
v 257.814 12.08 48.122
v 300.61 11.828 47.148
v 257.814 12.08 48.122
v 300.649 11.13 46.684
v 300.649 11.13 46.684
v 257.814 12.08 48.122
v 257.855 11.141 47.659
v 300.649 11.13 46.684
v 257.855 11.141 47.659
v 300.613 10.379 46.424
v 300.613 10.379 46.424
v 257.855 11.141 47.659
v 257.862 10.179 47.179
v 300.613 10.379 46.424
v 257.862 10.179 47.179
v 300.61 9.651 45.697
v 300.61 9.651 45.697
v 257.862 10.179 47.179
v 257.815 9.42 46.43
v 300.61 9.651 45.697
v 257.815 9.42 46.43
v 300.632 8.941 44.982
v 300.632 8.941 44.982
v 257.815 9.42 46.43
v 257.825 8.702 45.709
v 300.632 8.941 44.982
v 343.663 9.41 44.246
v 300.61 9.651 45.697
v 300.61 9.651 45.697
v 343.663 9.41 44.246
v 343.668 9.897 44.732
v 300.61 9.651 45.697
v 343.668 9.897 44.732
v 300.613 10.379 46.424
v 300.613 10.379 46.424
v 343.668 9.897 44.732
v 343.67 10.382 45.216
v 300.613 10.379 46.424
v 343.67 10.382 45.216
v 300.649 11.13 46.684
v 300.649 11.13 46.684
v 343.67 10.382 45.216
v 343.724 10.904 45.727
v 300.649 11.13 46.684
v 343.724 10.904 45.727
v 300.61 11.828 47.148
v 300.61 11.828 47.148
v 343.724 10.904 45.727
v 343.717 11.624 45.966
v 300.61 11.828 47.148
v 343.717 11.624 45.966
v 300.669 14.046 47.661
v 300.669 14.046 47.661
v 343.717 11.624 45.966
v 343.719 15.738 47.176
v 214.814 8.006 45.005
v 214.761 7.485 44.253
v 257.852 7.754 44.272
v 257.852 7.754 44.272
v 214.761 7.485 44.253
v 257.841 7.262 43.299
v 257.852 7.754 44.272
v 257.841 7.262 43.299
v 300.638 7.978 43.534
v 300.638 7.978 43.534
v 257.841 7.262 43.299
v 300.61 7.958 43.278
v 300.638 7.978 43.534
v 300.61 7.958 43.278
v 343.682 8.456 43.046
v 343.682 8.456 43.046
v 300.61 7.958 43.278
v 343.675 8.208 42.558
v 257.856 14.529 48.627
v 214.803 14.528 49.111
v 257.814 12.08 48.122
v 257.814 12.08 48.122
v 214.803 14.528 49.111
v 214.761 12.08 48.364
v 257.814 12.08 48.122
v 214.761 12.08 48.364
v 257.855 11.141 47.659
v 257.855 11.141 47.659
v 214.761 12.08 48.364
v 214.805 11.143 48.144
v 257.855 11.141 47.659
v 214.805 11.143 48.144
v 257.862 10.179 47.179
v 257.862 10.179 47.179
v 214.805 11.143 48.144
v 214.79 10.166 47.412
v 257.862 10.179 47.179
v 214.79 10.166 47.412
v 257.815 9.42 46.43
v 257.815 9.42 46.43
v 214.79 10.166 47.412
v 214.749 9.411 46.665
v 257.815 9.42 46.43
v 214.749 9.411 46.665
v 257.825 8.702 45.709
v 257.825 8.702 45.709
v 214.749 9.411 46.665
v 214.753 8.446 45.941
v 214.814 8.006 45.005
v 171.752 7.999 45
v 214.761 7.485 44.253
v 214.761 7.485 44.253
v 171.752 7.999 45
v 171.734 7.503 44.265
v 214.761 7.485 44.253
v 171.734 7.503 44.265
v 214.776 7.011 43.293
v 214.776 7.011 43.293
v 171.734 7.503 44.265
v 171.702 7.239 43.282
v 214.776 7.011 43.293
v 171.702 7.239 43.282
v 171.699 4.576 36.992
v 214.803 14.528 49.111
v 171.708 14.499 49.09
v 214.761 12.08 48.364
v 214.761 12.08 48.364
v 171.708 14.499 49.09
v 171.749 12.109 48.385
v 214.761 12.08 48.364
v 171.749 12.109 48.385
v 214.805 11.143 48.144
v 214.805 11.143 48.144
v 171.749 12.109 48.385
v 171.698 11.106 47.876
v 214.805 11.143 48.144
v 171.698 11.106 47.876
v 214.79 10.166 47.412
v 214.79 10.166 47.412
v 171.698 11.106 47.876
v 171.703 10.141 47.394
v 214.79 10.166 47.412
v 171.703 10.141 47.394
v 214.749 9.411 46.665
v 214.749 9.411 46.665
v 171.703 10.141 47.394
v 171.749 9.448 46.692
v 214.749 9.411 46.665
v 171.749 9.448 46.692
v 214.753 8.446 45.941
v 214.753 8.446 45.941
v 171.749 9.448 46.692
v 171.704 8.449 45.943
v 343.68 24.901 49.333
v 300.615 24.892 50.052
v 300.613 16.183 48.358
v 300.613 16.183 48.358
v 300.615 24.892 50.052
v 257.827 16.685 49.096
v 257.827 16.685 49.096
v 300.615 24.892 50.052
v 257.802 24.891 50.535
v 257.827 16.685 49.096
v 257.802 24.891 50.535
v 214.759 16.674 49.573
v 214.759 16.674 49.573
v 257.802 24.891 50.535
v 214.814 24.694 50.809
v 214.759 16.674 49.573
v 214.814 24.694 50.809
v 171.727 16.689 49.583
v 300.611 31.662 50.534
v 343.692 31.924 49.823
v 300.612 32.872 50.535
v 300.612 32.872 50.535
v 343.692 31.924 49.823
v 343.686 32.403 49.82
v 343.717 34.118 49.593
v 343.698 35.072 49.342
v 322.18 34.352 50.072
v 322.18 34.352 50.072
v 343.698 35.072 49.342
v 322.157 34.82 49.819
v 322.18 34.352 50.072
v 322.157 34.82 49.819
v 300.654 34.595 50.314
v 279.134 34.599 50.801
v 300.654 34.595 50.314
v 300.61 34.806 50.05
v 300.61 34.806 50.05
v 300.654 34.595 50.314
v 322.157 34.82 49.819
v 300.61 34.806 50.05
v 322.157 34.82 49.819
v 322.201 35.819 49.357
v 322.201 35.819 49.357
v 322.157 34.82 49.819
v 343.72 36.297 48.627
v 322.201 35.819 49.357
v 343.72 36.297 48.627
v 343.714 37.502 47.899
v 257.865 34.368 51.05
v 279.134 34.599 50.801
v 279.129 34.837 50.557
v 279.129 34.837 50.557
v 279.134 34.599 50.801
v 300.61 34.806 50.05
v 279.129 34.837 50.557
v 300.61 34.806 50.05
v 300.616 35.294 50.053
v 300.616 35.294 50.053
v 300.61 34.806 50.05
v 322.201 35.819 49.357
v 300.616 35.294 50.053
v 322.201 35.819 49.357
v 322.168 36.763 48.615
v 322.168 36.763 48.615
v 322.201 35.819 49.357
v 343.714 37.502 47.899
v 322.168 36.763 48.615
v 343.714 37.502 47.899
v 343.694 38.456 46.921
v 343.694 38.456 46.921
v 322.204 37.756 48.149
v 322.168 36.763 48.615
v 322.168 36.763 48.615
v 322.204 37.756 48.149
v 300.622 36.023 49.572
v 322.168 36.763 48.615
v 300.622 36.023 49.572
v 300.616 35.294 50.053
v 300.616 35.294 50.053
v 300.622 36.023 49.572
v 279.132 35.081 50.316
v 300.616 35.294 50.053
v 279.132 35.081 50.316
v 279.129 34.837 50.557
v 279.129 34.837 50.557
v 279.132 35.081 50.316
v 257.853 34.601 51.044
v 279.129 34.837 50.557
v 257.853 34.601 51.044
v 257.865 34.368 51.05
v 343.708 33.144 49.831
v 343.662 33.596 49.808
v 322.188 33.391 50.318
v 322.188 33.391 50.318
v 343.662 33.596 49.808
v 343.717 34.118 49.593
v 322.188 33.391 50.318
v 343.717 34.118 49.593
v 322.154 33.851 50.059
v 322.154 33.851 50.059
v 343.717 34.118 49.593
v 322.18 34.352 50.072
v 322.154 33.851 50.059
v 322.18 34.352 50.072
v 300.645 34.105 50.552
v 300.645 34.105 50.552
v 322.18 34.352 50.072
v 300.654 34.595 50.314
v 300.645 34.105 50.552
v 300.654 34.595 50.314
v 279.113 34.1 50.79
v 279.113 34.1 50.79
v 300.654 34.595 50.314
v 279.134 34.599 50.801
v 279.113 34.1 50.79
v 279.134 34.599 50.801
v 257.853 34.118 51.045
v 257.853 34.118 51.045
v 279.134 34.599 50.801
v 257.865 34.368 51.05
v 322.171 39.909 45.23
v 300.671 38.718 46.936
v 322.19 39.439 45.965
v 322.19 39.439 45.965
v 300.671 38.718 46.936
v 300.658 38.467 47.413
v 322.19 39.439 45.965
v 300.658 38.467 47.413
v 322.137 38.918 46.664
v 322.137 38.918 46.664
v 300.658 38.467 47.413
v 300.642 37.972 47.889
v 322.137 38.918 46.664
v 300.642 37.972 47.889
v 300.646 37.491 48.375
v 300.611 31.662 50.534
v 300.612 32.872 50.535
v 279.127 32.659 51.039
v 279.127 32.659 51.039
v 300.612 32.872 50.535
v 279.134 33.148 51.043
v 279.127 32.659 51.039
v 279.134 33.148 51.043
v 257.839 33.14 51.279
v 236.339 31.224 51.535
v 257.851 31.456 51.285
v 236.339 32.192 51.535
v 236.339 32.192 51.535
v 257.851 31.456 51.285
v 257.803 32.389 51.261
v 236.339 32.192 51.535
v 257.803 32.389 51.261
v 236.327 32.908 51.528
v 246.946 34.102 51.275
v 246.952 33.622 51.278
v 257.807 33.844 51.263
v 257.807 33.844 51.263
v 246.952 33.622 51.278
v 257.802 33.357 51.261
v 257.807 33.844 51.263
v 257.802 33.357 51.261
v 279.136 33.875 50.802
v 279.136 33.875 50.802
v 257.802 33.357 51.261
v 279.084 33.355 51.018
v 279.136 33.875 50.802
v 279.084 33.355 51.018
v 300.641 33.618 50.55
v 300.641 33.618 50.55
v 279.084 33.355 51.018
v 300.657 33.387 50.557
v 257.817 35.544 50.301
v 246.974 34.847 50.805
v 257.834 35.314 50.551
v 257.834 35.314 50.551
v 246.974 34.847 50.805
v 246.961 34.354 51.04
v 236.339 31.224 51.535
v 236.339 32.192 51.535
v 214.782 32.654 51.519
v 214.782 32.654 51.519
v 236.339 32.192 51.535
v 236.327 32.908 51.528
v 214.782 32.654 51.519
v 236.327 32.908 51.528
v 214.768 33.128 51.512
v 300.612 32.872 50.535
v 300.657 33.387 50.557
v 279.134 33.148 51.043
v 279.134 33.148 51.043
v 300.657 33.387 50.557
v 279.084 33.355 51.018
v 279.134 33.148 51.043
v 279.084 33.355 51.018
v 257.839 33.14 51.279
v 257.839 33.14 51.279
v 279.084 33.355 51.018
v 257.802 33.357 51.261
v 257.839 33.14 51.279
v 257.802 33.357 51.261
v 236.284 33.12 51.507
v 236.284 33.12 51.507
v 257.802 33.357 51.261
v 246.952 33.622 51.278
v 236.284 33.12 51.507
v 246.952 33.622 51.278
v 236.337 33.399 51.533
v 236.337 33.399 51.533
v 246.952 33.622 51.278
v 246.946 34.102 51.275
v 236.337 33.399 51.533
v 246.946 34.102 51.275
v 236.293 33.852 51.27
v 236.293 33.852 51.27
v 246.946 34.102 51.275
v 246.961 34.354 51.04
v 236.293 33.852 51.27
v 246.961 34.354 51.04
v 236.312 34.107 51.279
v 236.312 34.107 51.279
v 246.961 34.354 51.04
v 246.974 34.847 50.805
v 257.838 36.526 49.344
v 236.33 35.814 50.079
v 257.834 36.281 49.584
v 257.834 36.281 49.584
v 236.33 35.814 50.079
v 236.279 35.536 50.295
v 257.834 36.281 49.584
v 236.279 35.536 50.295
v 257.825 36.033 50.063
v 257.825 36.033 50.063
v 236.279 35.536 50.295
v 236.279 35.052 50.537
v 257.825 36.033 50.063
v 236.279 35.052 50.537
v 257.817 35.544 50.301
v 257.817 35.544 50.301
v 236.279 35.052 50.537
v 236.34 34.853 50.809
v 257.817 35.544 50.301
v 236.34 34.853 50.809
v 246.974 34.847 50.805
v 246.974 34.847 50.805
v 236.34 34.853 50.809
v 236.286 34.573 51.024
v 246.974 34.847 50.805
v 236.286 34.573 51.024
v 236.312 34.107 51.279
v 236.33 35.814 50.079
v 214.777 35.311 50.549
v 236.279 35.536 50.295
v 236.279 35.536 50.295
v 214.777 35.311 50.549
v 214.788 34.835 50.797
v 236.279 35.536 50.295
v 214.788 34.835 50.797
v 236.279 35.052 50.537
v 236.279 35.052 50.537
v 214.788 34.835 50.797
v 214.784 34.59 51.037
v 236.279 35.052 50.537
v 214.784 34.59 51.037
v 236.34 34.853 50.809
v 236.34 34.853 50.809
v 214.784 34.59 51.037
v 214.787 34.351 51.038
v 236.34 34.853 50.809
v 214.787 34.351 51.038
v 236.286 34.573 51.024
v 236.286 34.573 51.024
v 214.787 34.351 51.038
v 214.798 34.116 51.285
v 236.286 34.573 51.024
v 214.798 34.116 51.285
v 236.312 34.107 51.279
v 236.312 34.107 51.279
v 214.798 34.116 51.285
v 214.812 33.884 51.292
v 236.312 34.107 51.279
v 214.812 33.884 51.292
v 236.293 33.852 51.27
v 236.293 33.852 51.27
v 214.812 33.884 51.292
v 214.789 33.385 51.523
v 236.293 33.852 51.27
v 214.789 33.385 51.523
v 236.337 33.399 51.533
v 236.337 33.399 51.533
v 214.789 33.385 51.523
v 214.768 33.128 51.512
v 236.337 33.399 51.533
v 214.768 33.128 51.512
v 236.284 33.12 51.507
v 236.284 33.12 51.507
v 214.768 33.128 51.512
v 236.327 32.908 51.528
v 236.284 33.12 51.507
v 236.327 32.908 51.528
v 257.839 33.14 51.279
v 257.839 33.14 51.279
v 236.327 32.908 51.528
v 257.803 32.389 51.261
v 257.839 33.14 51.279
v 257.803 32.389 51.261
v 279.127 32.659 51.039
v 279.127 32.659 51.039
v 257.803 32.389 51.261
v 257.851 31.456 51.285
v 279.127 32.659 51.039
v 257.851 31.456 51.285
v 300.611 31.662 50.534
v 257.838 34.833 50.795
v 279.143 35.331 50.322
v 279.121 36.041 49.827
v 279.121 36.041 49.827
v 279.143 35.331 50.322
v 300.629 36.754 49.092
v 279.121 36.041 49.827
v 300.629 36.754 49.092
v 279.139 36.537 49.594
v 279.139 36.537 49.594
v 300.629 36.754 49.092
v 300.646 37.491 48.375
v 279.139 36.537 49.594
v 300.646 37.491 48.375
v 279.111 37.001 49.096
v 279.111 37.001 49.096
v 300.646 37.491 48.375
v 300.642 37.972 47.889
v 279.111 37.001 49.096
v 300.642 37.972 47.889
v 279.125 37.253 48.62
v 279.125 37.253 48.62
v 300.642 37.972 47.889
v 300.658 38.467 47.413
v 279.125 37.253 48.62
v 300.658 38.467 47.413
v 279.103 37.722 48.125
v 279.103 37.722 48.125
v 300.658 38.467 47.413
v 300.671 38.718 46.936
v 279.103 37.722 48.125
v 300.671 38.718 46.936
v 300.649 39.187 46.2
v 300.649 39.187 46.2
v 300.671 38.718 46.936
v 322.171 39.909 45.23
v 300.649 39.187 46.2
v 322.171 39.909 45.23
v 343.718 41.375 42.822
v 246.961 34.354 51.04
v 257.838 34.833 50.795
v 257.834 35.314 50.551
v 257.834 35.314 50.551
v 257.838 34.833 50.795
v 279.121 36.041 49.827
v 257.834 35.314 50.551
v 279.121 36.041 49.827
v 257.817 35.544 50.301
v 257.817 35.544 50.301
v 279.121 36.041 49.827
v 279.139 36.537 49.594
v 257.817 35.544 50.301
v 279.139 36.537 49.594
v 257.825 36.033 50.063
v 257.825 36.033 50.063
v 279.139 36.537 49.594
v 279.111 37.001 49.096
v 257.825 36.033 50.063
v 279.111 37.001 49.096
v 257.834 36.281 49.584
v 257.834 36.281 49.584
v 279.111 37.001 49.096
v 279.125 37.253 48.62
v 257.834 36.281 49.584
v 279.125 37.253 48.62
v 257.838 36.526 49.344
v 257.838 36.526 49.344
v 279.125 37.253 48.62
v 279.103 37.722 48.125
v 257.838 36.526 49.344
v 279.103 37.722 48.125
v 279.14 37.989 47.66
v 279.14 37.989 47.66
v 279.103 37.722 48.125
v 300.649 39.187 46.2
v 279.14 37.989 47.66
v 300.649 39.187 46.2
v 300.674 39.204 45.97
v 300.674 39.204 45.97
v 300.649 39.187 46.2
v 343.718 41.375 42.822
v 300.674 39.204 45.97
v 343.718 41.375 42.822
v 300.67 39.443 45.726
v 300.67 39.443 45.726
v 343.718 41.375 42.822
v 343.727 41.865 42.1
v 300.67 39.443 45.726
v 343.727 41.865 42.1
v 300.663 40.164 43.546
v 300.663 40.164 43.546
v 343.727 41.865 42.1
v 343.666 42.548 40.135
v 300.663 40.164 43.546
v 343.666 42.548 40.135
v 300.642 41.6 38.456
v 300.642 41.6 38.456
v 343.666 42.548 40.135
v 343.716 43.55 36.049
v 300.642 41.6 38.456
v 343.716 43.55 36.049
v 300.626 42.798 31.918
v 300.626 42.798 31.918
v 343.716 43.55 36.049
v 343.669 44.485 30.704
v 300.626 42.798 31.918
v 343.669 44.485 30.704
v 300.63 43.043 25.873
v 236.305 36.037 49.824
v 257.851 37.019 48.867
v 236.319 36.289 49.59
v 236.319 36.289 49.59
v 257.851 37.019 48.867
v 257.846 37.015 48.622
v 236.319 36.289 49.59
v 257.846 37.015 48.622
v 236.336 36.301 49.114
v 214.785 35.558 50.069
v 236.305 36.037 49.824
v 214.796 35.566 49.833
v 214.796 35.566 49.833
v 236.305 36.037 49.824
v 236.319 36.289 49.59
v 214.796 35.566 49.833
v 236.319 36.289 49.59
v 214.783 35.799 49.585
v 214.783 35.799 49.585
v 236.319 36.289 49.59
v 236.336 36.301 49.114
v 214.783 35.799 49.585
v 236.336 36.301 49.114
v 214.746 36.499 47.39
v 257.803 41.339 25.865
v 236.332 40.168 33.149
v 257.815 41.106 32.644
v 257.815 41.106 32.644
v 236.332 40.168 33.149
v 236.312 38.945 40.879
v 257.815 41.106 32.644
v 236.312 38.945 40.879
v 257.85 39.679 40.401
v 257.85 39.679 40.401
v 236.312 38.945 40.879
v 236.287 37.234 46.913
v 257.85 39.679 40.401
v 236.287 37.234 46.913
v 257.832 37.973 46.197
v 257.832 37.973 46.197
v 236.287 37.234 46.913
v 257.831 37.247 48.373
v -0.008 24.665 50.789
v 171.716 24.663 50.787
v 0.002 28.542 51.277
v 0.002 28.542 51.277
v 171.716 24.663 50.787
v 171.759 28.563 51.292
v 0.002 28.542 51.277
v 171.759 28.563 51.292
v 0.014 32.662 51.525
v 0.014 32.662 51.525
v 171.759 28.563 51.292
v 171.762 32.676 51.535
v 0.014 32.662 51.525
v 171.762 32.676 51.535
v 0.032 33.158 51.534
v 0.032 33.158 51.534
v 171.762 32.676 51.535
v 171.705 33.121 51.507
v 0.032 33.158 51.534
v 171.705 33.121 51.507
v -0.025 33.36 51.506
v -0.025 33.36 51.506
v 171.705 33.121 51.507
v 171.735 33.383 51.522
v -0.025 33.36 51.506
v 171.735 33.383 51.522
v -0.01 33.854 51.271
v -0.01 33.854 51.271
v 171.735 33.383 51.522
v 171.741 33.871 51.283
v -0.01 33.854 51.271
v 171.741 33.871 51.283
v -0.018 34.091 51.267
v -0.018 34.091 51.267
v 171.741 33.871 51.283
v 171.741 34.114 51.283
v -0.018 34.091 51.267
v 171.741 34.114 51.283
v -0.017 34.333 51.026
v -0.017 34.333 51.026
v 171.741 34.114 51.283
v 171.749 34.361 51.046
v -0.017 34.333 51.026
v 171.749 34.361 51.046
v -0.005 34.584 50.79
v -0.005 34.584 50.79
v 171.749 34.361 51.046
v 171.75 34.604 50.804
v -0.005 34.584 50.79
v 171.75 34.604 50.804
v 0.007 34.834 50.554
v 0.007 34.834 50.554
v 171.75 34.604 50.804
v 171.714 34.82 50.544
v 0.007 34.834 50.554
v 171.714 34.82 50.544
v -0.023 35.297 50.297
v -0.023 35.297 50.297
v 171.714 34.82 50.544
v 171.755 35.333 50.323
v -0.023 35.297 50.297
v 171.755 35.333 50.323
v -0.003 35.553 50.065
v -0.003 35.553 50.065
v 171.755 35.333 50.323
v 171.754 35.574 50.081
v -0.003 35.553 50.065
v 171.754 35.574 50.081
v -0.022 35.782 49.572
v 300.66 42.823 21.293
v 322.158 42.803 16.683
v 300.677 42.109 16.948
v 300.677 42.109 16.948
v 322.158 42.803 16.683
v 322.198 41.38 12.591
v 343.703 44.025 18.869
v 322.158 42.803 16.683
v 343.69 44.5 21.281
v 343.69 44.5 21.281
v 322.158 42.803 16.683
v 300.66 42.823 21.293
v 343.69 44.5 21.281
v 300.66 42.823 21.293
v 343.679 44.734 23.695
v 343.679 44.734 23.695
v 300.66 42.823 21.293
v 300.63 43.043 25.873
v 343.679 44.734 23.695
v 300.63 43.043 25.873
v 343.688 44.74 25.876
v 343.688 44.74 25.876
v 300.63 43.043 25.873
v 343.669 44.485 30.704
v 343.715 34.842 2.428
v 322.187 35.083 2.185
v 332.835 35.329 2.43
v 343.699 34.589 2.178
v 343.729 34.368 2.193
v 322.157 34.578 1.687
v 322.173 35.799 2.662
v 322.165 35.31 2.416
v 311.534 35.801 2.664
v 311.534 35.801 2.664
v 322.165 35.31 2.416
v 311.557 35.575 2.191
v 322.173 35.799 2.662
v 332.835 35.329 2.43
v 322.165 35.31 2.416
v 322.165 35.31 2.416
v 332.835 35.329 2.43
v 322.187 35.083 2.185
v 322.165 35.31 2.416
v 322.187 35.083 2.185
v 311.557 35.575 2.191
v 311.557 35.575 2.191
v 322.187 35.083 2.185
v 300.645 35.314 1.936
v 343.674 32.395 1.682
v 300.66 33.148 0.976
v 343.664 32.872 1.677
v 343.664 32.872 1.677
v 300.66 33.148 0.976
v 300.671 33.397 0.981
v 343.664 32.872 1.677
v 300.671 33.397 0.981
v 343.71 33.387 1.7
v 343.71 33.387 1.7
v 300.671 33.397 0.981
v 300.668 33.879 0.98
v 343.71 33.387 1.7
v 300.668 33.879 0.98
v 343.719 33.636 1.704
v 343.719 33.636 1.704
v 300.668 33.879 0.98
v 300.662 34.116 0.977
v 343.719 33.636 1.704
v 300.662 34.116 0.977
v 343.724 33.881 1.949
v 343.724 33.881 1.949
v 300.662 34.116 0.977
v 300.671 34.365 1.223
v 343.699 34.589 2.178
v 322.157 34.578 1.687
v 322.139 34.808 1.92
v 322.139 34.808 1.92
v 322.157 34.578 1.687
v 300.617 34.81 1.438
v 322.139 34.808 1.92
v 300.617 34.81 1.438
v 300.612 35.291 1.677
v 300.612 35.291 1.677
v 300.617 34.81 1.438
v 257.855 35.087 0.979
v 300.612 35.291 1.677
v 257.855 35.087 0.979
v 257.823 35.306 1.204
v 257.818 37.238 4.588
v 257.852 38.713 8.717
v 279.133 37.501 4.845
v 279.133 37.501 4.845
v 257.852 38.713 8.717
v 279.128 39.19 8.712
v 279.133 37.501 4.845
v 279.128 39.19 8.712
v 300.658 37.5 4.845
v 300.66 33.148 0.976
v 257.811 33.363 0.231
v 300.671 33.397 0.981
v 300.671 33.397 0.981
v 257.811 33.363 0.231
v 257.802 33.598 0.226
v 300.671 33.397 0.981
v 257.802 33.598 0.226
v 300.668 33.879 0.98
v 300.668 33.879 0.98
v 257.802 33.598 0.226
v 257.815 33.849 0.475
v 300.668 33.879 0.98
v 257.815 33.849 0.475
v 300.662 34.116 0.977
v 300.662 34.116 0.977
v 257.815 33.849 0.475
v 257.836 34.106 0.485
v 300.662 34.116 0.977
v 257.836 34.106 0.485
v 300.671 34.365 1.223
v 300.671 34.365 1.223
v 257.836 34.106 0.485
v 257.8 34.565 0.709
v 343.729 34.368 2.193
v 322.162 34.34 1.689
v 322.157 34.578 1.687
v 322.157 34.578 1.687
v 322.162 34.34 1.689
v 300.631 34.579 1.203
v 322.157 34.578 1.687
v 300.631 34.579 1.203
v 300.617 34.81 1.438
v 300.617 34.81 1.438
v 300.631 34.579 1.203
v 257.854 34.844 0.736
v 300.617 34.81 1.438
v 257.854 34.844 0.736
v 257.855 35.087 0.979
v 257.848 40.645 17.181
v 236.311 39.912 17.175
v 257.802 41.338 21.269
v 257.802 41.338 21.269
v 236.311 39.912 17.175
v 236.336 40.413 21.3
v 257.802 41.338 21.269
v 236.336 40.413 21.3
v 257.803 41.339 25.865
v 257.803 41.339 25.865
v 236.336 40.413 21.3
v 236.319 40.643 25.886
v 257.803 41.339 25.865
v 236.319 40.643 25.886
v 236.332 40.168 33.149
v 236.282 35.78 1.923
v 257.807 36.02 2.164
v 257.844 36.047 1.941
v 257.844 36.047 1.941
v 257.807 36.02 2.164
v 279.1 36.027 2.41
v 257.844 36.047 1.941
v 279.1 36.027 2.41
v 279.107 36.031 2.172
v 279.107 36.031 2.172
v 279.1 36.027 2.41
v 300.65 36.043 2.422
v 279.107 36.031 2.172
v 300.65 36.043 2.422
v 300.667 35.813 2.188
v 214.759 35.54 1.441
v 236.282 35.78 1.923
v 236.287 35.542 1.684
v 236.287 35.542 1.684
v 236.282 35.78 1.923
v 257.844 36.047 1.941
v 236.287 35.542 1.684
v 257.844 36.047 1.941
v 257.82 35.788 1.687
v 257.82 35.788 1.687
v 257.844 36.047 1.941
v 279.107 36.031 2.172
v 257.82 35.788 1.687
v 279.107 36.031 2.172
v 279.109 35.791 1.931
v 279.109 35.791 1.931
v 279.107 36.031 2.172
v 300.667 35.813 2.188
v 279.109 35.791 1.931
v 300.667 35.813 2.188
v 300.63 35.545 2.17
v 236.332 39.2 12.832
v 257.808 39.891 12.807
v 236.291 38.205 8.7
v 236.291 38.205 8.7
v 257.808 39.891 12.807
v 257.852 38.713 8.717
v 236.291 38.205 8.7
v 257.852 38.713 8.717
v 236.303 37.004 4.594
v 236.303 37.004 4.594
v 257.852 38.713 8.717
v 257.818 37.238 4.588
v 236.303 37.004 4.594
v 257.818 37.238 4.588
v 236.294 36.272 2.655
v 300.65 36.043 2.422
v 311.534 35.801 2.664
v 300.667 35.813 2.188
v 300.667 35.813 2.188
v 311.534 35.801 2.664
v 311.557 35.575 2.191
v 300.667 35.813 2.188
v 311.557 35.575 2.191
v 300.63 35.545 2.17
v 300.63 35.545 2.17
v 311.557 35.575 2.191
v 300.645 35.314 1.936
v 300.63 35.545 2.17
v 300.645 35.314 1.936
v 279.109 35.791 1.931
v 279.109 35.791 1.931
v 300.645 35.314 1.936
v 257.803 35.534 1.436
v 279.109 35.791 1.931
v 257.803 35.534 1.436
v 257.82 35.788 1.687
v 257.82 35.788 1.687
v 257.803 35.534 1.436
v 236.318 35.563 1.215
v 257.82 35.788 1.687
v 236.318 35.563 1.215
v 236.287 35.542 1.684
v 236.287 35.542 1.684
v 236.318 35.563 1.215
v 214.776 35.31 1.207
v 236.287 35.542 1.684
v 214.776 35.31 1.207
v 214.759 35.54 1.441
v 214.763 39.655 17.164
v 236.332 39.2 12.832
v 214.814 37.998 8.725
v 214.814 37.998 8.725
v 236.332 39.2 12.832
v 236.291 38.205 8.7
v 214.814 37.998 8.725
v 236.291 38.205 8.7
v 214.79 36.771 4.6
v 214.79 36.771 4.6
v 236.291 38.205 8.7
v 236.303 37.004 4.594
v 214.79 36.771 4.6
v 236.303 37.004 4.594
v 214.806 36.057 2.674
v 214.806 36.057 2.674
v 236.303 37.004 4.594
v 236.294 36.272 2.655
v 214.806 36.057 2.674
v 236.294 36.272 2.655
v 214.788 35.803 2.181
v 343.706 34.11 1.94
v 343.724 33.881 1.949
v 322.162 34.34 1.689
v 322.162 34.34 1.689
v 343.724 33.881 1.949
v 300.671 34.365 1.223
v 322.162 34.34 1.689
v 300.671 34.365 1.223
v 300.631 34.579 1.203
v 300.631 34.579 1.203
v 300.671 34.365 1.223
v 257.8 34.565 0.709
v 300.631 34.579 1.203
v 257.8 34.565 0.709
v 257.854 34.844 0.736
v 257.854 34.844 0.736
v 257.8 34.565 0.709
v 236.281 34.57 0.713
v 257.854 34.844 0.736
v 236.281 34.57 0.713
v 257.855 35.087 0.979
v 257.855 35.087 0.979
v 236.281 34.57 0.713
v 236.337 35.093 0.983
v 257.855 35.087 0.979
v 236.337 35.093 0.983
v 257.823 35.306 1.204
v 257.823 35.306 1.204
v 236.337 35.093 0.983
v 236.285 35.298 0.957
v 257.811 33.363 0.231
v 214.803 32.91 0.011
v 257.802 33.598 0.226
v 257.802 33.598 0.226
v 214.803 32.91 0.011
v 214.751 33.357 -0.015
v 257.802 33.598 0.226
v 214.751 33.357 -0.015
v 257.815 33.849 0.475
v 257.815 33.849 0.475
v 214.751 33.357 -0.015
v 214.757 33.603 0.23
v 257.815 33.849 0.475
v 214.757 33.603 0.23
v 257.836 34.106 0.485
v 257.836 34.106 0.485
v 214.757 33.603 0.23
v 214.76 33.848 0.232
v 257.836 34.106 0.485
v 214.76 33.848 0.232
v 257.8 34.565 0.709
v 257.8 34.565 0.709
v 214.76 33.848 0.232
v 214.77 34.338 0.479
v 257.8 34.565 0.709
v 214.77 34.338 0.479
v 236.281 34.57 0.713
v 236.281 34.57 0.713
v 214.77 34.338 0.479
v 214.775 34.584 0.481
v 236.281 34.57 0.713
v 214.775 34.584 0.481
v 236.337 35.093 0.983
v 236.337 35.093 0.983
v 214.775 34.584 0.481
v 214.771 34.823 0.721
v 236.337 35.093 0.983
v 214.771 34.823 0.721
v 236.285 35.298 0.957
v 236.285 35.298 0.957
v 214.771 34.823 0.721
v 214.764 35.06 0.96
v 343.703 9.921 6.775
v 300.666 9.69 5.816
v 343.73 10.424 6.306
v 343.73 10.424 6.306
v 300.666 9.69 5.816
v 300.631 10.392 5.315
v 343.73 10.424 6.306
v 300.631 10.392 5.315
v 343.688 10.878 6.043
v 343.688 10.878 6.043
v 300.631 10.392 5.315
v 300.641 11.124 4.836
v 343.688 10.878 6.043
v 300.641 11.124 4.836
v 343.705 11.616 5.809
v 343.723 8.484 8.479
v 300.627 7.97 8.215
v 343.727 8.729 8.239
v 343.727 8.729 8.239
v 300.627 7.97 8.215
v 300.642 7.981 7.981
v 343.718 8.722 8.234
v 300.67 8.242 7.753
v 343.69 8.945 7.737
v 343.69 8.945 7.737
v 300.67 8.242 7.753
v 300.616 8.446 7.243
v 300.652 16.453 3.149
v 343.702 15.725 4.356
v 300.67 14.047 3.883
v 300.67 14.047 3.883
v 343.702 15.725 4.356
v 343.705 11.616 5.809
v 300.67 14.047 3.883
v 343.705 11.616 5.809
v 300.619 11.835 4.583
v 300.619 11.835 4.583
v 343.705 11.616 5.809
v 300.641 11.124 4.836
v 257.841 32.9 0.246
v 300.616 32.875 0.954
v 257.861 32.43 0.256
v 257.861 32.43 0.256
v 300.616 32.875 0.954
v 300.641 32.167 0.966
v 257.861 32.43 0.256
v 300.641 32.167 0.966
v 257.806 29.973 0.471
v 257.806 29.973 0.471
v 300.641 32.167 0.966
v 300.674 30.013 0.983
v 257.806 29.973 0.471
v 300.674 30.013 0.983
v 257.822 25.631 0.962
v 257.822 25.631 0.962
v 300.674 30.013 0.983
v 300.625 25.383 1.442
v 257.822 25.631 0.962
v 300.625 25.383 1.442
v 257.853 16.703 2.429
v 257.853 16.703 2.429
v 300.625 25.383 1.442
v 300.652 16.453 3.149
v 257.853 16.703 2.429
v 300.652 16.453 3.149
v 257.863 14.533 2.917
v 257.863 14.533 2.917
v 300.652 16.453 3.149
v 300.67 14.047 3.883
v 257.863 14.533 2.917
v 300.67 14.047 3.883
v 257.8 13.28 3.128
v 257.8 13.28 3.128
v 300.67 14.047 3.883
v 300.619 11.835 4.583
v 257.825 4.348 14.992
v 257.843 5.812 11.615
v 300.645 4.596 13.787
v 300.645 4.596 13.787
v 257.843 5.812 11.615
v 300.633 5.556 12.088
v 300.645 4.596 13.787
v 300.633 5.556 12.088
v 343.73 5.586 12.594
v 300.631 3.861 15.715
v 343.725 3.407 16.704
v 300.63 3.135 17.65
v 300.63 3.135 17.65
v 343.725 3.407 16.704
v 343.704 2.424 18.87
v 300.63 3.135 17.65
v 343.704 2.424 18.87
v 300.643 2.418 20.075
v 300.643 2.418 20.075
v 343.704 2.424 18.87
v 343.685 1.927 21.037
v 300.643 2.418 20.075
v 343.685 1.927 21.037
v 300.623 1.921 22.725
v 300.623 1.921 22.725
v 343.685 1.927 21.037
v 343.721 1.469 23.232
v 300.623 1.921 22.725
v 343.721 1.469 23.232
v 300.649 1.939 25.883
v 214.772 32.646 -0.004
v 257.841 32.9 0.246
v 214.759 32.154 -0.011
v 214.759 32.154 -0.011
v 257.841 32.9 0.246
v 257.861 32.43 0.256
v 214.759 32.154 -0.011
v 257.861 32.43 0.256
v 214.772 29.745 0.238
v 214.772 29.745 0.238
v 257.861 32.43 0.256
v 257.806 29.973 0.471
v 214.772 29.745 0.238
v 257.806 29.973 0.471
v 214.749 25.616 0.71
v 214.749 25.616 0.71
v 257.806 29.973 0.471
v 257.822 25.631 0.962
v 214.749 25.616 0.71
v 257.822 25.631 0.962
v 214.784 16.934 1.937
v 214.784 16.934 1.937
v 257.822 25.631 0.962
v 257.853 16.703 2.429
v 214.784 16.934 1.937
v 257.853 16.703 2.429
v 214.746 14.488 2.402
v 214.746 14.488 2.402
v 257.853 16.703 2.429
v 257.863 14.533 2.917
v 214.746 14.488 2.402
v 257.863 14.533 2.917
v 214.787 13.307 2.906
v 214.787 13.307 2.906
v 257.863 14.533 2.917
v 257.8 13.28 3.128
v 257.839 7.26 8.468
v 214.798 7.027 8.233
v 257.855 7.755 7.509
v 257.855 7.755 7.509
v 214.798 7.027 8.233
v 214.802 7.513 7.267
v 257.855 7.755 7.509
v 214.802 7.513 7.267
v 257.857 7.999 6.785
v 257.857 7.999 6.785
v 214.802 7.513 7.267
v 214.755 7.964 6.518
v 257.857 7.999 6.785
v 214.755 7.964 6.518
v 257.833 8.707 6.047
v 257.833 8.707 6.047
v 214.755 7.964 6.518
v 214.792 8.474 5.811
v 257.833 8.707 6.047
v 214.792 8.474 5.811
v 257.799 9.409 5.062
v 257.799 9.409 5.062
v 214.792 8.474 5.811
v 214.756 9.416 4.826
v 257.799 9.409 5.062
v 214.756 9.416 4.826
v 257.83 10.157 4.594
v 257.83 10.157 4.594
v 214.756 9.416 4.826
v 214.78 10.158 4.112
v 257.83 10.157 4.594
v 214.78 10.158 4.112
v 257.819 11.116 3.863
v 257.819 11.116 3.863
v 214.78 10.158 4.112
v 214.748 11.103 3.612
v 257.819 11.116 3.863
v 214.748 11.103 3.612
v 257.848 12.104 3.636
v 257.848 12.104 3.636
v 214.748 11.103 3.612
v 214.761 12.08 3.135
v 257.826 2.414 29.021
v 214.766 2.892 29.259
v 257.865 2.2 25.896
v 257.865 2.2 25.896
v 214.766 2.892 29.259
v 214.764 2.65 25.872
v 257.865 2.2 25.896
v 214.764 2.65 25.872
v 257.81 2.403 22.483
v 257.81 2.403 22.483
v 214.764 2.65 25.872
v 214.759 2.888 22.241
v 257.81 2.403 22.483
v 214.759 2.888 22.241
v 257.857 2.919 19.361
v 257.857 2.919 19.361
v 214.759 2.888 22.241
v 214.746 3.363 19.091
v 257.857 2.919 19.361
v 214.746 3.363 19.091
v 257.825 4.348 14.992
v 257.825 4.348 14.992
v 214.746 3.363 19.091
v 214.79 4.603 14.517
v 257.825 4.348 14.992
v 214.79 4.603 14.517
v 257.843 5.812 11.615
v 343.73 5.586 12.594
v 343.676 4.34 14.744
v 300.645 4.596 13.787
v 300.645 4.596 13.787
v 343.676 4.34 14.744
v 300.631 3.861 15.715
v 300.645 4.596 13.787
v 300.631 3.861 15.715
v 257.825 4.348 14.992
v 257.825 4.348 14.992
v 300.631 3.861 15.715
v 300.63 3.135 17.65
v 257.825 4.348 14.992
v 300.63 3.135 17.65
v 257.857 2.919 19.361
v 257.857 2.919 19.361
v 300.63 3.135 17.65
v 300.643 2.418 20.075
v 257.857 2.919 19.361
v 300.643 2.418 20.075
v 257.81 2.403 22.483
v 257.81 2.403 22.483
v 300.643 2.418 20.075
v 300.623 1.921 22.725
v 257.81 2.403 22.483
v 300.623 1.921 22.725
v 257.865 2.2 25.896
v 257.865 2.2 25.896
v 300.623 1.921 22.725
v 300.649 1.939 25.883
v 257.865 2.2 25.896
v 300.649 1.939 25.883
v 257.826 2.414 29.021
v 493.916 48.871 18.391
v 472.637 48.391 18.394
v 493.921 49.6 21.054
v 493.921 49.6 21.054
v 472.637 48.391 18.394
v 472.591 49.084 21.032
v 493.921 49.6 21.054
v 472.591 49.084 21.032
v 493.926 50.087 24.201
v 493.926 50.087 24.201
v 472.591 49.084 21.032
v 472.585 49.564 24.173
v 493.926 50.087 24.201
v 472.585 49.564 24.173
v 493.879 50.296 25.871
v 493.879 50.296 25.871
v 472.585 49.564 24.173
v 472.612 49.583 25.88
v 493.922 47.907 16.217
v 515.412 47.882 16.199
v 493.898 46.682 13.787
v 493.898 46.682 13.787
v 515.412 47.882 16.199
v 515.396 46.662 13.773
v 493.898 46.682 13.787
v 515.396 46.662 13.773
v 493.917 45.243 11.861
v 493.917 45.243 11.861
v 515.396 46.662 13.773
v 515.426 45.232 11.853
v 493.917 45.243 11.861
v 515.426 45.232 11.853
v 493.914 43.549 9.925
v 493.914 43.549 9.925
v 515.426 45.232 11.853
v 515.397 43.518 9.903
v 493.914 43.549 9.925
v 515.397 43.518 9.903
v 493.868 41.823 7.967
v 493.868 41.823 7.967
v 515.397 43.518 9.903
v 515.436 41.852 7.988
v 493.868 41.823 7.967
v 515.436 41.852 7.988
v 515.389 39.643 6.513
v 386.528 44.76 16.457
v 386.498 43.772 14.266
v 365.256 43.318 14.529
v 386.528 44.76 16.457
v 365.256 43.318 14.529
v 365.19 43.997 16.673
v 365.19 43.997 16.673
v 365.256 43.318 14.529
v 343.678 42.798 14.503
v 365.19 43.997 16.673
v 343.678 42.798 14.503
v 343.705 43.542 16.693
v 429.541 42.314 9.907
v 408.001 41.821 10.142
v 408.059 43.312 12.106
v 408.059 43.312 12.106
v 408.001 41.821 10.142
v 386.515 42.816 12.097
v 408.059 43.312 12.106
v 386.515 42.816 12.097
v 386.498 43.772 14.266
v 386.498 43.772 14.266
v 386.515 42.816 12.097
v 365.209 42.317 12.328
v 386.498 43.772 14.266
v 365.209 42.317 12.328
v 365.256 43.318 14.529
v 365.256 43.318 14.529
v 365.209 42.317 12.328
v 343.712 41.855 12.343
v 365.256 43.318 14.529
v 343.712 41.855 12.343
v 343.678 42.798 14.503
v 343.712 41.855 12.343
v 322.198 41.38 12.591
v 343.678 42.798 14.503
v 343.678 42.798 14.503
v 322.198 41.38 12.591
v 322.158 42.803 16.683
v 343.678 42.798 14.503
v 322.158 42.803 16.683
v 343.705 43.542 16.693
v 343.705 43.542 16.693
v 322.158 42.803 16.683
v 343.703 44.025 18.869
v 343.705 43.542 16.693
v 343.703 44.025 18.869
v 365.19 43.997 16.673
v 365.19 43.997 16.673
v 343.703 44.025 18.869
v 386.506 45.471 18.624
v 365.19 43.997 16.673
v 386.506 45.471 18.624
v 386.528 44.76 16.457
v 386.528 44.76 16.457
v 386.506 45.471 18.624
v 429.526 45.932 16.188
v 386.528 44.76 16.457
v 429.526 45.932 16.188
v 386.498 43.772 14.266
v 386.498 43.772 14.266
v 429.526 45.932 16.188
v 429.537 44.972 14.017
v 386.498 43.772 14.266
v 429.537 44.972 14.017
v 408.059 43.312 12.106
v 408.059 43.312 12.106
v 429.537 44.972 14.017
v 429.526 43.754 11.834
v 408.059 43.312 12.106
v 429.526 43.754 11.834
v 429.541 42.314 9.907
v 515.389 39.643 6.513
v 472.605 39.42 6.527
v 493.868 41.823 7.967
v 493.868 41.823 7.967
v 472.605 39.42 6.527
v 472.639 41.378 7.995
v 493.868 41.823 7.967
v 472.639 41.378 7.995
v 493.914 43.549 9.925
v 493.914 43.549 9.925
v 472.639 41.378 7.995
v 472.581 43.273 9.901
v 493.914 43.549 9.925
v 472.581 43.273 9.901
v 493.917 45.243 11.861
v 493.917 45.243 11.861
v 472.581 43.273 9.901
v 472.629 44.758 11.86
v 493.917 45.243 11.861
v 472.629 44.758 11.86
v 493.898 46.682 13.787
v 493.898 46.682 13.787
v 472.629 44.758 11.86
v 472.589 46.18 13.775
v 493.898 46.682 13.787
v 472.589 46.18 13.775
v 493.922 47.907 16.217
v 493.922 47.907 16.217
v 472.589 46.18 13.775
v 472.591 47.391 16.194
v 515.416 37.484 5.317
v 515.444 35.327 4.364
v 472.605 35.066 4.108
v 429.526 45.932 16.188
v 472.591 47.391 16.194
v 429.537 44.972 14.017
v 429.537 44.972 14.017
v 472.591 47.391 16.194
v 472.589 46.18 13.775
v 429.537 44.972 14.017
v 472.589 46.18 13.775
v 429.526 43.754 11.834
v 429.526 43.754 11.834
v 472.589 46.18 13.775
v 472.629 44.758 11.86
v 429.526 43.754 11.834
v 472.629 44.758 11.86
v 429.541 42.314 9.907
v 429.541 42.314 9.907
v 472.629 44.758 11.86
v 472.581 43.273 9.901
v 429.541 42.314 9.907
v 472.581 43.273 9.901
v 429.564 40.637 8.226
v 429.564 40.637 8.226
v 472.581 43.273 9.901
v 472.639 41.378 7.995
v 429.564 40.637 8.226
v 472.639 41.378 7.995
v 451.092 39.187 6.533
v 451.092 39.187 6.533
v 472.639 41.378 7.995
v 472.605 39.42 6.527
v 451.092 39.187 6.533
v 472.605 39.42 6.527
v 472.614 37.249 5.322
v 472.614 37.249 5.322
v 472.605 39.42 6.527
v 515.389 39.643 6.513
v 472.614 37.249 5.322
v 515.389 39.643 6.513
v 515.416 37.484 5.317
v 515.416 37.484 5.317
v 472.605 35.066 4.108
v 472.614 37.249 5.322
v 472.614 37.249 5.322
v 472.605 35.066 4.108
v 451.073 36.997 5.315
v 472.614 37.249 5.322
v 451.073 36.997 5.315
v 451.092 39.187 6.533
v 451.092 39.187 6.533
v 451.073 36.997 5.315
v 429.581 38.956 6.541
v 451.092 39.187 6.533
v 429.581 38.956 6.541
v 429.564 40.637 8.226
v 429.564 40.637 8.226
v 429.581 38.956 6.541
v 408.046 40.401 8.23
v 429.564 40.637 8.226
v 408.046 40.401 8.23
v 408.001 41.821 10.142
v 408.001 41.821 10.142
v 408.046 40.401 8.23
v 386.528 41.616 10.169
v 408.001 41.821 10.142
v 386.528 41.616 10.169
v 386.515 42.816 12.097
v 386.515 42.816 12.097
v 386.528 41.616 10.169
v 365.189 41.094 10.383
v 386.515 42.816 12.097
v 365.189 41.094 10.383
v 365.209 42.317 12.328
v 365.209 42.317 12.328
v 365.189 41.094 10.383
v 343.683 40.866 10.393
v 365.209 42.317 12.328
v 343.683 40.866 10.393
v 343.712 41.855 12.343
v 343.712 41.855 12.343
v 343.683 40.866 10.393
v 322.176 40.638 10.645
v 343.712 41.855 12.343
v 322.176 40.638 10.645
v 322.198 41.38 12.591
v 322.198 41.38 12.591
v 322.176 40.638 10.645
v 300.657 40.886 12.584
v 322.198 41.38 12.591
v 300.657 40.886 12.584
v 300.677 42.109 16.948
v 472.607 33.132 3.625
v 472.588 34.086 3.858
v 515.442 34.359 3.879
v 515.389 33.354 3.611
v 515.442 32.423 3.637
v 472.581 32.63 3.612
v 429.573 32.178 3.151
v 472.609 32.166 3.626
v 429.548 31.677 3.138
v 429.548 31.677 3.138
v 472.609 32.166 3.626
v 472.602 31.194 3.623
v 451.107 33.151 3.397
v 429.533 33.117 3.131
v 451.079 33.615 3.624
v 451.079 33.615 3.624
v 429.533 33.117 3.131
v 429.536 33.603 3.374
v 451.079 33.615 3.624
v 429.536 33.603 3.374
v 451.059 34.084 3.614
v 451.059 34.084 3.614
v 429.536 33.603 3.374
v 429.585 34.121 3.641
v 451.059 34.084 3.614
v 429.585 34.121 3.641
v 429.585 35.089 4.124
v 375.837 34.568 2.888
v 386.492 34.818 3.379
v 386.519 34.354 3.15
v 386.519 34.354 3.15
v 386.492 34.818 3.379
v 408.022 34.579 3.622
v 386.519 34.354 3.15
v 408.022 34.579 3.622
v 408.022 34.096 3.38
v 300.654 39.432 8.713
v 322.149 39.652 8.455
v 322.189 38.47 6.782
v 322.189 38.47 6.782
v 322.149 39.652 8.455
v 343.673 39.65 8.454
v 322.189 38.47 6.782
v 343.673 39.65 8.454
v 343.69 38.453 6.769
v 343.69 38.453 6.769
v 343.673 39.65 8.454
v 365.19 39.885 8.449
v 343.69 38.453 6.769
v 365.19 39.885 8.449
v 365.247 38.716 6.543
v 365.247 38.716 6.543
v 365.19 39.885 8.449
v 386.511 40.153 8.225
v 365.247 38.716 6.543
v 386.511 40.153 8.225
v 386.533 38.717 6.543
v 386.533 38.717 6.543
v 386.511 40.153 8.225
v 408.061 38.718 6.544
v 386.533 38.717 6.543
v 408.061 38.718 6.544
v 408.058 37.023 5.092
v 408.058 37.023 5.092
v 408.061 38.718 6.544
v 429.574 37.016 5.086
v 408.058 37.023 5.092
v 429.574 37.016 5.086
v 429.585 35.089 4.124
v 429.585 35.089 4.124
v 429.574 37.016 5.086
v 451.098 35.079 4.117
v 429.585 35.089 4.124
v 451.098 35.079 4.117
v 451.059 34.084 3.614
v 451.059 34.084 3.614
v 451.098 35.079 4.117
v 472.588 34.086 3.858
v 451.059 34.084 3.614
v 472.588 34.086 3.858
v 451.079 33.615 3.624
v 451.079 33.615 3.624
v 472.588 34.086 3.858
v 472.607 33.132 3.625
v 451.079 33.615 3.624
v 472.607 33.132 3.625
v 451.107 33.151 3.397
v 408.004 35.05 3.855
v 386.499 35.307 3.624
v 386.486 36.991 5.068
v 386.486 36.991 5.068
v 386.499 35.307 3.624
v 375.851 35.545 3.621
v 386.486 36.991 5.068
v 375.851 35.545 3.621
v 365.211 36.998 5.073
v 343.7 35.074 2.663
v 343.701 35.558 2.905
v 354.334 34.826 2.658
v 408.022 34.096 3.38
v 408.003 33.841 3.129
v 386.519 34.354 3.15
v 386.519 34.354 3.15
v 408.003 33.841 3.129
v 386.501 34.099 2.899
v 386.519 34.354 3.15
v 386.501 34.099 2.899
v 375.837 34.568 2.888
v 375.837 34.568 2.888
v 386.501 34.099 2.899
v 365.22 34.343 2.417
v 375.837 34.568 2.888
v 365.22 34.343 2.417
v 365.248 34.847 2.915
v 365.248 34.847 2.915
v 365.22 34.343 2.417
v 354.334 34.826 2.658
v 365.248 34.847 2.915
v 354.334 34.826 2.658
v 354.347 35.803 3.391
v 354.347 35.803 3.391
v 354.334 34.826 2.658
v 343.701 35.558 2.905
v 354.347 35.803 3.391
v 343.701 35.558 2.905
v 343.696 35.796 3.386
v 343.696 35.796 3.386
v 343.701 35.558 2.905
v 332.793 35.542 2.893
v 343.696 35.796 3.386
v 332.793 35.542 2.893
v 322.136 36.015 3.127
v 365.233 33.869 2.424
v 365.196 34.085 2.405
v 386.535 33.881 2.675
v 214.77 35.548 1.688
v 214.788 35.803 2.181
v 236.288 36.026 2.168
v 236.288 36.026 2.168
v 214.788 35.803 2.181
v 236.294 36.272 2.655
v 236.288 36.026 2.168
v 236.294 36.272 2.655
v 257.822 36.273 2.655
v 257.822 36.273 2.655
v 236.294 36.272 2.655
v 257.818 37.238 4.588
v 257.822 36.273 2.655
v 257.818 37.238 4.588
v 279.138 36.537 2.913
v 279.138 36.537 2.913
v 257.818 37.238 4.588
v 279.133 37.501 4.845
v 279.138 36.537 2.913
v 279.133 37.501 4.845
v 300.641 36.279 2.901
v 300.641 36.279 2.901
v 279.133 37.501 4.845
v 300.658 37.5 4.845
v 300.641 36.279 2.901
v 300.658 37.5 4.845
v 322.136 36.015 3.127
v 322.136 36.015 3.127
v 300.658 37.5 4.845
v 322.158 37.24 4.832
v 322.136 36.015 3.127
v 322.158 37.24 4.832
v 343.696 35.796 3.386
v 343.696 35.796 3.386
v 322.158 37.24 4.832
v 343.691 37.244 4.835
v 343.696 35.796 3.386
v 343.691 37.244 4.835
v 354.347 35.803 3.391
v 354.347 35.803 3.391
v 343.691 37.244 4.835
v 365.211 36.998 5.073
v 354.347 35.803 3.391
v 365.211 36.998 5.073
v 365.192 35.533 3.371
v 365.192 35.533 3.371
v 365.211 36.998 5.073
v 375.851 35.545 3.621
v 365.192 35.533 3.371
v 375.851 35.545 3.621
v 375.837 34.568 2.888
v 375.837 34.568 2.888
v 375.851 35.545 3.621
v 386.499 35.307 3.624
v 375.837 34.568 2.888
v 386.499 35.307 3.624
v 386.492 34.818 3.379
v 386.492 34.818 3.379
v 386.499 35.307 3.624
v 408.004 35.05 3.855
v 386.492 34.818 3.379
v 408.004 35.05 3.855
v 408.022 34.579 3.622
v 257.846 37.015 48.622
v 257.831 37.247 48.373
v 236.336 36.301 49.114
v 236.336 36.301 49.114
v 257.831 37.247 48.373
v 236.287 37.234 46.913
v 236.336 36.301 49.114
v 236.287 37.234 46.913
v 214.746 36.499 47.39
v 214.746 36.499 47.39
v 236.287 37.234 46.913
v 236.312 38.945 40.879
v 214.746 36.499 47.39
v 236.312 38.945 40.879
v 214.786 38.22 41.121
v 214.786 38.22 41.121
v 236.312 38.945 40.879
v 236.332 40.168 33.149
v 214.786 38.22 41.121
v 236.332 40.168 33.149
v 214.788 39.672 33.14
v 214.788 39.672 33.14
v 236.332 40.168 33.149
v 236.319 40.643 25.886
v 214.788 39.672 33.14
v 236.319 40.643 25.886
v 214.795 40.161 25.887
v 214.795 40.161 25.887
v 236.319 40.643 25.886
v 236.336 40.413 21.3
v 214.795 40.161 25.887
v 236.336 40.413 21.3
v 214.763 39.655 17.164
v 214.763 39.655 17.164
v 236.336 40.413 21.3
v 236.311 39.912 17.175
v 214.763 39.655 17.164
v 236.311 39.912 17.175
v 236.332 39.2 12.832
v 236.332 39.2 12.832
v 236.311 39.912 17.175
v 257.848 40.645 17.181
v 236.332 39.2 12.832
v 257.848 40.645 17.181
v 257.808 39.891 12.807
v 257.808 39.891 12.807
v 257.848 40.645 17.181
v 279.138 40.406 12.829
v 257.808 39.891 12.807
v 279.138 40.406 12.829
v 279.128 39.19 8.712
v 279.128 39.19 8.712
v 279.138 40.406 12.829
v 300.654 39.432 8.713
v 279.128 39.19 8.712
v 300.654 39.432 8.713
v 300.658 37.5 4.845
v 300.658 37.5 4.845
v 300.654 39.432 8.713
v 322.189 38.47 6.782
v 300.658 37.5 4.845
v 322.189 38.47 6.782
v 322.158 37.24 4.832
v 322.158 37.24 4.832
v 322.189 38.47 6.782
v 343.69 38.453 6.769
v 322.158 37.24 4.832
v 343.69 38.453 6.769
v 343.691 37.244 4.835
v 343.691 37.244 4.835
v 343.69 38.453 6.769
v 365.247 38.716 6.543
v 343.691 37.244 4.835
v 365.247 38.716 6.543
v 365.211 36.998 5.073
v 365.211 36.998 5.073
v 365.247 38.716 6.543
v 386.533 38.717 6.543
v 365.211 36.998 5.073
v 386.533 38.717 6.543
v 386.486 36.991 5.068
v 386.486 36.991 5.068
v 386.533 38.717 6.543
v 408.058 37.023 5.092
v 386.486 36.991 5.068
v 408.058 37.023 5.092
v 408.004 35.05 3.855
v 408.004 35.05 3.855
v 408.058 37.023 5.092
v 429.585 35.089 4.124
v 408.004 35.05 3.855
v 429.585 35.089 4.124
v 408.022 34.579 3.622
v 408.022 34.579 3.622
v 429.585 35.089 4.124
v 429.585 34.121 3.641
v 408.022 34.579 3.622
v 429.585 34.121 3.641
v 408.022 34.096 3.38
v 408.022 34.096 3.38
v 429.585 34.121 3.641
v 429.536 33.603 3.374
v 408.022 34.096 3.38
v 429.536 33.603 3.374
v 408.003 33.841 3.129
v 408.003 33.841 3.129
v 429.536 33.603 3.374
v 429.533 33.117 3.131
v 515.442 34.359 3.879
v 515.389 33.354 3.611
v 472.607 33.132 3.625
v 472.607 33.132 3.625
v 515.389 33.354 3.611
v 472.581 32.63 3.612
v 472.607 33.132 3.625
v 472.581 32.63 3.612
v 451.107 33.151 3.397
v 451.107 33.151 3.397
v 472.581 32.63 3.612
v 429.546 32.643 3.137
v 451.107 33.151 3.397
v 429.546 32.643 3.137
v 429.533 33.117 3.131
v 429.533 33.117 3.131
v 429.546 32.643 3.137
v 408.04 33.383 2.906
v 429.533 33.117 3.131
v 408.04 33.383 2.906
v 408.003 33.841 3.129
v 408.003 33.841 3.129
v 408.04 33.383 2.906
v 386.535 33.881 2.675
v 408.003 33.841 3.129
v 386.535 33.881 2.675
v 386.501 34.099 2.899
v 386.501 34.099 2.899
v 386.535 33.881 2.675
v 365.196 34.085 2.405
v 386.501 34.099 2.899
v 365.196 34.085 2.405
v 365.22 34.343 2.417
v 365.22 34.343 2.417
v 365.196 34.085 2.405
v 354.327 34.579 2.413
v 365.22 34.343 2.417
v 354.327 34.579 2.413
v 354.334 34.826 2.658
v 354.334 34.826 2.658
v 354.327 34.579 2.413
v 343.715 34.842 2.428
v 354.334 34.826 2.658
v 343.715 34.842 2.428
v 343.7 35.074 2.663
v 343.7 35.074 2.663
v 343.715 34.842 2.428
v 332.835 35.329 2.43
v 343.7 35.074 2.663
v 332.835 35.329 2.43
v 332.793 35.542 2.893
v 332.793 35.542 2.893
v 332.835 35.329 2.43
v 322.173 35.799 2.662
v 332.793 35.542 2.893
v 322.173 35.799 2.662
v 322.136 36.015 3.127
v 322.136 36.015 3.127
v 322.173 35.799 2.662
v 311.534 35.801 2.664
v 322.136 36.015 3.127
v 311.534 35.801 2.664
v 300.641 36.279 2.901
v 300.641 36.279 2.901
v 311.534 35.801 2.664
v 300.65 36.043 2.422
v 300.641 36.279 2.901
v 300.65 36.043 2.422
v 279.138 36.537 2.913
v 279.138 36.537 2.913
v 300.65 36.043 2.422
v 279.1 36.027 2.41
v 279.138 36.537 2.913
v 279.1 36.027 2.41
v 257.822 36.273 2.655
v 257.822 36.273 2.655
v 279.1 36.027 2.41
v 257.807 36.02 2.164
v 257.822 36.273 2.655
v 257.807 36.02 2.164
v 236.288 36.026 2.168
v 236.288 36.026 2.168
v 257.807 36.02 2.164
v 236.282 35.78 1.923
v 236.288 36.026 2.168
v 236.282 35.78 1.923
v 214.77 35.548 1.688
v 214.77 35.548 1.688
v 236.282 35.78 1.923
v 214.759 35.54 1.441
v 429.548 31.677 3.138
v 386.486 31.912 2.408
v 429.573 32.178 3.151
v 429.573 32.178 3.151
v 386.486 31.912 2.408
v 386.513 32.415 2.422
v 429.573 32.178 3.151
v 386.513 32.415 2.422
v 408.035 32.895 2.903
v 386.497 32.646 2.414
v 365.255 33.4 2.193
v 386.5 33.131 2.415
v 386.5 33.131 2.415
v 365.255 33.4 2.193
v 365.201 33.604 2.166
v 386.513 32.415 2.422
v 386.497 32.646 2.414
v 408.035 32.895 2.903
v 408.035 32.895 2.903
v 386.497 32.646 2.414
v 386.5 33.131 2.415
v 408.035 32.895 2.903
v 386.5 33.131 2.415
v 386.519 33.628 2.667
v 386.519 33.628 2.667
v 386.5 33.131 2.415
v 365.201 33.604 2.166
v 386.519 33.628 2.667
v 365.201 33.604 2.166
v 365.233 33.869 2.424
v 386.473 31.419 2.402
v 429.593 30.983 3.161
v 386.48 29.005 2.647
v 386.48 29.005 2.647
v 429.593 30.983 3.161
v 429.529 28.761 3.371
v 386.48 29.005 2.647
v 429.529 28.761 3.371
v 386.494 24.178 3.138
v 386.494 24.178 3.138
v 429.529 28.761 3.371
v 429.552 23.94 4.108
v 386.494 24.178 3.138
v 429.552 23.94 4.108
v 429.561 19.109 5.08
v 214.785 35.558 50.069
v 236.33 35.814 50.079
v 236.305 36.037 49.824
v 236.305 36.037 49.824
v 236.33 35.814 50.079
v 257.838 36.526 49.344
v 236.305 36.037 49.824
v 257.838 36.526 49.344
v 257.851 37.019 48.867
v 257.851 37.019 48.867
v 257.838 36.526 49.344
v 279.14 37.989 47.66
v 257.851 37.019 48.867
v 279.14 37.989 47.66
v 257.846 37.015 48.622
v 257.846 37.015 48.622
v 279.14 37.989 47.66
v 300.674 39.204 45.97
v 257.846 37.015 48.622
v 300.674 39.204 45.97
v 257.831 37.247 48.373
v 257.831 37.247 48.373
v 300.674 39.204 45.97
v 300.67 39.443 45.726
v 257.831 37.247 48.373
v 300.67 39.443 45.726
v 257.832 37.973 46.197
v 257.832 37.973 46.197
v 300.67 39.443 45.726
v 300.663 40.164 43.546
v 257.832 37.973 46.197
v 300.663 40.164 43.546
v 257.85 39.679 40.401
v 257.85 39.679 40.401
v 300.663 40.164 43.546
v 300.642 41.6 38.456
v 257.85 39.679 40.401
v 300.642 41.6 38.456
v 257.815 41.106 32.644
v 257.815 41.106 32.644
v 300.642 41.6 38.456
v 300.626 42.798 31.918
v 257.815 41.106 32.644
v 300.626 42.798 31.918
v 257.803 41.339 25.865
v 257.803 41.339 25.865
v 300.626 42.798 31.918
v 300.63 43.043 25.873
v 257.803 41.339 25.865
v 300.63 43.043 25.873
v 257.802 41.338 21.269
v 257.802 41.338 21.269
v 300.63 43.043 25.873
v 300.66 42.823 21.293
v 257.802 41.338 21.269
v 300.66 42.823 21.293
v 257.848 40.645 17.181
v 257.848 40.645 17.181
v 300.66 42.823 21.293
v 300.677 42.109 16.948
v 257.848 40.645 17.181
v 300.677 42.109 16.948
v 279.138 40.406 12.829
v 279.138 40.406 12.829
v 300.677 42.109 16.948
v 300.657 40.886 12.584
v 279.138 40.406 12.829
v 300.657 40.886 12.584
v 300.654 39.432 8.713
v 300.654 39.432 8.713
v 300.657 40.886 12.584
v 322.176 40.638 10.645
v 300.654 39.432 8.713
v 322.176 40.638 10.645
v 322.149 39.652 8.455
v 322.149 39.652 8.455
v 322.176 40.638 10.645
v 343.683 40.866 10.393
v 322.149 39.652 8.455
v 343.683 40.866 10.393
v 343.673 39.65 8.454
v 343.673 39.65 8.454
v 343.683 40.866 10.393
v 365.189 41.094 10.383
v 343.673 39.65 8.454
v 365.189 41.094 10.383
v 365.19 39.885 8.449
v 365.19 39.885 8.449
v 365.189 41.094 10.383
v 386.528 41.616 10.169
v 365.19 39.885 8.449
v 386.528 41.616 10.169
v 386.511 40.153 8.225
v 386.511 40.153 8.225
v 386.528 41.616 10.169
v 408.046 40.401 8.23
v 386.511 40.153 8.225
v 408.046 40.401 8.23
v 408.061 38.718 6.544
v 408.061 38.718 6.544
v 408.046 40.401 8.23
v 429.581 38.956 6.541
v 408.061 38.718 6.544
v 429.581 38.956 6.541
v 429.574 37.016 5.086
v 429.574 37.016 5.086
v 429.581 38.956 6.541
v 451.073 36.997 5.315
v 429.574 37.016 5.086
v 451.073 36.997 5.315
v 451.098 35.079 4.117
v 451.098 35.079 4.117
v 451.073 36.997 5.315
v 472.605 35.066 4.108
v 451.098 35.079 4.117
v 472.605 35.066 4.108
v 472.588 34.086 3.858
v 472.588 34.086 3.858
v 472.605 35.066 4.108
v 515.444 35.327 4.364
v 472.588 34.086 3.858
v 515.444 35.327 4.364
v 515.442 34.359 3.879
v 365.233 33.869 2.424
v 386.535 33.881 2.675
v 386.519 33.628 2.667
v 386.519 33.628 2.667
v 386.535 33.881 2.675
v 408.04 33.383 2.906
v 386.519 33.628 2.667
v 408.04 33.383 2.906
v 408.035 32.895 2.903
v 408.035 32.895 2.903
v 408.04 33.383 2.906
v 429.546 32.643 3.137
v 408.035 32.895 2.903
v 429.546 32.643 3.137
v 429.573 32.178 3.151
v 429.573 32.178 3.151
v 429.546 32.643 3.137
v 472.581 32.63 3.612
v 429.573 32.178 3.151
v 472.581 32.63 3.612
v 472.609 32.166 3.626
v 472.609 32.166 3.626
v 472.581 32.63 3.612
v 515.442 32.423 3.637
v 472.609 32.166 3.626
v 515.442 32.423 3.637
v 472.602 31.194 3.623
v 472.602 31.194 3.623
v 515.442 32.423 3.637
v 515.419 31.198 3.626
v 472.602 31.194 3.623
v 515.419 31.198 3.626
v 472.594 28.769 3.86
v 472.594 28.769 3.86
v 515.419 31.198 3.626
v 515.443 28.796 3.88
v 472.594 28.769 3.86
v 515.443 28.796 3.88
v 472.583 23.683 4.581
v 472.583 23.683 4.581
v 515.443 28.796 3.88
v 515.396 23.926 4.582
v 472.583 23.683 4.581
v 515.396 23.926 4.582
v 472.588 18.849 5.793
v 472.588 18.849 5.793
v 515.396 23.926 4.582
v 515.399 14.253 7.486
v 472.588 18.849 5.793
v 515.399 14.253 7.486
v 472.615 14.272 7.257
v 472.615 14.272 7.257
v 515.399 14.253 7.486
v 472.61 10.64 8.706
v 472.61 10.64 8.706
v 515.399 14.253 7.486
v 515.416 10.637 8.945
v 472.61 10.64 8.706
v 515.416 10.637 8.945
v 472.638 10.66 8.962
v 515.416 10.637 8.945
v 515.404 10.387 9.181
v 472.638 10.66 8.962
v 472.638 10.66 8.962
v 515.404 10.387 9.181
v 472.609 10.397 8.947
v 472.638 10.66 8.962
v 472.609 10.397 8.947
v 451.115 10.42 8.722
v 451.115 10.42 8.722
v 429.541 10.387 8.456
v 451.073 10.633 8.701
v 451.073 10.633 8.701
v 429.541 10.387 8.456
v 429.587 10.42 8.237
v 451.073 10.633 8.701
v 429.587 10.42 8.237
v 451.061 10.624 8.695
v 451.061 10.624 8.695
v 429.587 10.42 8.237
v 429.582 10.658 8.235
v 451.061 10.624 8.695
v 429.582 10.658 8.235
v 451.092 10.888 8.468
v 451.092 10.888 8.468
v 429.582 10.658 8.235
v 429.567 10.889 7.985
v 451.092 10.888 8.468
v 429.567 10.889 7.985
v 429.537 14.738 6.519
v 451.115 10.42 8.722
v 451.073 10.633 8.701
v 472.638 10.66 8.962
v 472.638 10.66 8.962
v 451.073 10.633 8.701
v 451.061 10.624 8.695
v 472.638 10.66 8.962
v 451.061 10.624 8.695
v 472.61 10.64 8.706
v 472.61 10.64 8.706
v 451.061 10.624 8.695
v 451.092 10.888 8.468
v 472.61 10.64 8.706
v 451.092 10.888 8.468
v 472.615 14.272 7.257
v 472.615 14.272 7.257
v 451.092 10.888 8.468
v 429.537 14.738 6.519
v 472.615 14.272 7.257
v 429.537 14.738 6.519
v 472.588 18.849 5.793
v 472.588 18.849 5.793
v 429.537 14.738 6.519
v 429.561 19.109 5.08
v 472.588 18.849 5.793
v 429.561 19.109 5.08
v 472.583 23.683 4.581
v 472.583 23.683 4.581
v 429.561 19.109 5.08
v 429.552 23.94 4.108
v 472.583 23.683 4.581
v 429.552 23.94 4.108
v 472.594 28.769 3.86
v 472.594 28.769 3.86
v 429.552 23.94 4.108
v 429.529 28.761 3.371
v 472.594 28.769 3.86
v 429.529 28.761 3.371
v 472.602 31.194 3.623
v 472.602 31.194 3.623
v 429.529 28.761 3.371
v 429.593 30.983 3.161
v 472.602 31.194 3.623
v 429.593 30.983 3.161
v 429.548 31.677 3.138
v 429.548 31.677 3.138
v 429.593 30.983 3.161
v 386.473 31.419 2.402
v 429.548 31.677 3.138
v 386.473 31.419 2.402
v 386.486 31.912 2.408
v 386.477 10.137 7.725
v 343.703 9.921 6.775
v 386.478 10.38 7.483
v 386.478 10.38 7.483
v 343.703 9.921 6.775
v 343.73 10.424 6.306
v 386.478 10.38 7.483
v 343.73 10.424 6.306
v 386.479 10.864 7.242
v 386.479 10.864 7.242
v 343.73 10.424 6.306
v 343.688 10.878 6.043
v 386.479 10.864 7.242
v 343.688 10.878 6.043
v 386.484 11.109 7.002
v 386.484 11.109 7.002
v 343.688 10.878 6.043
v 343.705 11.616 5.809
v 386.484 11.109 7.002
v 343.705 11.616 5.809
v 386.53 15.254 5.574
v 386.53 15.254 5.574
v 343.705 11.616 5.809
v 343.702 15.725 4.356
v 386.53 15.254 5.574
v 343.702 15.725 4.356
v 343.727 20.339 3.16
v 343.727 20.339 3.16
v 343.702 15.725 4.356
v 300.652 16.453 3.149
v 343.727 20.339 3.16
v 300.652 16.453 3.149
v 343.687 24.906 2.414
v 343.687 24.906 2.414
v 300.652 16.453 3.149
v 300.625 25.383 1.442
v 343.687 24.906 2.414
v 300.625 25.383 1.442
v 343.676 29.494 1.683
v 343.676 29.494 1.683
v 300.625 25.383 1.442
v 300.674 30.013 0.983
v 343.676 29.494 1.683
v 300.674 30.013 0.983
v 343.726 31.948 1.708
v 343.726 31.948 1.708
v 300.674 30.013 0.983
v 300.641 32.167 0.966
v 343.726 31.948 1.708
v 300.641 32.167 0.966
v 343.674 32.395 1.682
v 343.674 32.395 1.682
v 300.641 32.167 0.966
v 300.616 32.875 0.954
v 343.674 32.395 1.682
v 300.616 32.875 0.954
v 300.66 33.148 0.976
v 300.66 33.148 0.976
v 300.616 32.875 0.954
v 257.841 32.9 0.246
v 300.66 33.148 0.976
v 257.841 32.9 0.246
v 257.811 33.363 0.231
v 257.811 33.363 0.231
v 257.841 32.9 0.246
v 214.772 32.646 -0.004
v 257.811 33.363 0.231
v 214.772 32.646 -0.004
v 214.803 32.91 0.011
v 472.642 10.421 8.964
v 472.647 10.183 9.208
v 451.115 10.178 8.963
v 451.115 10.178 8.963
v 472.647 10.183 9.208
v 451.056 9.17 9.66
v 451.115 10.178 8.963
v 451.056 9.17 9.66
v 429.582 10.174 8.718
v 386.535 5.341 13.075
v 429.592 5.344 13.561
v 386.508 3.87 15.48
v 386.508 3.87 15.48
v 429.592 5.344 13.561
v 429.562 3.629 16.206
v 386.508 3.87 15.48
v 429.562 3.629 16.206
v 386.524 2.672 17.907
v 386.524 2.672 17.907
v 429.562 3.629 16.206
v 429.564 2.18 18.626
v 386.524 2.672 17.907
v 429.564 2.18 18.626
v 429.559 1.209 21.042
v 343.723 8.484 8.479
v 343.727 8.729 8.239
v 365.211 8.458 9.185
v 365.211 8.458 9.185
v 343.727 8.729 8.239
v 386.514 8.712 9.436
v 365.211 8.458 9.185
v 386.514 8.712 9.436
v 386.535 7.034 11.14
v 386.535 7.034 11.14
v 386.514 8.712 9.436
v 429.569 9.198 9.679
v 386.535 7.034 11.14
v 429.569 9.198 9.679
v 429.58 7.27 11.378
v 257.855 7.755 7.509
v 300.642 7.981 7.981
v 257.839 7.26 8.468
v 257.839 7.26 8.468
v 300.642 7.981 7.981
v 300.627 7.97 8.215
v 257.839 7.26 8.468
v 300.627 7.97 8.215
v 300.652 7.504 8.712
v 300.652 7.504 8.712
v 300.627 7.97 8.215
v 343.723 8.484 8.479
v 300.652 7.504 8.712
v 343.723 8.484 8.479
v 343.695 8.223 8.949
v 343.695 8.223 8.949
v 343.723 8.484 8.479
v 365.211 8.458 9.185
v 343.695 8.223 8.949
v 365.211 8.458 9.185
v 365.25 5.582 12.833
v 365.25 5.582 12.833
v 365.211 8.458 9.185
v 386.535 7.034 11.14
v 365.25 5.582 12.833
v 386.535 7.034 11.14
v 386.535 5.341 13.075
v 386.535 5.341 13.075
v 386.535 7.034 11.14
v 429.58 7.27 11.378
v 386.535 5.341 13.075
v 429.58 7.27 11.378
v 429.592 5.344 13.561
v 300.616 8.446 7.243
v 343.692 9.43 7.254
v 343.69 8.945 7.737
v 343.69 8.945 7.737
v 343.692 9.43 7.254
v 386.498 9.669 7.977
v 343.69 8.945 7.737
v 386.498 9.669 7.977
v 343.718 8.722 8.234
v 429.541 10.387 8.456
v 386.477 10.137 7.725
v 429.587 10.42 8.237
v 429.587 10.42 8.237
v 386.477 10.137 7.725
v 386.478 10.38 7.483
v 429.587 10.42 8.237
v 386.478 10.38 7.483
v 429.582 10.658 8.235
v 429.582 10.658 8.235
v 386.478 10.38 7.483
v 386.479 10.864 7.242
v 429.582 10.658 8.235
v 386.479 10.864 7.242
v 429.567 10.889 7.985
v 429.567 10.889 7.985
v 386.479 10.864 7.242
v 386.484 11.109 7.002
v 429.567 10.889 7.985
v 386.484 11.109 7.002
v 429.537 14.738 6.519
v 429.537 14.738 6.519
v 386.484 11.109 7.002
v 386.53 15.254 5.574
v 429.537 14.738 6.519
v 386.53 15.254 5.574
v 429.561 19.109 5.08
v 429.561 19.109 5.08
v 386.53 15.254 5.574
v 343.727 20.339 3.16
v 429.561 19.109 5.08
v 343.727 20.339 3.16
v 386.494 24.178 3.138
v 386.494 24.178 3.138
v 343.727 20.339 3.16
v 343.687 24.906 2.414
v 386.494 24.178 3.138
v 343.687 24.906 2.414
v 386.48 29.005 2.647
v 386.48 29.005 2.647
v 343.687 24.906 2.414
v 343.676 29.494 1.683
v 386.48 29.005 2.647
v 343.676 29.494 1.683
v 386.473 31.419 2.402
v 386.473 31.419 2.402
v 343.676 29.494 1.683
v 343.726 31.948 1.708
v 386.473 31.419 2.402
v 343.726 31.948 1.708
v 386.486 31.912 2.408
v 386.486 31.912 2.408
v 343.726 31.948 1.708
v 343.674 32.395 1.682
v 386.486 31.912 2.408
v 343.674 32.395 1.682
v 386.513 32.415 2.422
v 386.513 32.415 2.422
v 343.674 32.395 1.682
v 343.664 32.872 1.677
v 386.513 32.415 2.422
v 343.664 32.872 1.677
v 386.497 32.646 2.414
v 386.497 32.646 2.414
v 343.664 32.872 1.677
v 343.71 33.387 1.7
v 386.497 32.646 2.414
v 343.71 33.387 1.7
v 365.255 33.4 2.193
v 365.255 33.4 2.193
v 343.71 33.387 1.7
v 343.719 33.636 1.704
v 365.255 33.4 2.193
v 343.719 33.636 1.704
v 365.201 33.604 2.166
v 365.201 33.604 2.166
v 343.719 33.636 1.704
v 343.724 33.881 1.949
v 365.201 33.604 2.166
v 343.724 33.881 1.949
v 365.233 33.869 2.424
v 365.233 33.869 2.424
v 343.724 33.881 1.949
v 343.706 34.11 1.94
v 365.233 33.869 2.424
v 343.706 34.11 1.94
v 365.196 34.085 2.405
v 365.196 34.085 2.405
v 343.706 34.11 1.94
v 343.729 34.368 2.193
v 365.196 34.085 2.405
v 343.729 34.368 2.193
v 354.327 34.579 2.413
v 354.327 34.579 2.413
v 343.729 34.368 2.193
v 343.699 34.589 2.178
v 354.327 34.579 2.413
v 343.699 34.589 2.178
v 343.715 34.842 2.428
v 343.715 34.842 2.428
v 343.699 34.589 2.178
v 322.139 34.808 1.92
v 343.715 34.842 2.428
v 322.139 34.808 1.92
v 322.187 35.083 2.185
v 322.187 35.083 2.185
v 322.139 34.808 1.92
v 300.612 35.291 1.677
v 322.187 35.083 2.185
v 300.612 35.291 1.677
v 300.645 35.314 1.936
v 300.645 35.314 1.936
v 300.612 35.291 1.677
v 257.823 35.306 1.204
v 300.645 35.314 1.936
v 257.823 35.306 1.204
v 257.803 35.534 1.436
v 257.803 35.534 1.436
v 257.823 35.306 1.204
v 236.285 35.298 0.957
v 257.803 35.534 1.436
v 236.285 35.298 0.957
v 236.318 35.563 1.215
v 236.318 35.563 1.215
v 236.285 35.298 0.957
v 214.764 35.06 0.96
v 236.318 35.563 1.215
v 214.764 35.06 0.96
v 214.776 35.31 1.207
v 687.387 10.397 42.566
v 687.367 10.625 42.556
v 515.39 10.619 42.552
v 687.381 14.504 44.256
v 687.394 19.592 45.956
v 515.422 19.59 45.954
v 515.439 10.169 42.335
v 472.595 10.146 42.318
v 515.401 9.417 41.832
v 515.401 9.417 41.832
v 472.595 10.146 42.318
v 472.583 9.412 41.828
v 515.401 9.417 41.832
v 472.583 9.412 41.828
v 515.396 7.237 39.895
v 515.396 7.237 39.895
v 472.583 9.412 41.828
v 472.626 7.265 39.915
v 515.396 7.237 39.895
v 472.626 7.265 39.915
v 515.399 5.062 37.719
v 515.399 5.062 37.719
v 472.626 7.265 39.915
v 472.587 5.061 37.719
v 515.399 5.062 37.719
v 472.587 5.061 37.719
v 515.451 3.164 34.843
v 515.451 3.164 34.843
v 472.587 5.061 37.719
v 472.579 3.121 35.054
v 515.451 3.164 34.843
v 472.579 3.121 35.054
v 515.416 1.688 32.165
v 515.416 1.688 32.165
v 472.579 3.121 35.054
v 472.624 1.701 32.174
v 515.416 1.688 32.165
v 472.624 1.701 32.174
v 515.41 0.716 29.743
v 515.41 0.716 29.743
v 472.624 1.701 32.174
v 472.633 0.74 29.76
v 515.41 0.716 29.743
v 472.633 0.74 29.76
v 515.413 0.235 28.052
v 515.413 0.235 28.052
v 472.633 0.74 29.76
v 472.643 0.505 28.314
v 515.413 0.235 28.052
v 472.643 0.505 28.314
v 515.436 0.009 27.096
v 515.436 0.009 27.096
v 472.643 0.505 28.314
v 472.611 0.241 27.089
v 515.436 0.009 27.096
v 472.611 0.241 27.089
v 515.437 0.009 25.887
v 515.437 0.009 25.887
v 472.611 0.241 27.089
v 472.626 0.251 25.886
v 515.437 0.009 25.887
v 472.626 0.251 25.886
v 515.432 0.006 24.675
v 515.432 0.006 24.675
v 472.626 0.251 25.886
v 472.589 0.225 24.417
v 515.432 0.006 24.675
v 472.589 0.225 24.417
v 515.421 0.24 23.46
v 515.421 0.24 23.46
v 472.589 0.225 24.417
v 472.635 0.5 23.231
v 515.421 0.24 23.46
v 472.635 0.5 23.231
v 515.431 0.731 22.014
v 515.431 0.731 22.014
v 472.635 0.5 23.231
v 472.645 0.748 21.785
v 515.431 0.731 22.014
v 472.645 0.748 21.785
v 515.457 1.717 19.366
v 515.457 1.717 19.366
v 472.645 0.748 21.785
v 472.581 1.671 19.334
v 515.457 1.717 19.366
v 472.581 1.671 19.334
v 515.453 3.165 16.704
v 515.453 3.165 16.704
v 472.581 1.671 19.334
v 472.607 3.14 16.686
v 515.453 3.165 16.704
v 472.607 3.14 16.686
v 515.435 5.087 14.034
v 515.435 5.087 14.034
v 472.607 3.14 16.686
v 472.589 5.063 14.016
v 515.435 5.087 14.034
v 472.589 5.063 14.016
v 515.453 7.277 11.625
v 515.453 7.277 11.625
v 472.589 5.063 14.016
v 472.63 7.268 11.619
v 515.453 7.277 11.625
v 472.63 7.268 11.619
v 515.432 9.439 9.921
v 515.432 9.439 9.921
v 472.63 7.268 11.619
v 472.621 9.439 9.921
v 515.432 9.439 9.921
v 472.621 9.439 9.921
v 515.389 10.134 9.174
v 515.389 10.134 9.174
v 472.621 9.439 9.921
v 472.647 10.183 9.208
v 515.389 10.134 9.174
v 472.647 10.183 9.208
v 515.404 10.387 9.181
v 515.404 10.387 9.181
v 472.647 10.183 9.208
v 472.642 10.421 8.964
v 515.404 10.387 9.181
v 472.642 10.421 8.964
v 472.609 10.397 8.947
v 472.609 10.397 8.947
v 472.642 10.421 8.964
v 451.115 10.178 8.963
v 472.609 10.397 8.947
v 451.115 10.178 8.963
v 451.115 10.42 8.722
v 451.115 10.42 8.722
v 451.115 10.178 8.963
v 429.582 10.174 8.718
v 451.115 10.42 8.722
v 429.582 10.174 8.718
v 429.541 10.387 8.456
v 429.541 10.387 8.456
v 429.582 10.174 8.718
v 386.498 9.669 7.977
v 429.541 10.387 8.456
v 386.498 9.669 7.977
v 386.477 10.137 7.725
v 386.477 10.137 7.725
v 386.498 9.669 7.977
v 343.692 9.43 7.254
v 386.477 10.137 7.725
v 343.692 9.43 7.254
v 343.703 9.921 6.775
v 343.703 9.921 6.775
v 343.692 9.43 7.254
v 300.611 8.926 6.514
v 343.703 9.921 6.775
v 300.611 8.926 6.514
v 300.666 9.69 5.816
v 472.603 12.329 43.532
v 515.39 10.619 42.552
v 515.392 12.313 43.279
v 515.392 12.313 43.279
v 515.39 10.619 42.552
v 687.367 10.625 42.556
v 515.392 12.313 43.279
v 687.367 10.625 42.556
v 687.403 12.343 43.3
v 472.633 10.656 42.821
v 472.587 10.624 42.556
v 515.39 10.619 42.552
v 515.39 10.619 42.552
v 472.587 10.624 42.556
v 472.628 10.411 42.577
v 515.39 10.619 42.552
v 472.628 10.411 42.577
v 515.453 10.421 42.342
v 515.453 10.421 42.342
v 472.628 10.411 42.577
v 472.622 10.407 42.574
v 515.453 10.421 42.342
v 472.622 10.407 42.574
v 515.439 10.169 42.335
v 451.079 10.154 42.807
v 472.622 10.407 42.574
v 451.11 10.417 42.823
v 451.11 10.417 42.823
v 472.622 10.407 42.574
v 472.628 10.411 42.577
v 451.11 10.417 42.823
v 472.628 10.411 42.577
v 451.119 10.665 42.827
v 451.119 10.665 42.827
v 472.628 10.411 42.577
v 472.587 10.624 42.556
v 451.119 10.665 42.827
v 472.587 10.624 42.556
v 451.092 10.646 43.056
v 451.092 10.646 43.056
v 472.587 10.624 42.556
v 472.633 10.656 42.821
v 451.092 10.646 43.056
v 472.633 10.656 42.821
v 451.109 10.9 43.064
v 429.582 7.272 40.162
v 451.075 9.183 41.838
v 429.526 9.167 41.826
v 429.526 9.167 41.826
v 451.075 9.183 41.838
v 451.079 10.154 42.807
v 687.403 12.343 43.3
v 515.441 14.524 44.271
v 515.392 12.313 43.279
v 515.392 12.313 43.279
v 515.441 14.524 44.271
v 472.617 14.516 44.506
v 515.392 12.313 43.279
v 472.617 14.516 44.506
v 472.603 12.329 43.532
v 472.603 12.329 43.532
v 472.617 14.516 44.506
v 429.526 14.73 44.97
v 472.603 12.329 43.532
v 429.526 14.73 44.97
v 429.542 10.872 43.528
v 515.439 10.169 42.335
v 472.622 10.407 42.574
v 472.595 10.146 42.318
v 472.595 10.146 42.318
v 472.622 10.407 42.574
v 451.079 10.154 42.807
v 472.595 10.146 42.318
v 451.079 10.154 42.807
v 472.583 9.412 41.828
v 472.583 9.412 41.828
v 451.079 10.154 42.807
v 451.075 9.183 41.838
v 472.583 9.412 41.828
v 451.075 9.183 41.838
v 472.626 7.265 39.915
v 472.626 7.265 39.915
v 451.075 9.183 41.838
v 429.582 7.272 40.162
v 472.626 7.265 39.915
v 429.582 7.272 40.162
v 472.587 5.061 37.719
v 472.587 5.061 37.719
v 429.582 7.272 40.162
v 429.542 5.309 37.965
v 472.587 5.061 37.719
v 429.542 5.309 37.965
v 472.579 3.121 35.054
v 472.579 3.121 35.054
v 429.542 5.309 37.965
v 429.545 3.617 35.305
v 472.579 3.121 35.054
v 429.545 3.617 35.305
v 472.624 1.701 32.174
v 472.624 1.701 32.174
v 429.545 3.617 35.305
v 429.531 2.156 32.88
v 472.624 1.701 32.174
v 429.531 2.156 32.88
v 472.633 0.74 29.76
v 472.633 0.74 29.76
v 429.531 2.156 32.88
v 429.549 1.202 30.47
v 472.633 0.74 29.76
v 429.549 1.202 30.47
v 472.643 0.505 28.314
v 472.643 0.505 28.314
v 429.549 1.202 30.47
v 429.559 0.967 28.782
v 472.643 0.505 28.314
v 429.559 0.967 28.782
v 472.611 0.241 27.089
v 472.611 0.241 27.089
v 429.559 0.967 28.782
v 429.55 0.719 27.326
v 472.611 0.241 27.089
v 429.55 0.719 27.326
v 472.626 0.251 25.886
v 472.626 0.251 25.886
v 429.55 0.719 27.326
v 429.581 0.498 25.89
v 472.626 0.251 25.886
v 429.581 0.498 25.89
v 472.589 0.225 24.417
v 472.589 0.225 24.417
v 429.581 0.498 25.89
v 429.552 0.72 24.183
v 472.589 0.225 24.417
v 429.552 0.72 24.183
v 472.635 0.5 23.231
v 472.635 0.5 23.231
v 429.552 0.72 24.183
v 429.572 0.976 22.742
v 472.635 0.5 23.231
v 429.572 0.976 22.742
v 472.645 0.748 21.785
v 472.645 0.748 21.785
v 429.572 0.976 22.742
v 429.559 1.209 21.042
v 472.645 0.748 21.785
v 429.559 1.209 21.042
v 472.581 1.671 19.334
v 472.581 1.671 19.334
v 429.559 1.209 21.042
v 429.564 2.18 18.626
v 472.581 1.671 19.334
v 429.564 2.18 18.626
v 472.607 3.14 16.686
v 472.607 3.14 16.686
v 429.564 2.18 18.626
v 429.562 3.629 16.206
v 472.607 3.14 16.686
v 429.562 3.629 16.206
v 472.589 5.063 14.016
v 472.589 5.063 14.016
v 429.562 3.629 16.206
v 429.592 5.344 13.561
v 472.589 5.063 14.016
v 429.592 5.344 13.561
v 472.63 7.268 11.619
v 472.63 7.268 11.619
v 429.592 5.344 13.561
v 429.58 7.27 11.378
v 472.63 7.268 11.619
v 429.58 7.27 11.378
v 451.056 9.17 9.66
v 451.056 9.17 9.66
v 429.58 7.27 11.378
v 429.569 9.198 9.679
v 451.056 9.17 9.66
v 429.569 9.198 9.679
v 429.582 10.174 8.718
v 429.582 10.174 8.718
v 429.569 9.198 9.679
v 386.514 8.712 9.436
v 429.582 10.174 8.718
v 386.514 8.712 9.436
v 386.498 9.669 7.977
v 386.498 9.669 7.977
v 386.514 8.712 9.436
v 343.727 8.729 8.239
v 386.498 9.669 7.977
v 343.727 8.729 8.239
v 343.718 8.722 8.234
v 343.718 8.722 8.234
v 343.727 8.729 8.239
v 300.642 7.981 7.981
v 343.718 8.722 8.234
v 300.642 7.981 7.981
v 300.67 8.242 7.753
v 300.67 8.242 7.753
v 300.642 7.981 7.981
v 257.855 7.755 7.509
v 300.67 8.242 7.753
v 257.855 7.755 7.509
v 300.616 8.446 7.243
v 300.616 8.446 7.243
v 257.855 7.755 7.509
v 257.857 7.999 6.785
v 300.616 8.446 7.243
v 257.857 7.999 6.785
v 300.611 8.926 6.514
v 300.611 8.926 6.514
v 257.857 7.999 6.785
v 257.833 8.707 6.047
v 300.611 8.926 6.514
v 257.833 8.707 6.047
v 300.666 9.69 5.816
v 300.666 9.69 5.816
v 257.833 8.707 6.047
v 257.799 9.409 5.062
v 300.666 9.69 5.816
v 257.799 9.409 5.062
v 300.631 10.392 5.315
v 300.631 10.392 5.315
v 257.799 9.409 5.062
v 257.83 10.157 4.594
v 300.631 10.392 5.315
v 257.83 10.157 4.594
v 300.641 11.124 4.836
v 300.641 11.124 4.836
v 257.83 10.157 4.594
v 257.819 11.116 3.863
v 300.641 11.124 4.836
v 257.819 11.116 3.863
v 300.619 11.835 4.583
v 300.619 11.835 4.583
v 257.819 11.116 3.863
v 257.848 12.104 3.636
v 300.619 11.835 4.583
v 257.848 12.104 3.636
v 257.8 13.28 3.128
v 257.8 13.28 3.128
v 257.848 12.104 3.636
v 214.761 12.08 3.135
v 257.8 13.28 3.128
v 214.761 12.08 3.135
v 214.787 13.307 2.906
v 386.54 5.344 38.474
v 386.488 7 40.624
v 365.206 8.454 42.319
v 386.54 5.344 38.474
v 365.246 5.579 38.711
v 386.493 3.86 36.032
v 386.493 3.86 36.032
v 365.246 5.579 38.711
v 343.723 4.373 37.02
v 386.493 3.86 36.032
v 343.723 4.373 37.02
v 386.517 2.667 33.867
v 386.517 2.667 33.867
v 343.723 4.373 37.02
v 343.693 3.384 34.828
v 386.517 2.667 33.867
v 343.693 3.384 34.828
v 386.525 1.947 31.452
v 386.525 1.947 31.452
v 343.693 3.384 34.828
v 343.699 2.421 32.654
v 386.525 1.947 31.452
v 343.699 2.421 32.654
v 386.499 1.446 29.746
v 386.499 1.446 29.746
v 343.699 2.421 32.654
v 343.671 1.917 30.705
v 386.499 1.446 29.746
v 343.671 1.917 30.705
v 386.53 1.225 27.826
v 386.53 1.225 27.826
v 343.671 1.917 30.705
v 343.727 1.473 28.314
v 386.53 1.225 27.826
v 343.727 1.473 28.314
v 386.48 0.948 25.866
v 386.48 0.948 25.866
v 343.727 1.473 28.314
v 343.681 1.44 25.872
v 408.054 8.963 42.095
v 397.393 8.708 42.086
v 386.488 7 40.624
v 397.393 8.708 42.086
v 408.054 8.963 42.095
v 408.039 9.92 43.297
v 408.039 9.92 43.297
v 408.054 8.963 42.095
v 429.582 10.174 43.064
v 408.039 9.92 43.297
v 429.582 10.174 43.064
v 429.553 10.395 43.049
v 429.526 14.73 44.97
v 386.536 15.258 45.969
v 429.542 10.872 43.528
v 429.542 10.872 43.528
v 386.536 15.258 45.969
v 386.492 11.115 44.496
v 429.542 10.872 43.528
v 386.492 11.115 44.496
v 429.567 10.647 43.298
v 429.567 10.647 43.298
v 386.492 11.115 44.496
v 386.512 10.887 44.506
v 429.567 10.647 43.298
v 386.512 10.887 44.506
v 429.534 10.382 43.282
v 429.534 10.382 43.282
v 386.512 10.887 44.506
v 386.489 10.388 44.253
v 429.534 10.382 43.282
v 386.489 10.388 44.253
v 429.553 10.395 43.049
v 429.553 10.395 43.049
v 386.489 10.388 44.253
v 386.492 10.148 44.012
v 429.553 10.395 43.049
v 386.492 10.148 44.012
v 408.039 9.92 43.297
v 408.039 9.92 43.297
v 386.492 10.148 44.012
v 397.411 9.931 43.547
v 408.039 9.92 43.297
v 397.411 9.931 43.547
v 397.393 8.708 42.086
v 397.393 8.708 42.086
v 397.411 9.931 43.547
v 386.515 9.196 43.056
v 397.393 8.708 42.086
v 386.515 9.196 43.056
v 386.519 9.199 42.817
v 386.519 9.199 42.817
v 386.515 9.196 43.056
v 375.854 9.184 43.047
v 375.844 8.451 42.317
v 386.493 8.698 42.32
v 375.834 8.928 42.796
v 375.834 8.928 42.796
v 386.493 8.698 42.32
v 386.494 8.94 42.563
v 386.533 9.693 43.549
v 375.884 9.688 43.788
v 386.524 9.445 43.061
v 386.524 9.445 43.061
v 375.884 9.688 43.788
v 375.861 9.189 43.051
v 365.257 9.699 44.037
v 375.854 9.184 43.047
v 375.861 9.189 43.051
v 375.861 9.189 43.051
v 375.854 9.184 43.047
v 386.515 9.196 43.056
v 375.861 9.189 43.051
v 386.515 9.196 43.056
v 386.524 9.445 43.061
v 386.524 9.445 43.061
v 386.515 9.196 43.056
v 397.411 9.931 43.547
v 386.524 9.445 43.061
v 397.411 9.931 43.547
v 386.533 9.693 43.549
v 386.533 9.693 43.549
v 397.411 9.931 43.547
v 386.492 10.148 44.012
v 386.533 9.693 43.549
v 386.492 10.148 44.012
v 375.884 9.688 43.788
v 375.884 9.688 43.788
v 386.492 10.148 44.012
v 365.257 9.699 44.037
v 375.884 9.688 43.788
v 365.257 9.699 44.037
v 375.861 9.189 43.051
v 300.657 8.475 44.51
v 300.655 8.231 43.784
v 343.702 8.711 43.539
v 343.702 8.711 43.539
v 300.655 8.231 43.784
v 343.684 8.698 43.288
v 343.702 8.711 43.539
v 343.684 8.698 43.288
v 365.206 8.454 42.319
v 386.494 8.94 42.563
v 375.863 8.948 43.052
v 375.834 8.928 42.796
v 375.834 8.928 42.796
v 375.863 8.948 43.052
v 365.206 8.454 42.319
v 375.834 8.928 42.796
v 365.206 8.454 42.319
v 375.844 8.451 42.317
v 375.844 8.451 42.317
v 365.206 8.454 42.319
v 386.488 7 40.624
v 375.844 8.451 42.317
v 386.488 7 40.624
v 386.493 8.698 42.32
v 386.493 8.698 42.32
v 386.488 7 40.624
v 397.393 8.708 42.086
v 386.493 8.698 42.32
v 397.393 8.708 42.086
v 386.494 8.94 42.563
v 386.494 8.94 42.563
v 397.393 8.708 42.086
v 386.519 9.199 42.817
v 386.494 8.94 42.563
v 386.519 9.199 42.817
v 375.863 8.948 43.052
v 375.863 8.948 43.052
v 386.519 9.199 42.817
v 375.854 9.184 43.047
v 375.863 8.948 43.052
v 375.854 9.184 43.047
v 365.206 8.454 42.319
v 365.206 8.454 42.319
v 375.854 9.184 43.047
v 365.257 9.699 44.037
v 365.206 8.454 42.319
v 365.257 9.699 44.037
v 343.702 8.711 43.539
v 343.702 8.711 43.539
v 365.257 9.699 44.037
v 343.694 8.947 43.777
v 343.702 8.711 43.539
v 343.694 8.947 43.777
v 300.657 8.475 44.51
v 171.74 4.605 14.761
v 214.79 4.603 14.517
v 171.7 3.367 19.094
v 171.7 3.367 19.094
v 214.79 4.603 14.517
v 214.746 3.363 19.091
v 171.7 3.367 19.094
v 214.746 3.363 19.091
v 171.745 2.915 22.261
v 171.745 2.915 22.261
v 214.746 3.363 19.091
v 214.759 2.888 22.241
v 171.745 2.915 22.261
v 214.759 2.888 22.241
v 171.745 2.673 25.889
v 171.745 2.673 25.889
v 214.759 2.888 22.241
v 214.764 2.65 25.872
v 171.745 2.673 25.889
v 214.764 2.65 25.872
v 171.753 2.92 29.279
v 171.753 2.92 29.279
v 214.764 2.65 25.872
v 214.766 2.892 29.259
v 171.753 2.92 29.279
v 214.766 2.892 29.259
v 171.755 3.406 32.666
v 171.755 3.406 32.666
v 214.766 2.892 29.259
v 214.79 3.393 32.657
v 171.755 3.406 32.666
v 214.79 3.393 32.657
v 171.699 4.576 36.992
v 171.699 4.576 36.992
v 214.79 3.393 32.657
v 214.763 4.584 36.997
v 171.699 4.576 36.992
v 214.763 4.584 36.997
v 214.776 7.011 43.293
v 214.776 7.011 43.293
v 214.763 4.584 36.997
v 257.834 5.806 39.909
v 214.776 7.011 43.293
v 257.834 5.806 39.909
v 257.841 7.262 43.299
v 257.841 7.262 43.299
v 257.834 5.806 39.909
v 300.672 5.583 39.439
v 257.841 7.262 43.299
v 300.672 5.583 39.439
v 300.613 7.477 42.796
v 300.613 7.477 42.796
v 300.672 5.583 39.439
v 343.68 5.551 38.933
v 300.613 7.477 42.796
v 343.68 5.551 38.933
v 343.675 8.208 42.558
v 343.675 8.208 42.558
v 343.68 5.551 38.933
v 365.206 8.454 42.319
v 343.675 8.208 42.558
v 365.206 8.454 42.319
v 343.682 8.456 43.046
v 343.682 8.456 43.046
v 365.206 8.454 42.319
v 343.684 8.698 43.288
v 343.682 8.456 43.046
v 343.684 8.698 43.288
v 300.638 7.978 43.534
v 300.638 7.978 43.534
v 343.684 8.698 43.288
v 300.655 8.231 43.784
v 300.638 7.978 43.534
v 300.655 8.231 43.784
v 257.852 7.754 44.272
v 257.852 7.754 44.272
v 300.655 8.231 43.784
v 257.856 7.998 44.758
v 257.852 7.754 44.272
v 257.856 7.998 44.758
v 214.814 8.006 45.005
v 386.54 5.344 38.474
v 365.206 8.454 42.319
v 365.246 5.579 38.711
v 365.246 5.579 38.711
v 365.206 8.454 42.319
v 343.68 5.551 38.933
v 365.246 5.579 38.711
v 343.68 5.551 38.933
v 343.723 4.373 37.02
v 343.723 4.373 37.02
v 343.68 5.551 38.933
v 300.672 5.583 39.439
v 343.723 4.373 37.02
v 300.672 5.583 39.439
v 300.651 4.601 37.735
v 300.651 4.601 37.735
v 300.672 5.583 39.439
v 257.834 5.806 39.909
v 300.651 4.601 37.735
v 257.834 5.806 39.909
v 257.8 4.331 36.506
v 257.8 4.331 36.506
v 257.834 5.806 39.909
v 214.763 4.584 36.997
v 257.8 4.331 36.506
v 214.763 4.584 36.997
v 257.827 3.624 34.826
v 257.827 3.624 34.826
v 214.763 4.584 36.997
v 214.79 3.393 32.657
v 257.827 3.624 34.826
v 214.79 3.393 32.657
v 257.831 2.901 32.168
v 257.831 2.901 32.168
v 214.79 3.393 32.657
v 257.826 2.414 29.021
v 257.831 2.901 32.168
v 257.826 2.414 29.021
v 343.727 1.473 28.314
v 343.727 1.473 28.314
v 257.826 2.414 29.021
v 300.649 1.939 25.883
v 343.727 1.473 28.314
v 300.649 1.939 25.883
v 343.681 1.44 25.872
v 343.681 1.44 25.872
v 300.649 1.939 25.883
v 343.721 1.469 23.232
v 343.681 1.44 25.872
v 343.721 1.469 23.232
v 386.48 0.948 25.866
v 515.429 32.898 47.893
v 472.591 32.637 48.121
v 515.409 31.675 47.883
v 515.409 31.675 47.883
v 472.591 32.637 48.121
v 472.642 31.463 48.147
v 515.409 31.675 47.883
v 472.642 31.463 48.147
v 515.427 30.236 47.892
v 472.582 33.841 47.875
v 515.435 34.112 47.654
v 472.584 34.567 47.634
v 472.584 34.567 47.634
v 515.435 34.112 47.654
v 515.439 34.84 47.656
v 472.584 34.567 47.634
v 515.439 34.84 47.656
v 493.914 35.566 47.173
v 493.914 35.566 47.173
v 515.439 34.84 47.656
v 515.423 35.554 47.164
v 493.914 35.566 47.173
v 515.423 35.554 47.164
v 493.885 37.723 46.191
v 493.885 37.723 46.191
v 515.423 35.554 47.164
v 515.417 37.727 46.194
v 493.885 37.723 46.191
v 515.417 37.727 46.194
v 493.923 39.684 45
v 493.923 39.684 45
v 515.417 37.727 46.194
v 515.429 39.67 44.99
v 493.923 39.684 45
v 515.429 39.67 44.99
v 493.914 41.855 43.303
v 493.914 41.855 43.303
v 515.429 39.67 44.99
v 515.394 41.822 43.28
v 493.914 41.855 43.303
v 515.394 41.822 43.28
v 493.885 43.77 41.353
v 493.885 43.77 41.353
v 515.394 41.822 43.28
v 515.438 43.789 41.367
v 493.885 43.77 41.353
v 515.438 43.789 41.367
v 493.931 45.495 39.684
v 493.931 45.495 39.684
v 515.438 43.789 41.367
v 515.442 45.484 39.676
v 493.931 45.495 39.684
v 515.442 45.484 39.676
v 493.905 46.686 37.736
v 493.905 46.686 37.736
v 515.442 45.484 39.676
v 515.417 46.677 37.729
v 493.905 46.686 37.736
v 515.417 46.677 37.729
v 493.921 48.39 34.841
v 493.921 48.39 34.841
v 515.417 46.677 37.729
v 515.422 48.373 34.829
v 493.921 48.39 34.841
v 515.422 48.373 34.829
v 493.893 49.097 32.409
v 493.893 49.097 32.409
v 515.422 48.373 34.829
v 515.443 49.355 32.178
v 493.893 49.097 32.409
v 515.443 49.355 32.178
v 493.887 49.576 30.712
v 493.887 49.576 30.712
v 515.443 49.355 32.178
v 515.422 49.582 30.716
v 493.887 49.576 30.712
v 515.422 49.582 30.716
v 493.892 49.822 29.264
v 493.892 49.822 29.264
v 515.422 49.582 30.716
v 515.436 50.076 29.03
v 493.892 49.822 29.264
v 515.436 50.076 29.03
v 515.458 50.333 25.897
v 515.415 48.852 18.378
v 493.916 48.871 18.391
v 515.424 49.583 21.043
v 515.424 49.583 21.043
v 493.916 48.871 18.391
v 493.921 49.6 21.054
v 515.424 49.583 21.043
v 493.921 49.6 21.054
v 515.441 50.079 24.195
v 515.441 50.079 24.195
v 493.921 49.6 21.054
v 493.926 50.087 24.201
v 515.441 50.079 24.195
v 493.926 50.087 24.201
v 515.458 50.333 25.897
v 515.458 50.333 25.897
v 493.926 50.087 24.201
v 493.879 50.296 25.871
v 515.458 50.333 25.897
v 493.879 50.296 25.871
v 493.892 49.822 29.264
v 493.892 49.822 29.264
v 493.879 50.296 25.871
v 472.612 49.583 25.88
v 472.612 49.583 25.88
v 472.627 49.593 27.822
v 493.892 49.822 29.264
v 493.892 49.822 29.264
v 472.627 49.593 27.822
v 472.59 49.325 29.497
v 493.892 49.822 29.264
v 472.59 49.325 29.497
v 493.887 49.576 30.712
v 493.887 49.576 30.712
v 472.59 49.325 29.497
v 472.591 49.084 31.19
v 493.887 49.576 30.712
v 472.591 49.084 31.19
v 493.893 49.097 32.409
v 493.893 49.097 32.409
v 472.591 49.084 31.19
v 472.644 48.638 32.668
v 493.893 49.097 32.409
v 472.644 48.638 32.668
v 493.921 48.39 34.841
v 493.921 48.39 34.841
v 472.644 48.638 32.668
v 472.602 47.64 35.066
v 493.921 48.39 34.841
v 472.602 47.64 35.066
v 493.905 46.686 37.736
v 493.905 46.686 37.736
v 472.602 47.64 35.066
v 472.637 46.214 38.228
v 493.905 46.686 37.736
v 472.637 46.214 38.228
v 493.931 45.495 39.684
v 493.931 45.495 39.684
v 472.637 46.214 38.228
v 472.602 44.98 39.903
v 493.931 45.495 39.684
v 472.602 44.98 39.903
v 493.885 43.77 41.353
v 493.885 43.77 41.353
v 472.602 44.98 39.903
v 472.578 43.512 41.584
v 493.885 43.77 41.353
v 472.578 43.512 41.584
v 493.914 41.855 43.303
v 493.914 41.855 43.303
v 472.578 43.512 41.584
v 472.617 41.604 43.538
v 493.914 41.855 43.303
v 472.617 41.604 43.538
v 493.923 39.684 45
v 493.923 39.684 45
v 472.617 41.604 43.538
v 472.598 39.415 45.222
v 493.923 39.684 45
v 472.598 39.415 45.222
v 493.885 37.723 46.191
v 493.885 37.723 46.191
v 472.598 39.415 45.222
v 472.637 37.265 46.451
v 493.885 37.723 46.191
v 472.637 37.265 46.451
v 493.914 35.566 47.173
v 493.914 35.566 47.173
v 472.637 37.265 46.451
v 472.646 35.337 47.423
v 493.914 35.566 47.173
v 472.646 35.337 47.423
v 472.584 34.567 47.634
v 386.511 32.655 49.101
v 429.592 32.191 48.39
v 429.564 32.897 48.376
v 429.564 32.897 48.376
v 429.592 32.191 48.39
v 472.591 32.637 48.121
v 429.564 32.897 48.376
v 472.591 32.637 48.121
v 472.582 33.841 47.875
v 472.582 33.841 47.875
v 472.591 32.637 48.121
v 515.429 32.898 47.893
v 472.582 33.841 47.875
v 515.429 32.898 47.893
v 515.435 34.112 47.654
v 343.686 32.403 49.82
v 343.692 31.924 49.823
v 386.489 31.914 49.09
v 386.489 31.914 49.09
v 343.692 31.924 49.823
v 386.483 30.701 49.087
v 386.489 31.914 49.09
v 386.483 30.701 49.087
v 429.56 30.959 48.374
v 429.542 44.25 39.9
v 386.501 42.323 42.324
v 429.532 43.275 41.345
v 429.532 43.275 41.345
v 386.501 42.323 42.324
v 386.522 41.37 43.544
v 429.532 43.275 41.345
v 386.522 41.37 43.544
v 429.586 41.862 43.066
v 429.586 41.862 43.066
v 386.522 41.37 43.544
v 386.496 40.143 44.74
v 429.586 41.862 43.066
v 386.496 40.143 44.74
v 429.579 40.164 44.514
v 429.579 40.164 44.514
v 386.496 40.143 44.74
v 386.513 38.945 46.2
v 429.579 40.164 44.514
v 386.513 38.945 46.2
v 429.577 38.469 45.964
v 429.577 38.469 45.964
v 386.513 38.945 46.2
v 386.529 37.263 47.176
v 429.577 38.469 45.964
v 386.529 37.263 47.176
v 429.553 36.518 47.161
v 429.553 36.518 47.161
v 386.529 37.263 47.176
v 386.536 35.817 48.146
v 429.553 36.518 47.161
v 386.536 35.817 48.146
v 429.556 34.826 47.888
v 429.556 34.826 47.888
v 386.536 35.817 48.146
v 386.48 34.326 48.602
v 429.556 34.826 47.888
v 386.48 34.326 48.602
v 429.544 34.092 48.124
v 429.544 34.092 48.124
v 386.48 34.326 48.602
v 386.506 33.619 48.857
v 429.544 34.092 48.124
v 386.506 33.619 48.857
v 429.536 33.361 48.362
v 429.536 33.361 48.362
v 386.506 33.619 48.857
v 386.528 33.151 49.11
v 472.643 30.255 47.905
v 429.56 30.959 48.374
v 429.569 29.756 48.378
v 429.569 29.756 48.378
v 429.56 30.959 48.374
v 386.483 30.701 49.087
v 429.569 29.756 48.378
v 386.483 30.701 49.087
v 386.509 29.509 49.1
v 386.509 29.509 49.1
v 386.483 30.701 49.087
v 343.692 31.924 49.823
v 386.509 29.509 49.1
v 343.692 31.924 49.823
v 343.674 29.492 49.814
v 343.674 29.492 49.814
v 343.692 31.924 49.823
v 300.611 31.662 50.534
v 343.674 29.492 49.814
v 300.611 31.662 50.534
v 300.622 29.251 50.54
v 300.622 29.251 50.54
v 300.611 31.662 50.534
v 257.851 31.456 51.285
v 300.622 29.251 50.54
v 257.851 31.456 51.285
v 257.856 29.041 51.046
v 257.856 29.041 51.046
v 257.851 31.456 51.285
v 236.339 31.224 51.535
v 257.856 29.041 51.046
v 236.339 31.224 51.535
v 236.323 28.794 51.285
v 236.323 28.794 51.285
v 236.339 31.224 51.535
v 214.782 32.654 51.519
v 236.323 28.794 51.285
v 214.782 32.654 51.519
v 214.751 28.521 51.262
v 515.456 24.935 47.181
v 472.643 30.255 47.905
v 472.6 24.662 47.158
v 472.6 24.662 47.158
v 472.643 30.255 47.905
v 429.569 29.756 48.378
v 472.6 24.662 47.158
v 429.569 29.756 48.378
v 429.528 24.648 47.632
v 429.528 24.648 47.632
v 429.569 29.756 48.378
v 386.509 29.509 49.1
v 429.528 24.648 47.632
v 386.509 29.509 49.1
v 386.516 24.677 48.378
v 386.516 24.677 48.378
v 386.509 29.509 49.1
v 343.674 29.492 49.814
v 386.516 24.677 48.378
v 343.674 29.492 49.814
v 343.68 24.901 49.333
v 343.68 24.901 49.333
v 343.674 29.492 49.814
v 300.622 29.251 50.54
v 343.68 24.901 49.333
v 300.622 29.251 50.54
v 300.615 24.892 50.052
v 300.615 24.892 50.052
v 300.622 29.251 50.54
v 257.856 29.041 51.046
v 300.615 24.892 50.052
v 257.856 29.041 51.046
v 257.802 24.891 50.535
v 257.802 24.891 50.535
v 257.856 29.041 51.046
v 236.323 28.794 51.285
v 257.802 24.891 50.535
v 236.323 28.794 51.285
v 214.814 24.694 50.809
v 214.814 24.694 50.809
v 236.323 28.794 51.285
v 214.751 28.521 51.262
v 429.594 47.914 25.897
v 386.475 46.416 25.864
v 429.55 47.883 28.536
v 429.55 47.883 28.536
v 386.475 46.416 25.864
v 386.54 46.22 29.524
v 429.55 47.883 28.536
v 386.54 46.22 29.524
v 429.583 47.664 30.971
v 429.583 47.664 30.971
v 386.54 46.22 29.524
v 386.495 45.705 33.372
v 429.583 47.664 30.971
v 386.495 45.705 33.372
v 429.551 47.158 33.373
v 429.551 47.158 33.373
v 386.495 45.705 33.372
v 386.535 44.765 36.536
v 429.551 47.158 33.373
v 386.535 44.765 36.536
v 429.559 46.68 34.829
v 429.559 46.68 34.829
v 386.535 44.765 36.536
v 386.502 44.259 38.213
v 429.559 46.68 34.829
v 386.502 44.259 38.213
v 429.576 45.725 37.256
v 429.576 45.725 37.256
v 386.502 44.259 38.213
v 386.496 43.528 40.144
v 429.576 45.725 37.256
v 386.496 43.528 40.144
v 429.542 44.25 39.9
v 429.542 44.25 39.9
v 386.496 43.528 40.144
v 386.476 43.031 41.102
v 429.542 44.25 39.9
v 386.476 43.031 41.102
v 386.501 42.323 42.324
v 386.496 43.528 40.144
v 343.68 41.107 43.528
v 386.476 43.031 41.102
v 386.476 43.031 41.102
v 343.68 41.107 43.528
v 343.698 40.635 44.263
v 386.476 43.031 41.102
v 343.698 40.635 44.263
v 386.501 42.323 42.324
v 386.501 42.323 42.324
v 343.698 40.635 44.263
v 343.687 40.144 45.225
v 386.501 42.323 42.324
v 343.687 40.144 45.225
v 386.522 41.37 43.544
v 386.522 41.37 43.544
v 343.687 40.144 45.225
v 343.721 39.442 45.968
v 386.522 41.37 43.544
v 343.721 39.442 45.968
v 386.496 40.143 44.74
v 386.496 40.143 44.74
v 343.721 39.442 45.968
v 343.694 38.456 46.921
v 386.496 40.143 44.74
v 343.694 38.456 46.921
v 386.513 38.945 46.2
v 386.513 38.945 46.2
v 343.694 38.456 46.921
v 343.714 37.502 47.899
v 386.513 38.945 46.2
v 343.714 37.502 47.899
v 386.529 37.263 47.176
v 386.529 37.263 47.176
v 343.714 37.502 47.899
v 343.72 36.297 48.627
v 386.529 37.263 47.176
v 343.72 36.297 48.627
v 386.536 35.817 48.146
v 386.536 35.817 48.146
v 343.72 36.297 48.627
v 343.698 35.072 49.342
v 386.536 35.817 48.146
v 343.698 35.072 49.342
v 386.48 34.326 48.602
v 386.48 34.326 48.602
v 343.698 35.072 49.342
v 343.717 34.118 49.593
v 386.48 34.326 48.602
v 343.717 34.118 49.593
v 386.506 33.619 48.857
v 386.506 33.619 48.857
v 343.717 34.118 49.593
v 343.662 33.596 49.808
v 386.506 33.619 48.857
v 343.662 33.596 49.808
v 386.528 33.151 49.11
v 386.528 33.151 49.11
v 343.662 33.596 49.808
v 343.708 33.144 49.831
v 472.637 48.391 18.394
v 429.558 46.922 18.623
v 472.591 49.084 21.032
v 472.591 49.084 21.032
v 429.558 46.922 18.623
v 429.563 47.651 21.286
v 472.591 49.084 21.032
v 429.563 47.651 21.286
v 472.585 49.564 24.173
v 472.585 49.564 24.173
v 429.563 47.651 21.286
v 429.566 47.894 23.948
v 472.585 49.564 24.173
v 429.566 47.894 23.948
v 472.612 49.583 25.88
v 472.612 49.583 25.88
v 429.566 47.894 23.948
v 429.594 47.914 25.897
v 472.612 49.583 25.88
v 429.594 47.914 25.897
v 472.627 49.593 27.822
v 472.627 49.593 27.822
v 429.594 47.914 25.897
v 429.55 47.883 28.536
v 472.627 49.593 27.822
v 429.55 47.883 28.536
v 472.59 49.325 29.497
v 472.59 49.325 29.497
v 429.55 47.883 28.536
v 429.583 47.664 30.971
v 472.59 49.325 29.497
v 429.583 47.664 30.971
v 472.591 49.084 31.19
v 472.591 49.084 31.19
v 429.583 47.664 30.971
v 429.551 47.158 33.373
v 472.591 49.084 31.19
v 429.551 47.158 33.373
v 472.644 48.638 32.668
v 472.644 48.638 32.668
v 429.551 47.158 33.373
v 429.559 46.68 34.829
v 472.644 48.638 32.668
v 429.559 46.68 34.829
v 472.602 47.64 35.066
v 472.602 47.64 35.066
v 429.559 46.68 34.829
v 429.576 45.725 37.256
v 472.602 47.64 35.066
v 429.576 45.725 37.256
v 472.637 46.214 38.228
v 472.637 46.214 38.228
v 429.576 45.725 37.256
v 429.542 44.25 39.9
v 472.637 46.214 38.228
v 429.542 44.25 39.9
v 472.602 44.98 39.903
v 472.602 44.98 39.903
v 429.542 44.25 39.9
v 429.532 43.275 41.345
v 472.602 44.98 39.903
v 429.532 43.275 41.345
v 472.578 43.512 41.584
v 472.578 43.512 41.584
v 429.532 43.275 41.345
v 429.586 41.862 43.066
v 472.578 43.512 41.584
v 429.586 41.862 43.066
v 472.617 41.604 43.538
v 472.617 41.604 43.538
v 429.586 41.862 43.066
v 429.579 40.164 44.514
v 472.617 41.604 43.538
v 429.579 40.164 44.514
v 472.598 39.415 45.222
v 472.598 39.415 45.222
v 429.579 40.164 44.514
v 429.577 38.469 45.964
v 472.598 39.415 45.222
v 429.577 38.469 45.964
v 472.637 37.265 46.451
v 472.637 37.265 46.451
v 429.577 38.469 45.964
v 429.553 36.518 47.161
v 472.637 37.265 46.451
v 429.553 36.518 47.161
v 472.646 35.337 47.423
v 472.646 35.337 47.423
v 429.553 36.518 47.161
v 429.556 34.826 47.888
v 472.646 35.337 47.423
v 429.556 34.826 47.888
v 472.584 34.567 47.634
v 472.584 34.567 47.634
v 429.556 34.826 47.888
v 429.544 34.092 48.124
v 472.584 34.567 47.634
v 429.544 34.092 48.124
v 472.582 33.841 47.875
v 472.582 33.841 47.875
v 429.544 34.092 48.124
v 429.536 33.361 48.362
v 472.582 33.841 47.875
v 429.536 33.361 48.362
v 429.564 32.897 48.376
v 429.564 32.897 48.376
v 429.536 33.361 48.362
v 386.528 33.151 49.11
v 429.564 32.897 48.376
v 386.528 33.151 49.11
v 386.511 32.655 49.101
v 386.511 32.655 49.101
v 386.528 33.151 49.11
v 343.708 33.144 49.831
v 687.381 14.504 44.256
v 515.422 19.59 45.954
v 515.441 14.524 44.271
v 515.441 14.524 44.271
v 515.422 19.59 45.954
v 472.608 19.346 45.953
v 515.441 14.524 44.271
v 472.608 19.346 45.953
v 472.617 14.516 44.506
v 472.617 14.516 44.506
v 472.608 19.346 45.953
v 429.526 19.568 46.664
v 472.617 14.516 44.506
v 429.526 19.568 46.664
v 429.526 14.73 44.97
v 429.526 14.73 44.97
v 429.526 19.568 46.664
v 386.541 19.857 47.423
v 429.526 14.73 44.97
v 386.541 19.857 47.423
v 386.536 15.258 45.969
v 386.536 15.258 45.969
v 386.541 19.857 47.423
v 343.719 15.738 47.176
v 386.536 15.258 45.969
v 343.719 15.738 47.176
v 386.492 11.115 44.496
v 386.492 11.115 44.496
v 343.719 15.738 47.176
v 343.717 11.624 45.966
v 386.492 11.115 44.496
v 343.717 11.624 45.966
v 386.512 10.887 44.506
v 386.512 10.887 44.506
v 343.717 11.624 45.966
v 343.724 10.904 45.727
v 386.512 10.887 44.506
v 343.724 10.904 45.727
v 386.489 10.388 44.253
v 386.489 10.388 44.253
v 343.724 10.904 45.727
v 343.67 10.382 45.216
v 386.489 10.388 44.253
v 343.67 10.382 45.216
v 386.492 10.148 44.012
v 386.492 10.148 44.012
v 343.67 10.382 45.216
v 343.668 9.897 44.732
v 386.492 10.148 44.012
v 343.668 9.897 44.732
v 365.257 9.699 44.037
v 365.257 9.699 44.037
v 343.668 9.897 44.732
v 343.663 9.41 44.246
v 365.257 9.699 44.037
v 343.663 9.41 44.246
v 343.694 8.947 43.777
v 343.694 8.947 43.777
v 343.663 9.41 44.246
v 300.632 8.941 44.982
v 343.694 8.947 43.777
v 300.632 8.941 44.982
v 300.657 8.475 44.51
v 300.657 8.475 44.51
v 300.632 8.941 44.982
v 257.825 8.702 45.709
v 300.657 8.475 44.51
v 257.825 8.702 45.709
v 257.856 7.998 44.758
v 257.856 7.998 44.758
v 257.825 8.702 45.709
v 214.753 8.446 45.941
v 257.856 7.998 44.758
v 214.753 8.446 45.941
v 214.814 8.006 45.005
v 214.814 8.006 45.005
v 214.753 8.446 45.941
v 171.704 8.449 45.943
v 214.814 8.006 45.005
v 171.704 8.449 45.943
v 171.752 7.999 45
v 687.394 19.592 45.956
v 515.456 24.935 47.181
v 515.422 19.59 45.954
v 515.422 19.59 45.954
v 515.456 24.935 47.181
v 472.6 24.662 47.158
v 515.422 19.59 45.954
v 472.6 24.662 47.158
v 472.608 19.346 45.953
v 472.608 19.346 45.953
v 472.6 24.662 47.158
v 429.528 24.648 47.632
v 472.608 19.346 45.953
v 429.528 24.648 47.632
v 429.526 19.568 46.664
v 429.526 19.568 46.664
v 429.528 24.648 47.632
v 386.516 24.677 48.378
v 429.526 19.568 46.664
v 386.516 24.677 48.378
v 386.541 19.857 47.423
v 386.541 19.857 47.423
v 386.516 24.677 48.378
v 343.68 24.901 49.333
v 386.541 19.857 47.423
v 343.68 24.901 49.333
v 343.719 15.738 47.176
v 343.719 15.738 47.176
v 343.68 24.901 49.333
v 300.613 16.183 48.358
v 343.719 15.738 47.176
v 300.613 16.183 48.358
v 300.669 14.046 47.661
v 300.669 14.046 47.661
v 300.613 16.183 48.358
v 257.827 16.685 49.096
v 300.669 14.046 47.661
v 257.827 16.685 49.096
v 257.856 14.529 48.627
v 257.856 14.529 48.627
v 257.827 16.685 49.096
v 214.759 16.674 49.573
v 257.856 14.529 48.627
v 214.759 16.674 49.573
v 214.803 14.528 49.111
v 214.803 14.528 49.111
v 214.759 16.674 49.573
v 171.727 16.689 49.583
v 214.803 14.528 49.111
v 171.727 16.689 49.583
v 171.708 14.499 49.09
v 687.4 48.863 18.386
v 515.415 48.852 18.378
v 687.402 49.59 21.047
v 687.402 49.59 21.047
v 515.415 48.852 18.378
v 515.424 49.583 21.043
v 687.402 49.59 21.047
v 515.424 49.583 21.043
v 687.375 50.055 24.178
v 687.375 50.055 24.178
v 515.424 49.583 21.043
v 515.441 50.079 24.195
v 687.375 50.055 24.178
v 515.441 50.079 24.195
v 687.403 50.316 25.885
v 687.403 50.316 25.885
v 515.441 50.079 24.195
v 515.458 50.333 25.897
v 687.403 50.316 25.885
v 515.458 50.333 25.897
v 687.368 49.808 29.254
v 687.368 49.808 29.254
v 515.458 50.333 25.897
v 515.436 50.076 29.03
v 687.368 49.808 29.254
v 515.436 50.076 29.03
v 687.362 49.562 30.944
v 687.362 49.562 30.944
v 515.436 50.076 29.03
v 515.422 49.582 30.716
v 687.362 49.562 30.944
v 515.422 49.582 30.716
v 687.416 49.116 32.422
v 687.416 49.116 32.422
v 515.422 49.582 30.716
v 515.443 49.355 32.178
v 687.416 49.116 32.422
v 515.443 49.355 32.178
v 687.406 48.384 34.836
v 687.406 48.384 34.836
v 515.443 49.355 32.178
v 515.422 48.373 34.829
v 687.406 48.384 34.836
v 515.422 48.373 34.829
v 687.402 46.687 37.978
v 687.402 46.687 37.978
v 515.422 48.373 34.829
v 515.417 46.677 37.729
v 687.402 46.687 37.978
v 515.417 46.677 37.729
v 687.38 45.463 39.66
v 687.38 45.463 39.66
v 515.417 46.677 37.729
v 515.442 45.484 39.676
v 687.38 45.463 39.66
v 515.442 45.484 39.676
v 687.364 43.758 41.587
v 687.364 43.758 41.587
v 515.442 45.484 39.676
v 515.438 43.789 41.367
v 687.364 43.758 41.587
v 515.438 43.789 41.367
v 687.412 41.857 43.304
v 687.412 41.857 43.304
v 515.438 43.789 41.367
v 515.394 41.822 43.28
v 687.412 41.857 43.304
v 515.394 41.822 43.28
v 687.371 39.651 44.977
v 687.371 39.651 44.977
v 515.394 41.822 43.28
v 515.429 39.67 44.99
v 687.371 39.651 44.977
v 515.429 39.67 44.99
v 687.383 37.725 46.192
v 687.383 37.725 46.192
v 515.429 39.67 44.99
v 515.417 37.727 46.194
v 687.383 37.725 46.192
v 515.417 37.727 46.194
v 687.426 35.578 47.181
v 687.426 35.578 47.181
v 515.417 37.727 46.194
v 515.423 35.554 47.164
v 687.426 35.578 47.181
v 515.423 35.554 47.164
v 687.399 34.834 47.651
v 687.399 34.834 47.651
v 515.423 35.554 47.164
v 515.439 34.84 47.656
v 687.399 34.834 47.651
v 515.439 34.84 47.656
v 687.366 34.085 47.635
v 687.366 34.085 47.635
v 515.439 34.84 47.656
v 515.435 34.112 47.654
v 687.366 34.085 47.635
v 515.435 34.112 47.654
v 687.361 32.872 47.875
v 687.361 32.872 47.875
v 515.435 34.112 47.654
v 515.429 32.898 47.893
v 687.361 32.872 47.875
v 515.429 32.898 47.893
v 687.386 31.68 47.887
v 687.386 31.68 47.887
v 515.429 32.898 47.893
v 515.409 31.675 47.883
v 687.386 31.68 47.887
v 515.409 31.675 47.883
v 687.37 30.218 47.879
v 687.37 30.218 47.879
v 515.409 31.675 47.883
v 515.427 30.236 47.892
v 687.37 30.218 47.879
v 515.427 30.236 47.892
v 687.413 24.927 47.175
v 171.727 16.689 49.583
v -0.02 16.675 49.573
v 171.708 14.499 49.09
v 171.708 14.499 49.09
v -0.02 16.675 49.573
v -0.034 14.488 49.082
v 171.708 14.499 49.09
v -0.034 14.488 49.082
v 171.749 12.109 48.385
v 171.749 12.109 48.385
v -0.034 14.488 49.082
v -0.03 12.073 48.359
v 171.749 12.109 48.385
v -0.03 12.073 48.359
v 171.698 11.106 47.876
v 171.698 11.106 47.876
v -0.03 12.073 48.359
v 0.017 11.138 48.141
v 171.698 11.106 47.876
v 0.017 11.138 48.141
v 171.703 10.141 47.394
v 171.703 10.141 47.394
v 0.017 11.138 48.141
v 0.015 10.169 47.414
v 171.703 10.141 47.394
v 0.015 10.169 47.414
v 171.749 9.448 46.692
v 171.749 9.448 46.692
v 0.015 10.169 47.414
v 0.014 9.443 46.688
v 171.749 9.448 46.692
v 0.014 9.443 46.688
v 171.704 8.449 45.943
v 171.704 8.449 45.943
v 0.014 9.443 46.688
v -0.026 8.447 45.942
v 171.704 8.449 45.943
v -0.026 8.447 45.942
v 171.752 7.999 45
v 171.752 7.999 45
v -0.026 8.447 45.942
v -0.002 7.98 44.987
v 171.752 7.999 45
v -0.002 7.98 44.987
v 171.734 7.503 44.265
v 171.734 7.503 44.265
v -0.002 7.98 44.987
v -0.02 7.484 44.252
v 171.734 7.503 44.265
v -0.02 7.484 44.252
v 171.702 7.239 43.282
v 171.702 7.239 43.282
v -0.02 7.484 44.252
v -0.011 7.248 43.289
v 171.702 7.239 43.282
v -0.011 7.248 43.289
v 171.699 4.576 36.992
v 171.699 4.576 36.992
v -0.011 7.248 43.289
v 0.028 4.615 37.02
v 171.699 4.576 36.992
v 0.028 4.615 37.02
v 171.755 3.406 32.666
v 171.755 3.406 32.666
v 0.028 4.615 37.02
v 0.024 3.403 32.664
v 171.755 3.406 32.666
v 0.024 3.403 32.664
v 171.753 2.92 29.279
v 171.753 2.92 29.279
v 0.024 3.403 32.664
v 0.011 2.91 29.272
v 171.753 2.92 29.279
v 0.011 2.91 29.272
v 171.745 2.673 25.889
v 171.745 2.673 25.889
v 0.011 2.91 29.272
v 0.026 2.679 25.893
v 171.745 2.673 25.889
v 0.026 2.679 25.893
v 171.745 2.915 22.261
v 171.745 2.915 22.261
v 0.026 2.679 25.893
v 0.002 2.904 22.253
v 171.745 2.915 22.261
v 0.002 2.904 22.253
v 171.7 3.367 19.094
v 171.7 3.367 19.094
v 0.002 2.904 22.253
v 0.017 3.398 19.116
v 171.7 3.367 19.094
v 0.017 3.398 19.116
v 171.74 4.605 14.761
v 171.74 4.605 14.761
v 0.017 3.398 19.116
v -0.034 4.572 14.737
v 171.74 4.605 14.761
v -0.034 4.572 14.737
v 171.709 7.244 8.215
v 171.709 7.244 8.215
v -0.034 4.572 14.737
v 0.033 7.279 8.24
v 171.709 7.244 8.215
v 0.033 7.279 8.24
v 171.732 7.501 7.259
v 171.732 7.501 7.259
v 0.033 7.279 8.24
v -0.025 7.481 7.244
v 171.732 7.501 7.259
v -0.025 7.481 7.244
v 171.704 7.966 6.519
v 171.704 7.966 6.519
v -0.025 7.481 7.244
v 0.005 7.985 6.533
v 171.704 7.966 6.519
v 0.005 7.985 6.533
v 171.752 8.482 5.817
v 171.752 8.482 5.817
v 0.005 7.985 6.533
v -0.002 8.464 5.804
v 171.752 8.482 5.817
v -0.002 8.464 5.804
v 171.7 9.414 4.824
v 171.7 9.414 4.824
v -0.002 8.464 5.804
v 0.011 9.44 4.843
v 171.7 9.414 4.824
v 0.011 9.44 4.843
v 171.729 10.16 4.113
v 171.729 10.16 4.113
v 0.011 9.44 4.843
v 0.01 10.165 4.117
v 171.729 10.16 4.113
v 0.01 10.165 4.117
v 171.713 11.116 3.621
v 171.713 11.116 3.621
v 0.01 10.165 4.117
v -0.026 11.108 3.615
v 171.713 11.116 3.621
v -0.026 11.108 3.615
v 171.699 12.074 3.13
v 171.699 12.074 3.13
v -0.026 11.108 3.615
v 0.002 12.095 3.146
v 171.699 12.074 3.13
v 0.002 12.095 3.146
v 171.719 13.297 2.899
v 171.719 13.297 2.899
v 0.002 12.095 3.146
v -0.009 13.296 2.898
v 171.719 13.297 2.899
v -0.009 13.296 2.898
v 171.693 14.488 2.644
v 171.693 14.488 2.644
v -0.009 13.296 2.898
v 0.01 14.519 2.666
v 171.693 14.488 2.644
v 0.01 14.519 2.666
v 171.707 16.917 1.925
v 171.707 16.917 1.925
v 0.01 14.519 2.666
v 0.01 16.938 1.94
v 171.707 16.917 1.925
v 0.01 16.938 1.94
v 171.731 25.399 0.728
v 171.731 25.399 0.728
v 0.01 16.938 1.94
v -0.017 25.384 0.717
v 171.731 25.399 0.728
v -0.017 25.384 0.717
v 171.723 29.747 0.24
v 171.723 29.747 0.24
v -0.017 25.384 0.717
v -0.024 29.733 0.23
v 171.723 29.747 0.24
v -0.024 29.733 0.23
v 171.733 31.931 0.003
v 171.733 31.931 0.003
v -0.024 29.733 0.23
v -0.026 32.15 -0.013
v 171.733 31.931 0.003
v -0.026 32.15 -0.013
v 171.695 32.63 -0.016
v 171.695 32.63 -0.016
v -0.026 32.15 -0.013
v 0.021 32.667 0.011
v 171.695 32.63 -0.016
v 0.021 32.667 0.011
v 171.743 32.905 0.008
v 171.743 32.905 0.008
v 0.021 32.667 0.011
v -0.005 32.891 -0.003
v 171.743 32.905 0.008
v -0.005 32.891 -0.003
v 171.741 33.145 0.007
v 171.741 33.145 0.007
v -0.005 32.891 -0.003
v -0.001 33.135 -0.001
v 171.741 33.145 0.007
v -0.001 33.135 -0.001
v 171.727 33.62 0.242
v 171.727 33.62 0.242
v -0.001 33.135 -0.001
v 0.018 33.633 0.251
v 171.727 33.62 0.242
v 0.018 33.633 0.251
v 171.735 33.867 0.246
v 171.735 33.867 0.246
v 0.018 33.633 0.251
v -0.031 33.84 0.226
v 171.735 33.867 0.246
v -0.031 33.84 0.226
v 171.708 34.09 0.474
v 171.708 34.09 0.474
v -0.031 33.84 0.226
v 0.022 34.119 0.495
v 171.708 34.09 0.474
v 0.022 34.119 0.495
v 171.75 34.604 0.737
v 171.75 34.604 0.737
v 0.022 34.119 0.495
v -0.006 34.583 0.722
v 171.75 34.604 0.737
v -0.006 34.583 0.722
v 171.751 34.846 0.737
v 171.751 34.846 0.737
v -0.006 34.583 0.722
v -0.007 34.824 0.722
v 171.751 34.846 0.737
v -0.007 34.824 0.722
v 171.74 35.08 0.974
v 171.74 35.08 0.974
v -0.007 34.824 0.722
v -0.021 35.057 0.957
v 171.74 35.08 0.974
v -0.021 35.057 0.957
v 171.712 35.302 1.202
v 171.712 35.302 1.202
v -0.021 35.057 0.957
v -0.003 35.311 1.208
v 171.712 35.302 1.202
v -0.003 35.311 1.208
v 171.756 35.575 1.465
v 171.756 35.575 1.465
v -0.003 35.311 1.208
v -0.002 35.553 1.45
v 171.756 35.575 1.465
v -0.002 35.553 1.45
v 171.745 35.567 1.702
v 171.745 35.567 1.702
v -0.002 35.553 1.45
v -0.021 35.54 1.682
v 171.745 35.567 1.702
v -0.021 35.54 1.682
v 171.725 35.795 2.176
v 171.725 35.795 2.176
v -0.021 35.54 1.682
v 0.023 35.813 2.188
v 171.725 35.795 2.176
v 0.023 35.813 2.188
v 171.743 36.05 2.669
v 171.743 36.05 2.669
v 0.023 35.813 2.188
v -0.028 36.019 2.647
v 171.743 36.05 2.669
v -0.028 36.019 2.647
v 171.706 36.749 4.585
v 171.706 36.749 4.585
v -0.028 36.019 2.647
v 0.013 36.773 4.602
v 171.706 36.749 4.585
v 0.013 36.773 4.602
v 171.733 37.978 8.71
v 171.733 37.978 8.71
v 0.013 36.773 4.602
v -0.025 37.956 8.695
v 171.733 37.978 8.71
v -0.025 37.956 8.695
v 171.724 39.422 17.171
v 171.724 39.422 17.171
v -0.025 37.956 8.695
v 0.002 39.426 17.174
v 171.724 39.422 17.171
v 0.002 39.426 17.174
v 171.718 40.144 25.875
v 171.718 40.144 25.875
v 0.002 39.426 17.174
v 0.026 40.168 25.893
v 171.718 40.144 25.875
v 0.026 40.168 25.893
v 171.702 39.649 33.123
v 171.702 39.649 33.123
v 0.026 40.168 25.893
v 0.019 39.68 33.146
v 171.702 39.649 33.123
v 0.019 39.68 33.146
v 171.76 38.238 41.134
v 171.76 38.238 41.134
v 0.019 39.68 33.146
v -0.007 38.21 41.114
v 171.76 38.238 41.134
v -0.007 38.21 41.114
v 171.695 36.5 47.148
v 171.695 36.5 47.148
v -0.007 38.21 41.114
v 0.017 36.534 47.173
v 171.695 36.5 47.148
v 0.017 36.534 47.173
v 171.726 35.796 49.583
v 171.726 35.796 49.583
v 0.017 36.534 47.173
v -0.022 35.782 49.572
v 171.726 35.796 49.583
v -0.022 35.782 49.572
v 171.743 35.566 49.833
v 171.743 35.566 49.833
v -0.022 35.782 49.572
v 171.754 35.574 50.081
v 515.412 47.882 16.199
v 687.398 47.894 16.208
v 515.396 46.662 13.773
v 515.396 46.662 13.773
v 687.398 47.894 16.208
v 687.424 46.702 13.802
v 515.396 46.662 13.773
v 687.424 46.702 13.802
v 515.426 45.232 11.853
v 515.426 45.232 11.853
v 687.424 46.702 13.802
v 687.383 45.223 11.847
v 515.426 45.232 11.853
v 687.383 45.223 11.847
v 515.397 43.518 9.903
v 515.397 43.518 9.903
v 687.383 45.223 11.847
v 687.37 43.52 9.905
v 515.397 43.518 9.903
v 687.37 43.52 9.905
v 515.436 41.852 7.988
v 515.436 41.852 7.988
v 687.37 43.52 9.905
v 687.378 41.833 7.975
v 515.436 41.852 7.988
v 687.378 41.833 7.975
v 515.389 39.643 6.513
v 515.389 39.643 6.513
v 687.378 41.833 7.975
v 687.372 39.652 6.52
v 515.389 39.643 6.513
v 687.372 39.652 6.52
v 515.416 37.484 5.317
v 515.416 37.484 5.317
v 687.372 39.652 6.52
v 687.38 37.723 5.315
v 515.416 37.484 5.317
v 687.38 37.723 5.315
v 515.444 35.327 4.364
v 515.444 35.327 4.364
v 687.38 37.723 5.315
v 687.382 35.305 4.348
v 515.444 35.327 4.364
v 687.382 35.305 4.348
v 515.442 34.359 3.879
v 515.442 34.359 3.879
v 687.382 35.305 4.348
v 687.426 34.369 3.886
v 515.442 34.359 3.879
v 687.426 34.369 3.886
v 515.389 33.354 3.611
v 515.389 33.354 3.611
v 687.426 34.369 3.886
v 687.369 33.361 3.616
v 515.389 33.354 3.611
v 687.369 33.361 3.616
v 515.442 32.423 3.637
v 515.442 32.423 3.637
v 687.369 33.361 3.616
v 687.366 32.392 3.615
v 515.442 32.423 3.637
v 687.366 32.392 3.615
v 515.419 31.198 3.626
v 515.419 31.198 3.626
v 687.366 32.392 3.615
v 687.379 31.434 3.621
v 515.419 31.198 3.626
v 687.379 31.434 3.621
v 515.443 28.796 3.88
v 515.443 28.796 3.88
v 687.379 31.434 3.621
v 687.374 29.011 3.86
v 515.443 28.796 3.88
v 687.374 29.011 3.86
v 515.396 23.926 4.582
v 515.396 23.926 4.582
v 687.374 29.011 3.86
v 687.376 23.933 4.587
v 515.396 23.926 4.582
v 687.376 23.933 4.587
v 515.399 14.253 7.486
v 515.399 14.253 7.486
v 687.376 23.933 4.587
v 687.378 14.26 7.49
v 515.399 14.253 7.486
v 687.378 14.26 7.49
v 515.416 10.637 8.945
v 515.416 10.637 8.945
v 687.378 14.26 7.49
v 687.391 10.641 8.949
v 515.416 10.637 8.945
v 687.391 10.641 8.949
v 515.404 10.387 9.181
v 515.404 10.387 9.181
v 687.391 10.641 8.949
v 687.392 10.4 9.191
v 515.404 10.387 9.181
v 687.392 10.4 9.191
v 515.389 10.134 9.174
v 515.389 10.134 9.174
v 687.392 10.4 9.191
v 687.38 10.149 9.185
v 515.389 10.134 9.174
v 687.38 10.149 9.185
v 515.432 9.439 9.921
v 515.432 9.439 9.921
v 687.38 10.149 9.185
v 687.418 9.45 9.929
v 515.432 9.439 9.921
v 687.418 9.45 9.929
v 515.453 7.277 11.625
v 515.453 7.277 11.625
v 687.418 9.45 9.929
v 687.419 7.274 11.623
v 515.453 7.277 11.625
v 687.419 7.274 11.623
v 515.435 5.087 14.034
v 515.435 5.087 14.034
v 687.419 7.274 11.623
v 687.373 5.065 14.019
v 515.435 5.087 14.034
v 687.373 5.065 14.019
v 515.453 3.165 16.704
v 515.453 3.165 16.704
v 687.373 5.065 14.019
v 687.425 3.167 16.705
v 515.453 3.165 16.704
v 687.425 3.167 16.705
v 515.457 1.717 19.366
v 515.457 1.717 19.366
v 687.425 3.167 16.705
v 687.379 1.684 19.343
v 515.457 1.717 19.366
v 687.379 1.684 19.343
v 515.431 0.731 22.014
v 515.431 0.731 22.014
v 687.379 1.684 19.343
v 687.368 0.708 21.756
v 515.431 0.731 22.014
v 687.368 0.708 21.756
v 515.421 0.24 23.46
v 515.421 0.24 23.46
v 687.368 0.708 21.756
v 687.366 0.223 23.448
v 515.421 0.24 23.46
v 687.366 0.223 23.448
v 515.432 0.006 24.675
v 515.432 0.006 24.675
v 687.366 0.223 23.448
v 687.365 -0.02 24.657
v 515.432 0.006 24.675
v 687.365 -0.02 24.657
v 515.437 0.009 25.887
v 515.437 0.009 25.887
v 687.365 -0.02 24.657
v 687.364 -0.02 25.866
v 515.437 0.009 25.887
v 687.364 -0.02 25.866
v 515.436 0.009 27.096
v 515.436 0.009 27.096
v 687.364 -0.02 25.866
v 687.425 0.023 27.106
v 515.436 0.009 27.096
v 687.425 0.023 27.106
v 515.413 0.235 28.052
v 515.413 0.235 28.052
v 687.425 0.023 27.106
v 687.382 0.234 28.293
v 515.413 0.235 28.052
v 687.382 0.234 28.293
v 515.41 0.716 29.743
v 515.41 0.716 29.743
v 687.382 0.234 28.293
v 687.372 0.711 29.74
v 515.41 0.716 29.743
v 687.372 0.711 29.74
v 515.416 1.688 32.165
v 515.416 1.688 32.165
v 687.372 0.711 29.74
v 687.412 1.707 32.178
v 515.416 1.688 32.165
v 687.412 1.707 32.178
v 515.451 3.164 34.843
v 515.451 3.164 34.843
v 687.412 1.707 32.178
v 687.423 3.165 34.844
v 515.451 3.164 34.843
v 687.423 3.165 34.844
v 515.399 5.062 37.719
v 515.399 5.062 37.719
v 687.423 3.165 34.844
v 687.388 5.076 37.729
v 515.399 5.062 37.719
v 687.388 5.076 37.729
v 515.396 7.237 39.895
v 515.396 7.237 39.895
v 687.388 5.076 37.729
v 687.366 7.238 39.895
v 515.396 7.237 39.895
v 687.366 7.238 39.895
v 515.401 9.417 41.832
v 515.401 9.417 41.832
v 687.366 7.238 39.895
v 687.369 9.417 41.832
v 515.401 9.417 41.832
v 687.369 9.417 41.832
v 515.439 10.169 42.335
v 515.439 10.169 42.335
v 687.369 9.417 41.832
v 687.425 10.182 42.344
v 515.439 10.169 42.335
v 687.425 10.182 42.344
v 515.453 10.421 42.342
v 515.453 10.421 42.342
v 687.425 10.182 42.344
v 687.387 10.397 42.566
v 515.453 10.421 42.342
v 687.387 10.397 42.566
v 515.39 10.619 42.552
v 515.39 10.619 42.552
v 687.387 10.397 42.566
v 515.39 10.619 42.552
v 515.39 10.619 42.552
v 515.39 10.619 42.552
v 472.633 10.656 42.821
v 472.633 10.656 42.821
v 515.39 10.619 42.552
v 472.603 12.329 43.532
v 472.633 10.656 42.821
v 472.603 12.329 43.532
v 451.109 10.9 43.064
v 451.109 10.9 43.064
v 472.603 12.329 43.532
v 429.542 10.872 43.528
v 451.109 10.9 43.064
v 429.542 10.872 43.528
v 451.092 10.646 43.056
v 451.092 10.646 43.056
v 429.542 10.872 43.528
v 429.567 10.647 43.298
v 451.092 10.646 43.056
v 429.567 10.647 43.298
v 451.119 10.665 42.827
v 451.119 10.665 42.827
v 429.567 10.647 43.298
v 429.534 10.382 43.282
v 451.119 10.665 42.827
v 429.534 10.382 43.282
v 451.11 10.417 42.823
v 451.11 10.417 42.823
v 429.534 10.382 43.282
v 429.553 10.395 43.049
v 451.11 10.417 42.823
v 429.553 10.395 43.049
v 451.079 10.154 42.807
v 451.079 10.154 42.807
v 429.553 10.395 43.049
v 429.582 10.174 43.064
v 451.079 10.154 42.807
v 429.582 10.174 43.064
v 429.526 9.167 41.826
v 429.526 9.167 41.826
v 429.582 10.174 43.064
v 408.054 8.963 42.095
v 429.526 9.167 41.826
v 408.054 8.963 42.095
v 429.582 7.272 40.162
v 429.582 7.272 40.162
v 408.054 8.963 42.095
v 386.488 7 40.624
v 429.582 7.272 40.162
v 386.488 7 40.624
v 429.542 5.309 37.965
v 429.542 5.309 37.965
v 386.488 7 40.624
v 386.54 5.344 38.474
v 429.542 5.309 37.965
v 386.54 5.344 38.474
v 429.545 3.617 35.305
v 429.545 3.617 35.305
v 386.54 5.344 38.474
v 386.493 3.86 36.032
v 429.545 3.617 35.305
v 386.493 3.86 36.032
v 429.531 2.156 32.88
v 429.531 2.156 32.88
v 386.493 3.86 36.032
v 386.517 2.667 33.867
v 429.531 2.156 32.88
v 386.517 2.667 33.867
v 429.549 1.202 30.47
v 429.549 1.202 30.47
v 386.517 2.667 33.867
v 386.525 1.947 31.452
v 429.549 1.202 30.47
v 386.525 1.947 31.452
v 429.559 0.967 28.782
v 429.559 0.967 28.782
v 386.525 1.947 31.452
v 386.499 1.446 29.746
v 429.559 0.967 28.782
v 386.499 1.446 29.746
v 429.55 0.719 27.326
v 429.55 0.719 27.326
v 386.499 1.446 29.746
v 386.53 1.225 27.826
v 429.55 0.719 27.326
v 386.53 1.225 27.826
v 429.581 0.498 25.89
v 429.581 0.498 25.89
v 386.53 1.225 27.826
v 386.48 0.948 25.866
v 429.581 0.498 25.89
v 386.48 0.948 25.866
v 429.552 0.72 24.183
v 429.552 0.72 24.183
v 386.48 0.948 25.866
v 343.721 1.469 23.232
v 429.552 0.72 24.183
v 343.721 1.469 23.232
v 429.572 0.976 22.742
v 429.572 0.976 22.742
v 343.721 1.469 23.232
v 343.685 1.927 21.037
v 429.572 0.976 22.742
v 343.685 1.927 21.037
v 429.559 1.209 21.042
v 429.559 1.209 21.042
v 343.685 1.927 21.037
v 343.704 2.424 18.87
v 429.559 1.209 21.042
v 343.704 2.424 18.87
v 386.524 2.672 17.907
v 386.524 2.672 17.907
v 343.704 2.424 18.87
v 343.725 3.407 16.704
v 386.524 2.672 17.907
v 343.725 3.407 16.704
v 386.508 3.87 15.48
v 386.508 3.87 15.48
v 343.725 3.407 16.704
v 343.676 4.34 14.744
v 386.508 3.87 15.48
v 343.676 4.34 14.744
v 365.25 5.582 12.833
v 365.25 5.582 12.833
v 343.676 4.34 14.744
v 343.73 5.586 12.594
v 365.25 5.582 12.833
v 343.73 5.586 12.594
v 343.695 8.223 8.949
v 343.695 8.223 8.949
v 343.73 5.586 12.594
v 300.633 5.556 12.088
v 343.695 8.223 8.949
v 300.633 5.556 12.088
v 300.652 7.504 8.712
v 300.652 7.504 8.712
v 300.633 5.556 12.088
v 257.843 5.812 11.615
v 300.652 7.504 8.712
v 257.843 5.812 11.615
v 257.839 7.26 8.468
v 257.839 7.26 8.468
v 257.843 5.812 11.615
v 214.79 4.603 14.517
v 257.839 7.26 8.468
v 214.79 4.603 14.517
v 214.798 7.027 8.233
v 214.798 7.027 8.233
v 214.79 4.603 14.517
v 171.709 7.244 8.215
v 214.798 7.027 8.233
v 171.709 7.244 8.215
v 214.802 7.513 7.267
v 214.802 7.513 7.267
v 171.709 7.244 8.215
v 171.732 7.501 7.259
v 214.802 7.513 7.267
v 171.732 7.501 7.259
v 214.755 7.964 6.518
v 214.755 7.964 6.518
v 171.732 7.501 7.259
v 171.704 7.966 6.519
v 214.755 7.964 6.518
v 171.704 7.966 6.519
v 214.792 8.474 5.811
v 214.792 8.474 5.811
v 171.704 7.966 6.519
v 171.752 8.482 5.817
v 214.792 8.474 5.811
v 171.752 8.482 5.817
v 214.756 9.416 4.826
v 214.756 9.416 4.826
v 171.752 8.482 5.817
v 171.7 9.414 4.824
v 214.756 9.416 4.826
v 171.7 9.414 4.824
v 214.78 10.158 4.112
v 214.78 10.158 4.112
v 171.7 9.414 4.824
v 171.729 10.16 4.113
v 214.78 10.158 4.112
v 171.729 10.16 4.113
v 214.748 11.103 3.612
v 214.748 11.103 3.612
v 171.729 10.16 4.113
v 171.713 11.116 3.621
v 214.748 11.103 3.612
v 171.713 11.116 3.621
v 214.761 12.08 3.135
v 214.761 12.08 3.135
v 171.713 11.116 3.621
v 171.699 12.074 3.13
v 214.761 12.08 3.135
v 171.699 12.074 3.13
v 214.787 13.307 2.906
v 214.787 13.307 2.906
v 171.699 12.074 3.13
v 171.719 13.297 2.899
v 214.787 13.307 2.906
v 171.719 13.297 2.899
v 214.746 14.488 2.402
v 214.746 14.488 2.402
v 171.719 13.297 2.899
v 171.693 14.488 2.644
v 214.746 14.488 2.402
v 171.693 14.488 2.644
v 214.784 16.934 1.937
v 214.784 16.934 1.937
v 171.693 14.488 2.644
v 171.707 16.917 1.925
v 214.784 16.934 1.937
v 171.707 16.917 1.925
v 214.749 25.616 0.71
v 214.749 25.616 0.71
v 171.707 16.917 1.925
v 171.731 25.399 0.728
v 214.749 25.616 0.71
v 171.731 25.399 0.728
v 214.772 29.745 0.238
v 214.772 29.745 0.238
v 171.731 25.399 0.728
v 171.723 29.747 0.24
v 214.772 29.745 0.238
v 171.723 29.747 0.24
v 214.759 32.154 -0.011
v 214.759 32.154 -0.011
v 171.723 29.747 0.24
v 171.733 31.931 0.003
v 214.759 32.154 -0.011
v 171.733 31.931 0.003
v 214.772 32.646 -0.004
v 214.772 32.646 -0.004
v 171.733 31.931 0.003
v 171.695 32.63 -0.016
v 214.772 32.646 -0.004
v 171.695 32.63 -0.016
v 214.803 32.91 0.011
v 214.803 32.91 0.011
v 171.695 32.63 -0.016
v 171.743 32.905 0.008
v 214.803 32.91 0.011
v 171.743 32.905 0.008
v 214.751 33.357 -0.015
v 214.751 33.357 -0.015
v 171.743 32.905 0.008
v 171.741 33.145 0.007
v 214.751 33.357 -0.015
v 171.741 33.145 0.007
v 214.757 33.603 0.23
v 214.757 33.603 0.23
v 171.741 33.145 0.007
v 171.727 33.62 0.242
v 214.757 33.603 0.23
v 171.727 33.62 0.242
v 214.76 33.848 0.232
v 214.76 33.848 0.232
v 171.727 33.62 0.242
v 171.735 33.867 0.246
v 214.76 33.848 0.232
v 171.735 33.867 0.246
v 214.77 34.338 0.479
v 214.77 34.338 0.479
v 171.735 33.867 0.246
v 171.708 34.09 0.474
v 214.77 34.338 0.479
v 171.708 34.09 0.474
v 214.775 34.584 0.481
v 214.775 34.584 0.481
v 171.708 34.09 0.474
v 171.75 34.604 0.737
v 214.775 34.584 0.481
v 171.75 34.604 0.737
v 214.771 34.823 0.721
v 214.771 34.823 0.721
v 171.75 34.604 0.737
v 171.751 34.846 0.737
v 214.771 34.823 0.721
v 171.751 34.846 0.737
v 214.764 35.06 0.96
v 214.764 35.06 0.96
v 171.751 34.846 0.737
v 171.74 35.08 0.974
v 214.764 35.06 0.96
v 171.74 35.08 0.974
v 214.776 35.31 1.207
v 214.776 35.31 1.207
v 171.74 35.08 0.974
v 171.712 35.302 1.202
v 214.776 35.31 1.207
v 171.712 35.302 1.202
v 214.759 35.54 1.441
v 214.759 35.54 1.441
v 171.712 35.302 1.202
v 171.756 35.575 1.465
v 214.759 35.54 1.441
v 171.756 35.575 1.465
v 214.77 35.548 1.688
v 214.77 35.548 1.688
v 171.756 35.575 1.465
v 171.745 35.567 1.702
v 214.77 35.548 1.688
v 171.745 35.567 1.702
v 214.788 35.803 2.181
v 214.788 35.803 2.181
v 171.745 35.567 1.702
v 171.725 35.795 2.176
v 214.788 35.803 2.181
v 171.725 35.795 2.176
v 214.806 36.057 2.674
v 214.806 36.057 2.674
v 171.725 35.795 2.176
v 171.743 36.05 2.669
v 214.806 36.057 2.674
v 171.743 36.05 2.669
v 214.79 36.771 4.6
v 214.79 36.771 4.6
v 171.743 36.05 2.669
v 171.706 36.749 4.585
v 214.79 36.771 4.6
v 171.706 36.749 4.585
v 214.814 37.998 8.725
v 214.814 37.998 8.725
v 171.706 36.749 4.585
v 171.733 37.978 8.71
v 214.814 37.998 8.725
v 171.733 37.978 8.71
v 214.763 39.655 17.164
v 214.763 39.655 17.164
v 171.733 37.978 8.71
v 171.724 39.422 17.171
v 214.763 39.655 17.164
v 171.724 39.422 17.171
v 214.795 40.161 25.887
v 214.795 40.161 25.887
v 171.724 39.422 17.171
v 171.718 40.144 25.875
v 214.795 40.161 25.887
v 171.718 40.144 25.875
v 214.788 39.672 33.14
v 214.788 39.672 33.14
v 171.718 40.144 25.875
v 171.702 39.649 33.123
v 214.788 39.672 33.14
v 171.702 39.649 33.123
v 214.786 38.22 41.121
v 214.786 38.22 41.121
v 171.702 39.649 33.123
v 171.76 38.238 41.134
v 214.786 38.22 41.121
v 171.76 38.238 41.134
v 214.746 36.499 47.39
v 214.746 36.499 47.39
v 171.76 38.238 41.134
v 171.695 36.5 47.148
v 214.746 36.499 47.39
v 171.695 36.5 47.148
v 214.783 35.799 49.585
v 214.783 35.799 49.585
v 171.695 36.5 47.148
v 171.726 35.796 49.583
v 214.783 35.799 49.585
v 171.726 35.796 49.583
v 214.796 35.566 49.833
v 214.796 35.566 49.833
v 171.726 35.796 49.583
v 171.743 35.566 49.833
v 214.796 35.566 49.833
v 171.743 35.566 49.833
v 214.785 35.558 50.069
v 214.785 35.558 50.069
v 171.743 35.566 49.833
v 171.754 35.574 50.081
v 214.785 35.558 50.069
v 171.754 35.574 50.081
v 214.777 35.311 50.549
v 214.777 35.311 50.549
v 171.754 35.574 50.081
v 171.755 35.333 50.323
v 214.777 35.311 50.549
v 171.755 35.333 50.323
v 214.788 34.835 50.797
v 214.788 34.835 50.797
v 171.755 35.333 50.323
v 171.714 34.82 50.544
v 214.788 34.835 50.797
v 171.714 34.82 50.544
v 214.784 34.59 51.037
v 214.784 34.59 51.037
v 171.714 34.82 50.544
v 171.75 34.604 50.804
v 214.784 34.59 51.037
v 171.75 34.604 50.804
v 214.787 34.351 51.038
v 214.787 34.351 51.038
v 171.75 34.604 50.804
v 171.749 34.361 51.046
v 214.787 34.351 51.038
v 171.749 34.361 51.046
v 214.798 34.116 51.285
v 214.798 34.116 51.285
v 171.749 34.361 51.046
v 171.741 34.114 51.283
v 214.798 34.116 51.285
v 171.741 34.114 51.283
v 214.812 33.884 51.292
v 214.812 33.884 51.292
v 171.741 34.114 51.283
v 171.741 33.871 51.283
v 214.812 33.884 51.292
v 171.741 33.871 51.283
v 214.789 33.385 51.523
v 214.789 33.385 51.523
v 171.741 33.871 51.283
v 171.735 33.383 51.522
v 214.789 33.385 51.523
v 171.735 33.383 51.522
v 214.768 33.128 51.512
v 214.768 33.128 51.512
v 171.735 33.383 51.522
v 171.705 33.121 51.507
v 214.768 33.128 51.512
v 171.705 33.121 51.507
v 214.782 32.654 51.519
v 214.782 32.654 51.519
v 171.705 33.121 51.507
v 171.762 32.676 51.535
v 214.782 32.654 51.519
v 171.762 32.676 51.535
v 214.751 28.521 51.262
v 214.751 28.521 51.262
v 171.762 32.676 51.535
v 171.759 28.563 51.292
v 214.751 28.521 51.262
v 171.759 28.563 51.292
v 214.814 24.694 50.809
v 214.814 24.694 50.809
v 171.759 28.563 51.292
v 171.716 24.663 50.787
v 214.814 24.694 50.809
v 171.716 24.663 50.787
v 171.727 16.689 49.583
v 171.727 16.689 49.583
v 171.716 24.663 50.787
v -0.008 24.665 50.789
v 171.727 16.689 49.583
v -0.008 24.665 50.789
v -0.02 16.675 49.573
v 687.394 19.592 45.956
v 687.413 24.927 47.175
v 515.456 24.935 47.181
v 515.456 24.935 47.181
v 687.413 24.927 47.175
v 515.427 30.236 47.892
v 515.456 24.935 47.181
v 515.427 30.236 47.892
v 472.643 30.255 47.905
v 472.643 30.255 47.905
v 515.427 30.236 47.892
v 472.642 31.463 48.147
v 472.643 30.255 47.905
v 472.642 31.463 48.147
v 429.56 30.959 48.374
v 429.56 30.959 48.374
v 472.642 31.463 48.147
v 429.592 32.191 48.39
v 429.56 30.959 48.374
v 429.592 32.191 48.39
v 386.489 31.914 49.09
v 386.489 31.914 49.09
v 429.592 32.191 48.39
v 386.511 32.655 49.101
v 386.489 31.914 49.09
v 386.511 32.655 49.101
v 343.686 32.403 49.82
v 343.686 32.403 49.82
v 386.511 32.655 49.101
v 343.708 33.144 49.831
v 343.686 32.403 49.82
v 343.708 33.144 49.831
v 300.612 32.872 50.535
v 300.612 32.872 50.535
v 343.708 33.144 49.831
v 322.188 33.391 50.318
v 300.612 32.872 50.535
v 322.188 33.391 50.318
v 300.657 33.387 50.557
v 300.657 33.387 50.557
v 322.188 33.391 50.318
v 322.154 33.851 50.059
v 300.657 33.387 50.557
v 322.154 33.851 50.059
v 300.641 33.618 50.55
v 300.641 33.618 50.55
v 322.154 33.851 50.059
v 300.645 34.105 50.552
v 300.641 33.618 50.55
v 300.645 34.105 50.552
v 279.136 33.875 50.802
v 279.136 33.875 50.802
v 300.645 34.105 50.552
v 279.113 34.1 50.79
v 279.136 33.875 50.802
v 279.113 34.1 50.79
v 257.807 33.844 51.263
v 257.807 33.844 51.263
v 279.113 34.1 50.79
v 257.853 34.118 51.045
v 257.807 33.844 51.263
v 257.853 34.118 51.045
v 246.946 34.102 51.275
v 246.946 34.102 51.275
v 257.853 34.118 51.045
v 257.865 34.368 51.05
v 246.946 34.102 51.275
v 257.865 34.368 51.05
v 246.961 34.354 51.04
v 246.961 34.354 51.04
v 257.865 34.368 51.05
v 257.853 34.601 51.044
v 246.961 34.354 51.04
v 257.853 34.601 51.044
v 257.838 34.833 50.795
v 257.838 34.833 50.795
v 257.853 34.601 51.044
v 279.132 35.081 50.316
v 257.838 34.833 50.795
v 279.132 35.081 50.316
v 279.143 35.331 50.322
v 279.143 35.331 50.322
v 279.132 35.081 50.316
v 300.622 36.023 49.572
v 279.143 35.331 50.322
v 300.622 36.023 49.572
v 300.629 36.754 49.092
v 300.629 36.754 49.092
v 300.622 36.023 49.572
v 322.204 37.756 48.149
v 300.629 36.754 49.092
v 322.204 37.756 48.149
v 300.646 37.491 48.375
v 300.646 37.491 48.375
v 322.204 37.756 48.149
v 343.721 39.442 45.968
v 300.646 37.491 48.375
v 343.721 39.442 45.968
v 322.137 38.918 46.664
v 322.137 38.918 46.664
v 343.721 39.442 45.968
v 343.687 40.144 45.225
v 322.137 38.918 46.664
v 343.687 40.144 45.225
v 322.19 39.439 45.965
v 322.19 39.439 45.965
v 343.687 40.144 45.225
v 343.698 40.635 44.263
v 322.19 39.439 45.965
v 343.698 40.635 44.263
v 322.171 39.909 45.23
v 322.171 39.909 45.23
v 343.698 40.635 44.263
v 343.68 41.107 43.528
v 322.171 39.909 45.23
v 343.68 41.107 43.528
v 343.718 41.375 42.822
v 343.718 41.375 42.822
v 343.68 41.107 43.528
v 386.496 43.528 40.144
v 343.718 41.375 42.822
v 386.496 43.528 40.144
v 343.727 41.865 42.1
v 343.727 41.865 42.1
v 386.496 43.528 40.144
v 386.502 44.259 38.213
v 343.727 41.865 42.1
v 386.502 44.259 38.213
v 343.666 42.548 40.135
v 343.666 42.548 40.135
v 386.502 44.259 38.213
v 386.535 44.765 36.536
v 343.666 42.548 40.135
v 386.535 44.765 36.536
v 343.716 43.55 36.049
v 343.716 43.55 36.049
v 386.535 44.765 36.536
v 386.495 45.705 33.372
v 343.716 43.55 36.049
v 386.495 45.705 33.372
v 343.669 44.485 30.704
v 343.669 44.485 30.704
v 386.495 45.705 33.372
v 386.54 46.22 29.524
v 343.669 44.485 30.704
v 386.54 46.22 29.524
v 343.688 44.74 25.876
v 343.688 44.74 25.876
v 386.54 46.22 29.524
v 386.475 46.416 25.864
v 343.688 44.74 25.876
v 386.475 46.416 25.864
v 343.679 44.734 23.695
v 343.679 44.734 23.695
v 386.475 46.416 25.864
v 429.566 47.894 23.948
v 343.679 44.734 23.695
v 429.566 47.894 23.948
v 343.69 44.5 21.281
v 343.69 44.5 21.281
v 429.566 47.894 23.948
v 429.563 47.651 21.286
v 343.69 44.5 21.281
v 429.563 47.651 21.286
v 386.506 45.471 18.624
v 386.506 45.471 18.624
v 429.563 47.651 21.286
v 429.558 46.922 18.623
v 386.506 45.471 18.624
v 429.558 46.922 18.623
v 429.526 45.932 16.188
v 429.526 45.932 16.188
v 429.558 46.922 18.623
v 472.637 48.391 18.394
v 429.526 45.932 16.188
v 472.637 48.391 18.394
v 472.591 47.391 16.194
v 472.591 47.391 16.194
v 472.637 48.391 18.394
v 493.916 48.871 18.391
v 472.591 47.391 16.194
v 493.916 48.871 18.391
v 493.922 47.907 16.217
v 493.922 47.907 16.217
v 493.916 48.871 18.391
v 515.415 48.852 18.378
v 493.922 47.907 16.217
v 515.415 48.852 18.378
v 515.412 47.882 16.199
v 515.412 47.882 16.199
v 515.415 48.852 18.378
v 687.4 48.863 18.386
v 515.412 47.882 16.199
v 687.4 48.863 18.386
v 687.398 47.894 16.208
f 1 2 3
f 4 5 6
f 7 8 9
f 10 11 12
f 13 14 15
f 16 17 18
f 19 20 21
f 22 23 24
f 25 26 27
f 28 29 30
f 31 32 33
f 34 35 36
f 37 38 39
f 40 41 42
f 43 44 45
f 46 47 48
f 49 50 51
f 52 53 54
f 55 56 57
f 58 59 60
f 61 62 63
f 64 65 66
f 67 68 69
f 70 71 72
f 73 74 75
f 76 77 78
f 79 80 81
f 82 83 84
f 85 86 87
f 88 89 90
f 91 92 93
f 94 95 96
f 97 98 99
f 100 101 102
f 103 104 105
f 106 107 108
f 109 110 111
f 112 113 114
f 115 116 117
f 118 119 120
f 121 122 123
f 124 125 126
f 127 128 129
f 130 131 132
f 133 134 135
f 136 137 138
f 139 140 141
f 142 143 144
f 145 146 147
f 148 149 150
f 151 152 153
f 154 155 156
f 157 158 159
f 160 161 162
f 163 164 165
f 166 167 168
f 169 170 171
f 172 173 174
f 175 176 177
f 178 179 180
f 181 182 183
f 184 185 186
f 187 188 189
f 190 191 192
f 193 194 195
f 196 197 198
f 199 200 201
f 202 203 204
f 205 206 207
f 208 209 210
f 211 212 213
f 214 215 216
f 217 218 219
f 220 221 222
f 223 224 225
f 226 227 228
f 229 230 231
f 232 233 234
f 235 236 237
f 238 239 240
f 241 242 243
f 244 245 246
f 247 248 249
f 250 251 252
f 253 254 255
f 256 257 258
f 259 260 261
f 262 263 264
f 265 266 267
f 268 269 270
f 271 272 273
f 274 275 276
f 277 278 279
f 280 281 282
f 283 284 285
f 286 287 288
f 289 290 291
f 292 293 294
f 295 296 297
f 298 299 300
f 301 302 303
f 304 305 306
f 307 308 309
f 310 311 312
f 313 314 315
f 316 317 318
f 319 320 321
f 322 323 324
f 325 326 327
f 328 329 330
f 331 332 333
f 334 335 336
f 337 338 339
f 340 341 342
f 343 344 345
f 346 347 348
f 349 350 351
f 352 353 354
f 355 356 357
f 358 359 360
f 361 362 363
f 364 365 366
f 367 368 369
f 370 371 372
f 373 374 375
f 376 377 378
f 379 380 381
f 382 383 384
f 385 386 387
f 388 389 390
f 391 392 393
f 394 395 396
f 397 398 399
f 400 401 402
f 403 404 405
f 406 407 408
f 409 410 411
f 412 413 414
f 415 416 417
f 418 419 420
f 421 422 423
f 424 425 426
f 427 428 429
f 430 431 432
f 433 434 435
f 436 437 438
f 439 440 441
f 442 443 444
f 445 446 447
f 448 449 450
f 451 452 453
f 454 455 456
f 457 458 459
f 460 461 462
f 463 464 465
f 466 467 468
f 469 470 471
f 472 473 474
f 475 476 477
f 478 479 480
f 481 482 483
f 484 485 486
f 487 488 489
f 490 491 492
f 493 494 495
f 496 497 498
f 499 500 501
f 502 503 504
f 505 506 507
f 508 509 510
f 511 512 513
f 514 515 516
f 517 518 519
f 520 521 522
f 523 524 525
f 526 527 528
f 529 530 531
f 532 533 534
f 535 536 537
f 538 539 540
f 541 542 543
f 544 545 546
f 547 548 549
f 550 551 552
f 553 554 555
f 556 557 558
f 559 560 561
f 562 563 564
f 565 566 567
f 568 569 570
f 571 572 573
f 574 575 576
f 577 578 579
f 580 581 582
f 583 584 585
f 586 587 588
f 589 590 591
f 592 593 594
f 595 596 597
f 598 599 600
f 601 602 603
f 604 605 606
f 607 608 609
f 610 611 612
f 613 614 615
f 616 617 618
f 619 620 621
f 622 623 624
f 625 626 627
f 628 629 630
f 631 632 633
f 634 635 636
f 637 638 639
f 640 641 642
f 643 644 645
f 646 647 648
f 649 650 651
f 652 653 654
f 655 656 657
f 658 659 660
f 661 662 663
f 664 665 666
f 667 668 669
f 670 671 672
f 673 674 675
f 676 677 678
f 679 680 681
f 682 683 684
f 685 686 687
f 688 689 690
f 691 692 693
f 694 695 696
f 697 698 699
f 700 701 702
f 703 704 705
f 706 707 708
f 709 710 711
f 712 713 714
f 715 716 717
f 718 719 720
f 721 722 723
f 724 725 726
f 727 728 729
f 730 731 732
f 733 734 735
f 736 737 738
f 739 740 741
f 742 743 744
f 745 746 747
f 748 749 750
f 751 752 753
f 754 755 756
f 757 758 759
f 760 761 762
f 763 764 765
f 766 767 768
f 769 770 771
f 772 773 774
f 775 776 777
f 778 779 780
f 781 782 783
f 784 785 786
f 787 788 789
f 790 791 792
f 793 794 795
f 796 797 798
f 799 800 801
f 802 803 804
f 805 806 807
f 808 809 810
f 811 812 813
f 814 815 816
f 817 818 819
f 820 821 822
f 823 824 825
f 826 827 828
f 829 830 831
f 832 833 834
f 835 836 837
f 838 839 840
f 841 842 843
f 844 845 846
f 847 848 849
f 850 851 852
f 853 854 855
f 856 857 858
f 859 860 861
f 862 863 864
f 865 866 867
f 868 869 870
f 871 872 873
f 874 875 876
f 877 878 879
f 880 881 882
f 883 884 885
f 886 887 888
f 889 890 891
f 892 893 894
f 895 896 897
f 898 899 900
f 901 902 903
f 904 905 906
f 907 908 909
f 910 911 912
f 913 914 915
f 916 917 918
f 919 920 921
f 922 923 924
f 925 926 927
f 928 929 930
f 931 932 933
f 934 935 936
f 937 938 939
f 940 941 942
f 943 944 945
f 946 947 948
f 949 950 951
f 952 953 954
f 955 956 957
f 958 959 960
f 961 962 963
f 964 965 966
f 967 968 969
f 970 971 972
f 973 974 975
f 976 977 978
f 979 980 981
f 982 983 984
f 985 986 987
f 988 989 990
f 991 992 993
f 994 995 996
f 997 998 999
f 1000 1001 1002
f 1003 1004 1005
f 1006 1007 1008
f 1009 1010 1011
f 1012 1013 1014
f 1015 1016 1017
f 1018 1019 1020
f 1021 1022 1023
f 1024 1025 1026
f 1027 1028 1029
f 1030 1031 1032
f 1033 1034 1035
f 1036 1037 1038
f 1039 1040 1041
f 1042 1043 1044
f 1045 1046 1047
f 1048 1049 1050
f 1051 1052 1053
f 1054 1055 1056
f 1057 1058 1059
f 1060 1061 1062
f 1063 1064 1065
f 1066 1067 1068
f 1069 1070 1071
f 1072 1073 1074
f 1075 1076 1077
f 1078 1079 1080
f 1081 1082 1083
f 1084 1085 1086
f 1087 1088 1089
f 1090 1091 1092
f 1093 1094 1095
f 1096 1097 1098
f 1099 1100 1101
f 1102 1103 1104
f 1105 1106 1107
f 1108 1109 1110
f 1111 1112 1113
f 1114 1115 1116
f 1117 1118 1119
f 1120 1121 1122
f 1123 1124 1125
f 1126 1127 1128
f 1129 1130 1131
f 1132 1133 1134
f 1135 1136 1137
f 1138 1139 1140
f 1141 1142 1143
f 1144 1145 1146
f 1147 1148 1149
f 1150 1151 1152
f 1153 1154 1155
f 1156 1157 1158
f 1159 1160 1161
f 1162 1163 1164
f 1165 1166 1167
f 1168 1169 1170
f 1171 1172 1173
f 1174 1175 1176
f 1177 1178 1179
f 1180 1181 1182
f 1183 1184 1185
f 1186 1187 1188
f 1189 1190 1191
f 1192 1193 1194
f 1195 1196 1197
f 1198 1199 1200
f 1201 1202 1203
f 1204 1205 1206
f 1207 1208 1209
f 1210 1211 1212
f 1213 1214 1215
f 1216 1217 1218
f 1219 1220 1221
f 1222 1223 1224
f 1225 1226 1227
f 1228 1229 1230
f 1231 1232 1233
f 1234 1235 1236
f 1237 1238 1239
f 1240 1241 1242
f 1243 1244 1245
f 1246 1247 1248
f 1249 1250 1251
f 1252 1253 1254
f 1255 1256 1257
f 1258 1259 1260
f 1261 1262 1263
f 1264 1265 1266
f 1267 1268 1269
f 1270 1271 1272
f 1273 1274 1275
f 1276 1277 1278
f 1279 1280 1281
f 1282 1283 1284
f 1285 1286 1287
f 1288 1289 1290
f 1291 1292 1293
f 1294 1295 1296
f 1297 1298 1299
f 1300 1301 1302
f 1303 1304 1305
f 1306 1307 1308
f 1309 1310 1311
f 1312 1313 1314
f 1315 1316 1317
f 1318 1319 1320
f 1321 1322 1323
f 1324 1325 1326
f 1327 1328 1329
f 1330 1331 1332
f 1333 1334 1335
f 1336 1337 1338
f 1339 1340 1341
f 1342 1343 1344
f 1345 1346 1347
f 1348 1349 1350
f 1351 1352 1353
f 1354 1355 1356
f 1357 1358 1359
f 1360 1361 1362
f 1363 1364 1365
f 1366 1367 1368
f 1369 1370 1371
f 1372 1373 1374
f 1375 1376 1377
f 1378 1379 1380
f 1381 1382 1383
f 1384 1385 1386
f 1387 1388 1389
f 1390 1391 1392
f 1393 1394 1395
f 1396 1397 1398
f 1399 1400 1401
f 1402 1403 1404
f 1405 1406 1407
f 1408 1409 1410
f 1411 1412 1413
f 1414 1415 1416
f 1417 1418 1419
f 1420 1421 1422
f 1423 1424 1425
f 1426 1427 1428
f 1429 1430 1431
f 1432 1433 1434
f 1435 1436 1437
f 1438 1439 1440
f 1441 1442 1443
f 1444 1445 1446
f 1447 1448 1449
f 1450 1451 1452
f 1453 1454 1455
f 1456 1457 1458
f 1459 1460 1461
f 1462 1463 1464
f 1465 1466 1467
f 1468 1469 1470
f 1471 1472 1473
f 1474 1475 1476
f 1477 1478 1479
f 1480 1481 1482
f 1483 1484 1485
f 1486 1487 1488
f 1489 1490 1491
f 1492 1493 1494
f 1495 1496 1497
f 1498 1499 1500
f 1501 1502 1503
f 1504 1505 1506
f 1507 1508 1509
f 1510 1511 1512
f 1513 1514 1515
f 1516 1517 1518
f 1519 1520 1521
f 1522 1523 1524
f 1525 1526 1527
f 1528 1529 1530
f 1531 1532 1533
f 1534 1535 1536
f 1537 1538 1539
f 1540 1541 1542
f 1543 1544 1545
f 1546 1547 1548
f 1549 1550 1551
f 1552 1553 1554
f 1555 1556 1557
f 1558 1559 1560
f 1561 1562 1563
f 1564 1565 1566
f 1567 1568 1569
f 1570 1571 1572
f 1573 1574 1575
f 1576 1577 1578
f 1579 1580 1581
f 1582 1583 1584
f 1585 1586 1587
f 1588 1589 1590
f 1591 1592 1593
f 1594 1595 1596
f 1597 1598 1599
f 1600 1601 1602
f 1603 1604 1605
f 1606 1607 1608
f 1609 1610 1611
f 1612 1613 1614
f 1615 1616 1617
f 1618 1619 1620
f 1621 1622 1623
f 1624 1625 1626
f 1627 1628 1629
f 1630 1631 1632
f 1633 1634 1635
f 1636 1637 1638
f 1639 1640 1641
f 1642 1643 1644
f 1645 1646 1647
f 1648 1649 1650
f 1651 1652 1653
f 1654 1655 1656
f 1657 1658 1659
f 1660 1661 1662
f 1663 1664 1665
f 1666 1667 1668
f 1669 1670 1671
f 1672 1673 1674
f 1675 1676 1677
f 1678 1679 1680
f 1681 1682 1683
f 1684 1685 1686
f 1687 1688 1689
f 1690 1691 1692
f 1693 1694 1695
f 1696 1697 1698
f 1699 1700 1701
f 1702 1703 1704
f 1705 1706 1707
f 1708 1709 1710
f 1711 1712 1713
f 1714 1715 1716
f 1717 1718 1719
f 1720 1721 1722
f 1723 1724 1725
f 1726 1727 1728
f 1729 1730 1731
f 1732 1733 1734
f 1735 1736 1737
f 1738 1739 1740
f 1741 1742 1743
f 1744 1745 1746
f 1747 1748 1749
f 1750 1751 1752
f 1753 1754 1755
f 1756 1757 1758
f 1759 1760 1761
f 1762 1763 1764
f 1765 1766 1767
f 1768 1769 1770
f 1771 1772 1773
f 1774 1775 1776
f 1777 1778 1779
f 1780 1781 1782
f 1783 1784 1785
f 1786 1787 1788
f 1789 1790 1791
f 1792 1793 1794
f 1795 1796 1797
f 1798 1799 1800
f 1801 1802 1803
f 1804 1805 1806
f 1807 1808 1809
f 1810 1811 1812
f 1813 1814 1815
f 1816 1817 1818
f 1819 1820 1821
f 1822 1823 1824
f 1825 1826 1827
f 1828 1829 1830
f 1831 1832 1833
f 1834 1835 1836
f 1837 1838 1839
f 1840 1841 1842
f 1843 1844 1845
f 1846 1847 1848
f 1849 1850 1851
f 1852 1853 1854
f 1855 1856 1857
f 1858 1859 1860
f 1861 1862 1863
f 1864 1865 1866
f 1867 1868 1869
f 1870 1871 1872
f 1873 1874 1875
f 1876 1877 1878
f 1879 1880 1881
f 1882 1883 1884
f 1885 1886 1887
f 1888 1889 1890
f 1891 1892 1893
f 1894 1895 1896
f 1897 1898 1899
f 1900 1901 1902
f 1903 1904 1905
f 1906 1907 1908
f 1909 1910 1911
f 1912 1913 1914
f 1915 1916 1917
f 1918 1919 1920
f 1921 1922 1923
f 1924 1925 1926
f 1927 1928 1929
f 1930 1931 1932
f 1933 1934 1935
f 1936 1937 1938
f 1939 1940 1941
f 1942 1943 1944
f 1945 1946 1947
f 1948 1949 1950
f 1951 1952 1953
f 1954 1955 1956
f 1957 1958 1959
f 1960 1961 1962
f 1963 1964 1965
f 1966 1967 1968
f 1969 1970 1971
f 1972 1973 1974
f 1975 1976 1977
f 1978 1979 1980
f 1981 1982 1983
f 1984 1985 1986
f 1987 1988 1989
f 1990 1991 1992
f 1993 1994 1995
f 1996 1997 1998
f 1999 2000 2001
f 2002 2003 2004
f 2005 2006 2007
f 2008 2009 2010
f 2011 2012 2013
f 2014 2015 2016
f 2017 2018 2019
f 2020 2021 2022
f 2023 2024 2025
f 2026 2027 2028
f 2029 2030 2031
f 2032 2033 2034
f 2035 2036 2037
f 2038 2039 2040
f 2041 2042 2043
f 2044 2045 2046
f 2047 2048 2049
f 2050 2051 2052
f 2053 2054 2055
f 2056 2057 2058
f 2059 2060 2061
f 2062 2063 2064
f 2065 2066 2067
f 2068 2069 2070
f 2071 2072 2073
f 2074 2075 2076
f 2077 2078 2079
f 2080 2081 2082
f 2083 2084 2085
f 2086 2087 2088
f 2089 2090 2091
f 2092 2093 2094
f 2095 2096 2097
f 2098 2099 2100
f 2101 2102 2103
f 2104 2105 2106
f 2107 2108 2109
f 2110 2111 2112
f 2113 2114 2115
f 2116 2117 2118
f 2119 2120 2121
f 2122 2123 2124
f 2125 2126 2127
f 2128 2129 2130
f 2131 2132 2133
f 2134 2135 2136
f 2137 2138 2139
f 2140 2141 2142
f 2143 2144 2145
f 2146 2147 2148
f 2149 2150 2151
f 2152 2153 2154
f 2155 2156 2157
f 2158 2159 2160
f 2161 2162 2163
f 2164 2165 2166
f 2167 2168 2169
f 2170 2171 2172
f 2173 2174 2175
f 2176 2177 2178
f 2179 2180 2181
f 2182 2183 2184
f 2185 2186 2187
f 2188 2189 2190
f 2191 2192 2193
f 2194 2195 2196
f 2197 2198 2199
f 2200 2201 2202
f 2203 2204 2205
f 2206 2207 2208
f 2209 2210 2211
f 2212 2213 2214
f 2215 2216 2217
f 2218 2219 2220
f 2221 2222 2223
f 2224 2225 2226
f 2227 2228 2229
f 2230 2231 2232
f 2233 2234 2235
f 2236 2237 2238
f 2239 2240 2241
f 2242 2243 2244
f 2245 2246 2247
f 2248 2249 2250
f 2251 2252 2253
f 2254 2255 2256
f 2257 2258 2259
f 2260 2261 2262
f 2263 2264 2265
f 2266 2267 2268
f 2269 2270 2271
f 2272 2273 2274
f 2275 2276 2277
f 2278 2279 2280
f 2281 2282 2283
f 2284 2285 2286
f 2287 2288 2289
f 2290 2291 2292
f 2293 2294 2295
f 2296 2297 2298
f 2299 2300 2301
f 2302 2303 2304
f 2305 2306 2307
f 2308 2309 2310
f 2311 2312 2313
f 2314 2315 2316
f 2317 2318 2319
f 2320 2321 2322
f 2323 2324 2325
f 2326 2327 2328
f 2329 2330 2331
f 2332 2333 2334
f 2335 2336 2337
f 2338 2339 2340
f 2341 2342 2343
f 2344 2345 2346
f 2347 2348 2349
f 2350 2351 2352
f 2353 2354 2355
f 2356 2357 2358
f 2359 2360 2361
f 2362 2363 2364
f 2365 2366 2367
f 2368 2369 2370
f 2371 2372 2373
f 2374 2375 2376
f 2377 2378 2379
f 2380 2381 2382
f 2383 2384 2385
f 2386 2387 2388
f 2389 2390 2391
f 2392 2393 2394
f 2395 2396 2397
f 2398 2399 2400
f 2401 2402 2403
f 2404 2405 2406
f 2407 2408 2409
f 2410 2411 2412
f 2413 2414 2415
f 2416 2417 2418
f 2419 2420 2421
f 2422 2423 2424
f 2425 2426 2427
f 2428 2429 2430
f 2431 2432 2433
f 2434 2435 2436
f 2437 2438 2439
f 2440 2441 2442
f 2443 2444 2445
f 2446 2447 2448
f 2449 2450 2451
f 2452 2453 2454
f 2455 2456 2457
f 2458 2459 2460
f 2461 2462 2463
f 2464 2465 2466
f 2467 2468 2469
f 2470 2471 2472
f 2473 2474 2475
f 2476 2477 2478
f 2479 2480 2481
f 2482 2483 2484
f 2485 2486 2487
f 2488 2489 2490
f 2491 2492 2493
f 2494 2495 2496
f 2497 2498 2499
f 2500 2501 2502
f 2503 2504 2505
f 2506 2507 2508
f 2509 2510 2511
f 2512 2513 2514
f 2515 2516 2517
f 2518 2519 2520
f 2521 2522 2523
f 2524 2525 2526
f 2527 2528 2529
f 2530 2531 2532
f 2533 2534 2535
f 2536 2537 2538
f 2539 2540 2541
f 2542 2543 2544
f 2545 2546 2547
f 2548 2549 2550
f 2551 2552 2553
f 2554 2555 2556
f 2557 2558 2559
f 2560 2561 2562
f 2563 2564 2565
f 2566 2567 2568
f 2569 2570 2571
f 2572 2573 2574
f 2575 2576 2577
f 2578 2579 2580
f 2581 2582 2583
f 2584 2585 2586
f 2587 2588 2589
f 2590 2591 2592
f 2593 2594 2595
f 2596 2597 2598
f 2599 2600 2601
f 2602 2603 2604
f 2605 2606 2607
f 2608 2609 2610
f 2611 2612 2613
f 2614 2615 2616
f 2617 2618 2619
f 2620 2621 2622
f 2623 2624 2625
f 2626 2627 2628
f 2629 2630 2631
f 2632 2633 2634
f 2635 2636 2637
f 2638 2639 2640
f 2641 2642 2643
f 2644 2645 2646
f 2647 2648 2649
f 2650 2651 2652
f 2653 2654 2655
f 2656 2657 2658
f 2659 2660 2661
f 2662 2663 2664
f 2665 2666 2667
f 2668 2669 2670
f 2671 2672 2673
f 2674 2675 2676
f 2677 2678 2679
f 2680 2681 2682
f 2683 2684 2685
f 2686 2687 2688
f 2689 2690 2691
f 2692 2693 2694
f 2695 2696 2697
f 2698 2699 2700
f 2701 2702 2703
f 2704 2705 2706
f 2707 2708 2709
f 2710 2711 2712
f 2713 2714 2715
f 2716 2717 2718
f 2719 2720 2721
f 2722 2723 2724
f 2725 2726 2727
f 2728 2729 2730
f 2731 2732 2733
f 2734 2735 2736
f 2737 2738 2739
f 2740 2741 2742
f 2743 2744 2745
f 2746 2747 2748
f 2749 2750 2751
f 2752 2753 2754
f 2755 2756 2757
f 2758 2759 2760
f 2761 2762 2763
f 2764 2765 2766
f 2767 2768 2769
f 2770 2771 2772
f 2773 2774 2775
f 2776 2777 2778
f 2779 2780 2781
f 2782 2783 2784
f 2785 2786 2787
f 2788 2789 2790
f 2791 2792 2793
f 2794 2795 2796
f 2797 2798 2799
f 2800 2801 2802
f 2803 2804 2805
f 2806 2807 2808
f 2809 2810 2811
f 2812 2813 2814
f 2815 2816 2817
f 2818 2819 2820
f 2821 2822 2823
f 2824 2825 2826
f 2827 2828 2829
f 2830 2831 2832
f 2833 2834 2835
f 2836 2837 2838
f 2839 2840 2841
f 2842 2843 2844
f 2845 2846 2847
f 2848 2849 2850
f 2851 2852 2853
f 2854 2855 2856
f 2857 2858 2859
f 2860 2861 2862
f 2863 2864 2865
f 2866 2867 2868
f 2869 2870 2871
f 2872 2873 2874
f 2875 2876 2877
f 2878 2879 2880
f 2881 2882 2883
f 2884 2885 2886
f 2887 2888 2889
f 2890 2891 2892
f 2893 2894 2895
f 2896 2897 2898
f 2899 2900 2901
f 2902 2903 2904
f 2905 2906 2907
f 2908 2909 2910
f 2911 2912 2913
f 2914 2915 2916
f 2917 2918 2919
f 2920 2921 2922
f 2923 2924 2925
f 2926 2927 2928
f 2929 2930 2931
f 2932 2933 2934
f 2935 2936 2937
f 2938 2939 2940
f 2941 2942 2943
f 2944 2945 2946
f 2947 2948 2949
f 2950 2951 2952
f 2953 2954 2955
f 2956 2957 2958
f 2959 2960 2961
f 2962 2963 2964
f 2965 2966 2967
f 2968 2969 2970
f 2971 2972 2973
f 2974 2975 2976
f 2977 2978 2979
f 2980 2981 2982
f 2983 2984 2985
f 2986 2987 2988
f 2989 2990 2991
f 2992 2993 2994
f 2995 2996 2997
f 2998 2999 3000
f 3001 3002 3003
f 3004 3005 3006
f 3007 3008 3009
f 3010 3011 3012
f 3013 3014 3015
f 3016 3017 3018
f 3019 3020 3021
f 3022 3023 3024
f 3025 3026 3027
f 3028 3029 3030
f 3031 3032 3033
f 3034 3035 3036
f 3037 3038 3039
f 3040 3041 3042
f 3043 3044 3045
f 3046 3047 3048
f 3049 3050 3051
f 3052 3053 3054
f 3055 3056 3057
f 3058 3059 3060
f 3061 3062 3063
f 3064 3065 3066
f 3067 3068 3069
f 3070 3071 3072
f 3073 3074 3075
f 3076 3077 3078
f 3079 3080 3081
f 3082 3083 3084
f 3085 3086 3087
f 3088 3089 3090
f 3091 3092 3093
f 3094 3095 3096
f 3097 3098 3099
f 3100 3101 3102
f 3103 3104 3105
f 3106 3107 3108
f 3109 3110 3111
f 3112 3113 3114
f 3115 3116 3117
f 3118 3119 3120
f 3121 3122 3123
f 3124 3125 3126
f 3127 3128 3129
f 3130 3131 3132
f 3133 3134 3135
f 3136 3137 3138
f 3139 3140 3141
f 3142 3143 3144
f 3145 3146 3147
f 3148 3149 3150
f 3151 3152 3153
f 3154 3155 3156
f 3157 3158 3159
f 3160 3161 3162
f 3163 3164 3165
f 3166 3167 3168
f 3169 3170 3171
f 3172 3173 3174
f 3175 3176 3177
f 3178 3179 3180
f 3181 3182 3183
f 3184 3185 3186
f 3187 3188 3189
f 3190 3191 3192
f 3193 3194 3195
f 3196 3197 3198
f 3199 3200 3201
f 3202 3203 3204
f 3205 3206 3207
f 3208 3209 3210
f 3211 3212 3213
f 3214 3215 3216
f 3217 3218 3219
f 3220 3221 3222
f 3223 3224 3225
f 3226 3227 3228
f 3229 3230 3231
f 3232 3233 3234
f 3235 3236 3237
f 3238 3239 3240
f 3241 3242 3243
f 3244 3245 3246
f 3247 3248 3249
f 3250 3251 3252
f 3253 3254 3255
f 3256 3257 3258
f 3259 3260 3261
f 3262 3263 3264
f 3265 3266 3267
f 3268 3269 3270
f 3271 3272 3273
f 3274 3275 3276
f 3277 3278 3279
f 3280 3281 3282
f 3283 3284 3285
f 3286 3287 3288
f 3289 3290 3291
f 3292 3293 3294
f 3295 3296 3297
f 3298 3299 3300
f 3301 3302 3303
f 3304 3305 3306
f 3307 3308 3309
f 3310 3311 3312
f 3313 3314 3315
f 3316 3317 3318
f 3319 3320 3321
f 3322 3323 3324
f 3325 3326 3327
f 3328 3329 3330
f 3331 3332 3333
f 3334 3335 3336
f 3337 3338 3339
f 3340 3341 3342
f 3343 3344 3345
f 3346 3347 3348
f 3349 3350 3351
f 3352 3353 3354
f 3355 3356 3357
f 3358 3359 3360
f 3361 3362 3363
f 3364 3365 3366
f 3367 3368 3369
f 3370 3371 3372
f 3373 3374 3375
f 3376 3377 3378
f 3379 3380 3381
f 3382 3383 3384
f 3385 3386 3387
f 3388 3389 3390
f 3391 3392 3393
f 3394 3395 3396
f 3397 3398 3399
f 3400 3401 3402
f 3403 3404 3405
f 3406 3407 3408
f 3409 3410 3411
f 3412 3413 3414
f 3415 3416 3417
f 3418 3419 3420
f 3421 3422 3423
f 3424 3425 3426
f 3427 3428 3429
f 3430 3431 3432
f 3433 3434 3435
f 3436 3437 3438
f 3439 3440 3441
f 3442 3443 3444
f 3445 3446 3447
f 3448 3449 3450
f 3451 3452 3453
f 3454 3455 3456
f 3457 3458 3459
f 3460 3461 3462
f 3463 3464 3465
f 3466 3467 3468
f 3469 3470 3471
f 3472 3473 3474
f 3475 3476 3477
f 3478 3479 3480
f 3481 3482 3483
f 3484 3485 3486
f 3487 3488 3489
f 3490 3491 3492
f 3493 3494 3495
f 3496 3497 3498
f 3499 3500 3501
f 3502 3503 3504
f 3505 3506 3507
f 3508 3509 3510
f 3511 3512 3513
f 3514 3515 3516
f 3517 3518 3519
f 3520 3521 3522
f 3523 3524 3525
f 3526 3527 3528
f 3529 3530 3531
f 3532 3533 3534
f 3535 3536 3537
f 3538 3539 3540
f 3541 3542 3543
f 3544 3545 3546
f 3547 3548 3549
f 3550 3551 3552
f 3553 3554 3555
f 3556 3557 3558
f 3559 3560 3561
f 3562 3563 3564
f 3565 3566 3567
f 3568 3569 3570
f 3571 3572 3573
f 3574 3575 3576
f 3577 3578 3579
f 3580 3581 3582
f 3583 3584 3585
f 3586 3587 3588
f 3589 3590 3591
f 3592 3593 3594
f 3595 3596 3597
f 3598 3599 3600
f 3601 3602 3603
f 3604 3605 3606
f 3607 3608 3609
f 3610 3611 3612
f 3613 3614 3615
f 3616 3617 3618
f 3619 3620 3621
f 3622 3623 3624
f 3625 3626 3627
f 3628 3629 3630
f 3631 3632 3633
f 3634 3635 3636
f 3637 3638 3639
f 3640 3641 3642
f 3643 3644 3645
f 3646 3647 3648
f 3649 3650 3651
f 3652 3653 3654
f 3655 3656 3657
f 3658 3659 3660
f 3661 3662 3663
f 3664 3665 3666
f 3667 3668 3669
f 3670 3671 3672
f 3673 3674 3675
f 3676 3677 3678
f 3679 3680 3681
f 3682 3683 3684
f 3685 3686 3687
f 3688 3689 3690
f 3691 3692 3693
f 3694 3695 3696
f 3697 3698 3699
f 3700 3701 3702
f 3703 3704 3705
f 3706 3707 3708
f 3709 3710 3711
f 3712 3713 3714
f 3715 3716 3717
f 3718 3719 3720
f 3721 3722 3723
f 3724 3725 3726
f 3727 3728 3729
f 3730 3731 3732
f 3733 3734 3735
f 3736 3737 3738
f 3739 3740 3741
f 3742 3743 3744
f 3745 3746 3747
f 3748 3749 3750
f 3751 3752 3753
f 3754 3755 3756
f 3757 3758 3759
f 3760 3761 3762
f 3763 3764 3765
f 3766 3767 3768
f 3769 3770 3771
f 3772 3773 3774
f 3775 3776 3777
f 3778 3779 3780
f 3781 3782 3783
f 3784 3785 3786
f 3787 3788 3789
f 3790 3791 3792
f 3793 3794 3795
f 3796 3797 3798
f 3799 3800 3801
f 3802 3803 3804
f 3805 3806 3807
f 3808 3809 3810
f 3811 3812 3813
f 3814 3815 3816
f 3817 3818 3819
f 3820 3821 3822
f 3823 3824 3825
f 3826 3827 3828
f 3829 3830 3831
f 3832 3833 3834
f 3835 3836 3837
f 3838 3839 3840
f 3841 3842 3843
f 3844 3845 3846
f 3847 3848 3849
f 3850 3851 3852
f 3853 3854 3855
f 3856 3857 3858
f 3859 3860 3861
f 3862 3863 3864
f 3865 3866 3867
f 3868 3869 3870
f 3871 3872 3873
f 3874 3875 3876
f 3877 3878 3879
f 3880 3881 3882
f 3883 3884 3885
f 3886 3887 3888
f 3889 3890 3891
f 3892 3893 3894
f 3895 3896 3897
f 3898 3899 3900
f 3901 3902 3903
f 3904 3905 3906
f 3907 3908 3909
f 3910 3911 3912
f 3913 3914 3915
f 3916 3917 3918
f 3919 3920 3921
f 3922 3923 3924
f 3925 3926 3927
f 3928 3929 3930
f 3931 3932 3933
f 3934 3935 3936
f 3937 3938 3939
f 3940 3941 3942
f 3943 3944 3945
f 3946 3947 3948
f 3949 3950 3951
f 3952 3953 3954
f 3955 3956 3957
f 3958 3959 3960
f 3961 3962 3963
f 3964 3965 3966
f 3967 3968 3969
f 3970 3971 3972
f 3973 3974 3975
f 3976 3977 3978
f 3979 3980 3981
f 3982 3983 3984
f 3985 3986 3987
f 3988 3989 3990
f 3991 3992 3993
f 3994 3995 3996
f 3997 3998 3999
f 4000 4001 4002
f 4003 4004 4005
f 4006 4007 4008
f 4009 4010 4011
f 4012 4013 4014
f 4015 4016 4017
f 4018 4019 4020
f 4021 4022 4023
f 4024 4025 4026
f 4027 4028 4029
f 4030 4031 4032
f 4033 4034 4035
f 4036 4037 4038
f 4039 4040 4041
f 4042 4043 4044
f 4045 4046 4047
f 4048 4049 4050
f 4051 4052 4053
f 4054 4055 4056
f 4057 4058 4059
f 4060 4061 4062
f 4063 4064 4065
f 4066 4067 4068
f 4069 4070 4071
f 4072 4073 4074
f 4075 4076 4077
f 4078 4079 4080
f 4081 4082 4083
f 4084 4085 4086
f 4087 4088 4089
f 4090 4091 4092
f 4093 4094 4095
f 4096 4097 4098
f 4099 4100 4101
f 4102 4103 4104
f 4105 4106 4107
f 4108 4109 4110
f 4111 4112 4113
f 4114 4115 4116
f 4117 4118 4119
f 4120 4121 4122
f 4123 4124 4125
f 4126 4127 4128
f 4129 4130 4131
f 4132 4133 4134
f 4135 4136 4137
f 4138 4139 4140
f 4141 4142 4143
f 4144 4145 4146
f 4147 4148 4149
f 4150 4151 4152
f 4153 4154 4155
f 4156 4157 4158
f 4159 4160 4161
f 4162 4163 4164
f 4165 4166 4167
f 4168 4169 4170
f 4171 4172 4173
f 4174 4175 4176
f 4177 4178 4179
f 4180 4181 4182
f 4183 4184 4185
f 4186 4187 4188
f 4189 4190 4191
f 4192 4193 4194
f 4195 4196 4197
f 4198 4199 4200
f 4201 4202 4203
f 4204 4205 4206
f 4207 4208 4209
f 4210 4211 4212
f 4213 4214 4215
f 4216 4217 4218
f 4219 4220 4221
f 4222 4223 4224
f 4225 4226 4227
f 4228 4229 4230
f 4231 4232 4233
f 4234 4235 4236
f 4237 4238 4239
f 4240 4241 4242
f 4243 4244 4245
f 4246 4247 4248
f 4249 4250 4251
f 4252 4253 4254
f 4255 4256 4257
f 4258 4259 4260
f 4261 4262 4263
f 4264 4265 4266
f 4267 4268 4269
f 4270 4271 4272
f 4273 4274 4275
f 4276 4277 4278
f 4279 4280 4281
f 4282 4283 4284
f 4285 4286 4287
f 4288 4289 4290
f 4291 4292 4293
f 4294 4295 4296
f 4297 4298 4299
f 4300 4301 4302
f 4303 4304 4305
f 4306 4307 4308
f 4309 4310 4311
f 4312 4313 4314
f 4315 4316 4317
f 4318 4319 4320
f 4321 4322 4323
f 4324 4325 4326
f 4327 4328 4329
f 4330 4331 4332
f 4333 4334 4335
f 4336 4337 4338
f 4339 4340 4341
f 4342 4343 4344
f 4345 4346 4347
f 4348 4349 4350
f 4351 4352 4353
f 4354 4355 4356
f 4357 4358 4359
f 4360 4361 4362
f 4363 4364 4365
f 4366 4367 4368
f 4369 4370 4371
f 4372 4373 4374
f 4375 4376 4377
f 4378 4379 4380
f 4381 4382 4383
f 4384 4385 4386
f 4387 4388 4389
f 4390 4391 4392
f 4393 4394 4395
f 4396 4397 4398
f 4399 4400 4401
f 4402 4403 4404
f 4405 4406 4407
f 4408 4409 4410
f 4411 4412 4413
f 4414 4415 4416
f 4417 4418 4419
f 4420 4421 4422
f 4423 4424 4425
f 4426 4427 4428
f 4429 4430 4431
f 4432 4433 4434
f 4435 4436 4437
f 4438 4439 4440
f 4441 4442 4443
f 4444 4445 4446
f 4447 4448 4449
f 4450 4451 4452
f 4453 4454 4455
f 4456 4457 4458
f 4459 4460 4461
f 4462 4463 4464
f 4465 4466 4467
f 4468 4469 4470
f 4471 4472 4473
f 4474 4475 4476
f 4477 4478 4479
f 4480 4481 4482
f 4483 4484 4485
f 4486 4487 4488
f 4489 4490 4491
f 4492 4493 4494
f 4495 4496 4497
f 4498 4499 4500
f 4501 4502 4503
f 4504 4505 4506
f 4507 4508 4509
f 4510 4511 4512
f 4513 4514 4515
f 4516 4517 4518
f 4519 4520 4521
f 4522 4523 4524
f 4525 4526 4527
f 4528 4529 4530
f 4531 4532 4533
f 4534 4535 4536
f 4537 4538 4539
f 4540 4541 4542
f 4543 4544 4545
f 4546 4547 4548
f 4549 4550 4551
f 4552 4553 4554
f 4555 4556 4557
f 4558 4559 4560
f 4561 4562 4563
f 4564 4565 4566
f 4567 4568 4569
f 4570 4571 4572
f 4573 4574 4575
f 4576 4577 4578
f 4579 4580 4581
f 4582 4583 4584
f 4585 4586 4587
f 4588 4589 4590
f 4591 4592 4593
f 4594 4595 4596
f 4597 4598 4599
f 4600 4601 4602
f 4603 4604 4605
f 4606 4607 4608
f 4609 4610 4611
f 4612 4613 4614
f 4615 4616 4617
f 4618 4619 4620
f 4621 4622 4623
f 4624 4625 4626
f 4627 4628 4629
f 4630 4631 4632
f 4633 4634 4635
f 4636 4637 4638
f 4639 4640 4641
f 4642 4643 4644
f 4645 4646 4647
f 4648 4649 4650
f 4651 4652 4653
f 4654 4655 4656
f 4657 4658 4659
f 4660 4661 4662
f 4663 4664 4665
f 4666 4667 4668
f 4669 4670 4671
f 4672 4673 4674
f 4675 4676 4677
f 4678 4679 4680
f 4681 4682 4683
f 4684 4685 4686
f 4687 4688 4689
f 4690 4691 4692
f 4693 4694 4695
f 4696 4697 4698
f 4699 4700 4701
f 4702 4703 4704
f 4705 4706 4707
f 4708 4709 4710
f 4711 4712 4713
f 4714 4715 4716
f 4717 4718 4719
f 4720 4721 4722
f 4723 4724 4725
f 4726 4727 4728
f 4729 4730 4731
f 4732 4733 4734
f 4735 4736 4737
f 4738 4739 4740
f 4741 4742 4743
f 4744 4745 4746
f 4747 4748 4749
f 4750 4751 4752
f 4753 4754 4755
f 4756 4757 4758
f 4759 4760 4761
f 4762 4763 4764
f 4765 4766 4767
f 4768 4769 4770
f 4771 4772 4773
f 4774 4775 4776
f 4777 4778 4779
f 4780 4781 4782
f 4783 4784 4785
f 4786 4787 4788
f 4789 4790 4791
f 4792 4793 4794
f 4795 4796 4797
f 4798 4799 4800
f 4801 4802 4803
f 4804 4805 4806
f 4807 4808 4809
f 4810 4811 4812
f 4813 4814 4815
f 4816 4817 4818
f 4819 4820 4821
f 4822 4823 4824
f 4825 4826 4827
f 4828 4829 4830
f 4831 4832 4833
f 4834 4835 4836
f 4837 4838 4839
f 4840 4841 4842
f 4843 4844 4845
f 4846 4847 4848
f 4849 4850 4851
f 4852 4853 4854
f 4855 4856 4857
f 4858 4859 4860
f 4861 4862 4863
f 4864 4865 4866
f 4867 4868 4869
f 4870 4871 4872
f 4873 4874 4875
f 4876 4877 4878
f 4879 4880 4881
f 4882 4883 4884
f 4885 4886 4887
f 4888 4889 4890
f 4891 4892 4893
f 4894 4895 4896
f 4897 4898 4899
f 4900 4901 4902
f 4903 4904 4905
f 4906 4907 4908
f 4909 4910 4911
f 4912 4913 4914
f 4915 4916 4917
f 4918 4919 4920
f 4921 4922 4923
f 4924 4925 4926
f 4927 4928 4929
f 4930 4931 4932
f 4933 4934 4935
f 4936 4937 4938
f 4939 4940 4941
f 4942 4943 4944
f 4945 4946 4947
f 4948 4949 4950
f 4951 4952 4953
f 4954 4955 4956
f 4957 4958 4959
f 4960 4961 4962
f 4963 4964 4965
f 4966 4967 4968
f 4969 4970 4971
f 4972 4973 4974
f 4975 4976 4977
f 4978 4979 4980
f 4981 4982 4983
f 4984 4985 4986
f 4987 4988 4989
f 4990 4991 4992
f 4993 4994 4995
f 4996 4997 4998
f 4999 5000 5001
f 5002 5003 5004
f 5005 5006 5007
f 5008 5009 5010
f 5011 5012 5013
f 5014 5015 5016
f 5017 5018 5019
f 5020 5021 5022
f 5023 5024 5025
f 5026 5027 5028
f 5029 5030 5031
f 5032 5033 5034
f 5035 5036 5037
f 5038 5039 5040
f 5041 5042 5043
f 5044 5045 5046
f 5047 5048 5049
f 5050 5051 5052
f 5053 5054 5055
f 5056 5057 5058
f 5059 5060 5061
f 5062 5063 5064
f 5065 5066 5067
f 5068 5069 5070
f 5071 5072 5073
f 5074 5075 5076
f 5077 5078 5079
f 5080 5081 5082
f 5083 5084 5085
f 5086 5087 5088
f 5089 5090 5091
f 5092 5093 5094
f 5095 5096 5097
f 5098 5099 5100
f 5101 5102 5103
f 5104 5105 5106
f 5107 5108 5109
f 5110 5111 5112
f 5113 5114 5115
f 5116 5117 5118
f 5119 5120 5121
f 5122 5123 5124
f 5125 5126 5127
f 5128 5129 5130
f 5131 5132 5133
f 5134 5135 5136
f 5137 5138 5139
f 5140 5141 5142
f 5143 5144 5145
f 5146 5147 5148
f 5149 5150 5151
f 5152 5153 5154
f 5155 5156 5157
f 5158 5159 5160
f 5161 5162 5163
f 5164 5165 5166
f 5167 5168 5169
f 5170 5171 5172
f 5173 5174 5175
f 5176 5177 5178
f 5179 5180 5181
f 5182 5183 5184
f 5185 5186 5187
f 5188 5189 5190
f 5191 5192 5193
f 5194 5195 5196
f 5197 5198 5199
f 5200 5201 5202
f 5203 5204 5205
f 5206 5207 5208
f 5209 5210 5211
f 5212 5213 5214
f 5215 5216 5217
f 5218 5219 5220
f 5221 5222 5223
f 5224 5225 5226
f 5227 5228 5229
f 5230 5231 5232
f 5233 5234 5235
f 5236 5237 5238
f 5239 5240 5241
f 5242 5243 5244
f 5245 5246 5247
f 5248 5249 5250
f 5251 5252 5253
f 5254 5255 5256
f 5257 5258 5259
f 5260 5261 5262
f 5263 5264 5265
