# PUBLIC SHELL OBJ - display only, not CAD source
# Precision intentionally degraded; multi-part structure removed
o shell
v 375.252 998.878 2.484
v 396.915 998.6 2.461
v 396.915 993.172 3.448
v 397.154 987.493 5.171
v 397.204 988.022 4.949
v 440.609 985.792 5.929
v 418.854 988.473 4.673
v 397.142 989.458 4.178
v 397.206 990.243 3.963
v 483.736 985.515 5.907
v 440.557 987.976 4.916
v 440.326 991.194 3.938
v 527.158 981.324 7.883
v 527.215 981.117 8.158
v 483.754 983.307 7.15
v 612.542 977.15 8.391
v 612.504 976.631 8.865
v 570.089 978.615 8.873
v 570.09 978.862 8.38
v 570.094 979.359 8.136
v 612.552 977.404 7.902
v 612.78 978.377 7.4
v 612.749 978.11 7.631
v 570.139 980.13 7.665
v 635.221 992.187 1.969
v 656.715 990.235 1.984
v 655.679 980.086 5.167
v 592.588 1011.953 19.506
v 614.497 1010.934 19.483
v 614.477 1010.674 18.733
v 636.692 1009.202 19.479
v 658.692 1007.259 19.501
v 658.442 1007.257 18.759
v 680.407 1004.797 19.504
v 702.096 1001.823 19.494
v 702.058 1001.797 18.736
v 396.955 1011.702 20.49
v 440.313 1012.154 20.46
v 440.362 1012.435 19.497
v 440.363 1001.334 37.26
v 440.37 997.886 36.77
v 527.191 996.395 37.009
v 680.341 1004.751 20.458
v 702.105 1001.829 20.486
v 702.096 1001.823 19.494
v 658.188 1004.539 34.297
v 701.861 999.118 34.302
v 702.085 1000.829 26.89
v 570.613 1004.539 38.985
v 570.608 1005.029 38.982
v 527.205 1005.286 38.743
v 570.583 1005.505 38.97
v 570.599 1006.01 38.978
v 527.199 1006.022 38.74
v 635.22 992.186 37.245
v 656.697 990.223 37.252
v 657.454 995.415 38.248
v 655.706 980.106 33.797
v 698.154 974.937 33.805
v 699.635 984.805 37.259
v 633.718 973.669 25.146
v 654.994 971.738 25.177
v 654.959 972.454 27.626
v 633.525 972.473 20.239
v 633.512 972.464 20.726
v 612.568 973.962 20.739
v 176.885 994.172 2.47
v 0.272 989.745 2.48
v 0.239 992.435 2.463
v 353.23 1004.752 2.451
v 0.221 995.877 2.454
v 353.239 1005.005 2.702
v 353.239 1005.005 2.702
v 0.221 995.877 2.454
v 0.277 996.655 2.729
v -0.02 998.1 3.937
v 353.039 1006.518 3.465
v -0.003 997.372 3.205
v -0.003 997.372 3.205
v 353.039 1006.518 3.465
v 353.004 1006.247 3.201
v -0.003 997.372 3.205
v 353.004 1006.247 3.201
v -0.022 997.112 2.949
v -0.022 997.112 2.949
v 353.004 1006.247 3.201
v 352.998 1005.749 2.951
v -0.022 997.112 2.949
v 352.998 1005.749 2.951
v 0.277 996.655 2.729
v 0.277 996.655 2.729
v 352.998 1005.749 2.951
v 353.251 1005.507 2.708
v 0.277 996.655 2.729
v 353.251 1005.507 2.708
v 353.239 1005.005 2.702
v -0.012 999.093 5.175
v 353.035 1007.502 4.944
v 0.031 998.63 4.456
v 0.031 998.63 4.456
v 353.035 1007.502 4.944
v 353.003 1007.48 4.434
v 0.031 998.63 4.456
v 353.003 1007.48 4.434
v 0.019 998.375 4.203
v 0.019 998.375 4.203
v 353.003 1007.48 4.434
v 353.021 1007.246 4.196
v 0.019 998.375 4.203
v 353.021 1007.246 4.196
v -0.02 998.1 3.937
v -0.02 998.1 3.937
v 353.021 1007.246 4.196
v 353.04 1006.765 3.959
v -0.02 998.1 3.937
v 353.04 1006.765 3.959
v 353.039 1006.518 3.465
v -0.001 1002.061 19.488
v 352.994 1010.68 19.478
v -0.019 1001.802 18.739
v -0.019 1001.802 18.739
v 352.994 1010.68 19.478
v 353.049 1010.719 18.765
v -0.019 1001.802 18.739
v 353.049 1010.719 18.765
v -0.005 1001.811 18.006
v -0.005 1001.811 18.006
v 353.049 1010.719 18.765
v 353.024 1010.455 18.013
v -0.005 1001.811 18.006
v 353.024 1010.455 18.013
v 0.009 1001.575 16.286
v 0.009 1001.575 16.286
v 353.024 1010.455 18.013
v 352.994 1010.187 16.271
v 0.009 1001.575 16.286
v 352.994 1010.187 16.271
v 0.018 1000.841 13.084
v 0.018 1000.841 13.084
v 352.994 1010.187 16.271
v 353.001 1009.699 13.067
v 0.018 1000.841 13.084
v 353.001 1009.699 13.067
v -0.012 999.339 6.901
v -0.012 999.339 6.901
v 353.001 1009.699 13.067
v 353.029 1008.238 6.914
v -0.012 999.339 6.901
v 353.029 1008.238 6.914
v 0.028 999.368 6.181
v 0.028 999.368 6.181
v 353.029 1008.238 6.914
v 353.004 1007.974 6.161
v 0.028 999.368 6.181
v 353.004 1007.974 6.161
v -0.012 999.093 5.175
v -0.012 999.093 5.175
v 353.004 1007.974 6.161
v 353.032 1007.747 5.435
v -0.012 999.093 5.175
v 353.032 1007.747 5.435
v 353.035 1007.502 4.944
v 0.254 995.159 2.224
v 353.25 1004.026 2.214
v 0.218 994.394 2.206
v 0.218 994.394 2.206
v 353.25 1004.026 2.214
v 353.254 1003.289 2.216
v 0.218 994.394 2.206
v 353.254 1003.289 2.216
v 0.22 993.655 2.207
v 0.22 993.655 2.207
v 353.254 1003.289 2.216
v 353.266 1002.557 2.222
v 0.22 993.655 2.207
v 353.266 1002.557 2.222
v 0.239 992.435 2.463
v 0.239 992.435 2.463
v 353.266 1002.557 2.222
v 353.241 1001.06 2.456
v 0.239 992.435 2.463
v 353.241 1001.06 2.456
v 176.885 994.172 2.47
v 176.885 994.172 2.47
v 353.241 1001.06 2.456
v 353.27 998.613 2.471
v 353.774 984.806 22.951
v 177.098 980.334 22.929
v 353.761 984.55 21.218
v 353.761 984.55 21.218
v 177.098 980.334 22.929
v 177.154 980.127 21.23
v 353.761 984.55 21.218
v 177.154 980.127 21.23
v 353.771 984.311 20.236
v 353.771 984.311 20.236
v 177.154 980.127 21.23
v 177.117 979.854 20.225
v 353.771 984.311 20.236
v 177.117 979.854 20.225
v 353.776 984.314 19.499
v 353.776 984.314 19.499
v 177.117 979.854 20.225
v 177.123 979.858 19.488
v 353.776 984.314 19.499
v 177.123 979.858 19.488
v 353.73 984.282 18.736
v 353.73 984.282 18.736
v 177.123 979.858 19.488
v 177.127 979.861 18.75
v 353.73 984.282 18.736
v 177.127 979.861 18.75
v 353.731 984.529 17.996
v 353.731 984.529 17.996
v 177.127 979.861 18.75
v 177.158 980.129 18.025
v 353.731 984.529 17.996
v 177.158 980.129 18.025
v 353.76 984.796 16.037
v 353.76 984.796 16.037
v 177.158 980.129 18.025
v 177.094 980.331 16.02
v 353.76 984.796 16.037
v 177.094 980.331 16.02
v 353.723 985.511 12.318
v 353.723 985.511 12.318
v 177.094 980.331 16.02
v 177.118 981.088 12.331
v 353.723 985.511 12.318
v 177.118 981.088 12.331
v 353.733 986.504 8.623
v 353.733 986.504 8.623
v 177.118 981.088 12.331
v 177.13 982.083 8.637
v 353.733 986.504 8.623
v 177.13 982.083 8.637
v 353.73 986.995 6.894
v 353.73 986.995 6.894
v 177.13 982.083 8.637
v 177.113 982.565 6.902
v 353.73 986.995 6.894
v 177.113 982.565 6.902
v 353.741 987.003 6.406
v 353.741 987.003 6.406
v 177.113 982.565 6.902
v 177.11 982.563 6.407
v 353.741 987.003 6.406
v 177.11 982.563 6.407
v 353.738 987.248 5.912
v 353.738 987.248 5.912
v 177.11 982.563 6.407
v 177.119 982.815 5.918
v 353.738 987.248 5.912
v 177.119 982.815 5.918
v 353.746 987.5 5.669
v 353.746 987.5 5.669
v 177.119 982.815 5.918
v 177.136 983.075 5.68
v 353.746 987.5 5.669
v 177.136 983.075 5.68
v 353.541 988.023 5.197
v 353.541 988.023 5.197
v 177.136 983.075 5.68
v 177.095 983.539 5.166
v 353.541 988.023 5.197
v 177.095 983.539 5.166
v 353.527 988.259 4.943
v 353.527 988.259 4.943
v 177.095 983.539 5.166
v 177.106 983.793 4.924
v 353.527 988.259 4.943
v 177.106 983.793 4.924
v 353.51 988.741 4.441
v 353.51 988.741 4.441
v 177.106 983.793 4.924
v 177.157 984.323 4.457
v 353.51 988.741 4.441
v 177.157 984.323 4.457
v 353.505 988.984 4.192
v 353.505 988.984 4.192
v 177.157 984.323 4.457
v 177.116 984.541 4.19
v 353.505 988.984 4.192
v 177.116 984.541 4.19
v 353.538 989.5 3.961
v 353.538 989.5 3.961
v 177.116 984.541 4.19
v 177.135 985.047 3.952
v 353.538 989.5 3.961
v 177.135 985.047 3.952
v 353.478 990.198 3.685
v 353.478 990.198 3.685
v 177.135 985.047 3.952
v 177.128 985.782 3.702
v 353.478 990.198 3.685
v 177.128 985.782 3.702
v 353.496 990.951 3.447
v 353.496 990.951 3.447
v 177.128 985.782 3.702
v 176.847 986.498 3.438
v 353.496 990.951 3.447
v 176.847 986.498 3.438
v 353.516 993.679 3.21
v 353.516 993.679 3.21
v 176.847 986.498 3.438
v 176.879 989.235 3.208
v 353.505 990.217 35.521
v 177.122 985.778 35.275
v 353.523 989.49 35.037
v 353.523 989.49 35.037
v 177.122 985.778 35.275
v 177.124 985.039 35.03
v 353.523 989.49 35.037
v 177.124 985.039 35.03
v 353.497 988.978 34.778
v 353.497 988.978 34.778
v 177.124 985.039 35.03
v 177.1 984.529 34.771
v 353.497 988.978 34.778
v 177.1 984.529 34.771
v 353.498 988.732 34.531
v 353.498 988.732 34.531
v 177.1 984.529 34.771
v 177.148 984.316 34.548
v 353.498 988.732 34.531
v 177.148 984.316 34.548
v 353.542 988.27 34.307
v 353.542 988.27 34.307
v 177.148 984.316 34.548
v 177.148 983.823 34.302
v 353.542 988.27 34.307
v 177.148 983.823 34.302
v 353.505 987.997 34.041
v 353.505 987.997 34.041
v 177.148 983.823 34.302
v 177.109 983.549 33.789
v 353.505 987.997 34.041
v 177.109 983.549 33.789
v 353.728 987.487 33.536
v 353.728 987.487 33.536
v 177.109 983.549 33.789
v 177.115 983.06 33.545
v 353.728 987.487 33.536
v 177.115 983.06 33.545
v 353.781 987.277 33.069
v 353.781 987.277 33.069
v 177.115 983.06 33.545
v 177.158 982.843 33.073
v 353.781 987.277 33.069
v 177.158 982.843 33.073
v 353.746 987.006 32.558
v 353.746 987.006 32.558
v 177.158 982.843 33.073
v 177.113 982.565 32.557
v 353.746 987.006 32.558
v 177.113 982.565 32.557
v 353.763 987.018 32.32
v 353.763 987.018 32.32
v 177.113 982.565 32.557
v 177.124 982.573 32.07
v 353.763 987.018 32.32
v 177.124 982.573 32.07
v 353.739 986.508 30.335
v 353.739 986.508 30.335
v 177.124 982.573 32.07
v 177.158 982.103 30.36
v 176.867 986.512 35.518
v 353.511 990.962 35.524
v 176.881 989.236 36.018
v 176.881 989.236 36.018
v 353.511 990.962 35.524
v 353.48 993.653 36.002
v 176.881 989.236 36.018
v 353.48 993.653 36.002
v 176.896 994.18 36.519
v 176.896 994.18 36.519
v 353.48 993.653 36.002
v 353.257 998.604 36.507
v 176.896 994.18 36.519
v 353.257 998.604 36.507
v 353.23 1001.052 36.741
v 0.269 995.91 36.522
v 353.296 1005.046 36.527
v 0.223 996.617 36.252
v 0.223 996.617 36.252
v 353.296 1005.046 36.527
v 353.252 1005.508 36.259
v 0.223 996.617 36.252
v 353.252 1005.508 36.259
v -0.023 997.112 36.006
v -0.023 997.112 36.006
v 353.252 1005.508 36.259
v 353.003 1005.753 36.01
v -0.023 997.112 36.006
v 353.003 1005.753 36.01
v 0.027 997.393 35.784
v 353.003 1005.753 36.01
v 353.034 1006.268 35.779
v 0.027 997.393 35.784
v 0.027 997.393 35.784
v 353.034 1006.268 35.779
v 353.022 1006.506 35.527
v 0.027 997.393 35.784
v 353.022 1006.506 35.527
v 0.031 998.136 35.292
v 0.031 998.136 35.292
v 353.022 1006.506 35.527
v 352.996 1006.735 35.267
v 0.031 998.136 35.292
v 352.996 1006.735 35.267
v 0.025 998.379 35.043
v 0.025 998.379 35.043
v 352.996 1006.735 35.267
v 353.011 1007.239 35.028
v 0.025 998.379 35.043
v 353.011 1007.239 35.028
v -0.005 998.604 34.534
v 0.022 1000.844 25.914
v 353.014 1009.708 25.902
v 0.027 1001.587 22.709
v 0.027 1001.587 22.709
v 353.014 1009.708 25.902
v 353.039 1010.218 22.707
v 0.027 1001.587 22.709
v 353.039 1010.218 22.707
v 0.017 1001.827 21.224
v 0.017 1001.827 21.224
v 353.039 1010.218 22.707
v 353.026 1010.457 21.221
v 353.029 1008.238 32.323
v 0.017 999.36 32.325
v 352.986 1007.961 33.042
v 352.986 1007.961 33.042
v 0.017 999.36 32.325
v -0.013 999.339 33.05
v 352.986 1007.961 33.042
v -0.013 999.339 33.05
v 353.037 1007.75 33.807
v 353.037 1007.75 33.807
v -0.013 999.339 33.05
v 0.024 999.118 33.809
v 353.037 1007.75 33.807
v 0.024 999.118 33.809
v 353.005 1007.481 34.285
v 353.005 1007.481 34.285
v 0.024 999.118 33.809
v -0.005 998.604 34.534
v 353.005 1007.481 34.285
v -0.005 998.604 34.534
v 353.004 1007.481 34.531
v 353.004 1007.481 34.531
v -0.005 998.604 34.534
v 353.011 1007.239 35.028
v 654.994 971.738 25.177
v 633.718 973.669 25.146
v 633.749 972.951 22.695
v 633.749 972.951 22.695
v 633.718 973.669 25.146
v 612.515 974.171 22.685
v 633.749 972.951 22.695
v 612.515 974.171 22.685
v 633.741 972.698 21.21
v 633.741 972.698 21.21
v 612.515 974.171 22.685
v 612.533 973.937 21.214
v 633.741 972.698 21.21
v 612.533 973.937 21.214
v 633.512 972.464 20.726
v 633.512 972.464 20.726
v 612.533 973.937 21.214
v 612.568 973.962 20.739
v 612.568 973.962 20.739
v 612.533 973.937 21.214
v 570.085 975.652 20.712
v 612.568 973.962 20.739
v 570.085 975.652 20.712
v 570.128 975.682 20.241
v 570.128 975.682 20.241
v 570.085 975.652 20.712
v 526.964 977.661 20.244
v 570.128 975.682 20.241
v 526.964 977.661 20.244
v 526.962 977.659 19.503
v 612.515 974.171 22.685
v 526.961 978.152 22.709
v 612.533 973.937 21.214
v 612.533 973.937 21.214
v 526.961 978.152 22.709
v 526.959 977.904 21.228
v 612.533 973.937 21.214
v 526.959 977.904 21.228
v 570.085 975.652 20.712
v 570.085 975.652 20.712
v 526.959 977.904 21.228
v 526.94 977.644 20.479
v 570.085 975.652 20.712
v 526.94 977.644 20.479
v 526.964 977.661 20.244
v 697.61 970.461 32.053
v 655.179 975.642 32.053
v 697.372 969.974 31.811
v 697.372 969.974 31.811
v 655.179 975.642 32.053
v 655.227 975.182 31.83
v 697.372 969.974 31.811
v 655.227 975.182 31.83
v 697.39 969.493 31.573
v 697.39 969.493 31.573
v 655.227 975.182 31.83
v 655.239 974.944 31.59
v 697.39 969.493 31.573
v 655.239 974.944 31.59
v 697.403 969.009 31.086
v 697.403 969.009 31.086
v 655.239 974.944 31.59
v 655.223 974.192 31.088
v 697.403 969.009 31.086
v 655.223 974.192 31.088
v 697.122 968.492 30.576
v 697.122 968.492 30.576
v 655.223 974.192 31.088
v 655.199 973.682 30.583
v 697.122 968.492 30.576
v 655.199 973.682 30.583
v 697.131 968.004 30.087
v 697.131 968.004 30.087
v 655.199 973.682 30.583
v 654.963 973.443 30.095
v 697.131 968.004 30.087
v 654.963 973.443 30.095
v 697.124 967.753 29.59
v 697.124 967.753 29.59
v 654.963 973.443 30.095
v 654.939 973.18 29.59
v 697.124 967.753 29.59
v 654.939 973.18 29.59
v 697.164 967.534 29.116
v 697.164 967.534 29.116
v 654.939 973.18 29.59
v 654.989 972.968 29.121
v 697.164 967.534 29.116
v 654.989 972.968 29.121
v 697.158 967.283 27.633
v 697.158 967.283 27.633
v 654.989 972.968 29.121
v 654.959 972.454 27.626
v 697.158 967.283 27.633
v 654.959 972.454 27.626
v 696.88 966.521 25.15
v 696.88 966.521 25.15
v 654.959 972.454 27.626
v 654.994 971.738 25.177
v 696.88 966.521 25.15
v 654.994 971.738 25.177
v 696.875 965.777 22.681
v 526.905 978.853 25.395
v 526.961 978.152 22.709
v 570.072 976.876 25.146
v 570.072 976.876 25.146
v 526.961 978.152 22.709
v 612.515 974.171 22.685
v 570.072 976.876 25.146
v 612.515 974.171 22.685
v 612.562 974.944 25.176
v 612.562 974.944 25.176
v 612.515 974.171 22.685
v 633.718 973.669 25.146
v 612.562 974.944 25.176
v 633.718 973.669 25.146
v 633.739 974.424 27.624
v 633.739 974.424 27.624
v 633.718 973.669 25.146
v 654.959 972.454 27.626
v 633.739 974.424 27.624
v 654.959 972.454 27.626
v 633.751 974.679 29.11
v 633.751 974.679 29.11
v 654.959 972.454 27.626
v 654.989 972.968 29.121
v 633.751 974.679 29.11
v 654.989 972.968 29.121
v 633.768 974.938 29.612
v 633.768 974.938 29.612
v 654.989 972.968 29.121
v 654.939 973.18 29.59
v 633.768 974.938 29.612
v 654.939 973.18 29.59
v 633.759 975.425 30.101
v 633.759 975.425 30.101
v 654.939 973.18 29.59
v 654.963 973.443 30.095
v 633.759 975.425 30.101
v 654.963 973.443 30.095
v 633.969 975.646 30.576
v 633.969 975.646 30.576
v 654.963 973.443 30.095
v 655.199 973.682 30.583
v 633.969 975.646 30.576
v 655.199 973.682 30.583
v 634.026 976.179 31.097
v 634.026 976.179 31.097
v 655.199 973.682 30.583
v 655.223 974.192 31.088
v 634.026 976.179 31.097
v 655.223 974.192 31.088
v 633.998 976.653 31.577
v 633.998 976.653 31.577
v 655.223 974.192 31.088
v 655.239 974.944 31.59
v 633.998 976.653 31.577
v 655.239 974.944 31.59
v 634.026 977.166 31.837
v 634.026 977.166 31.837
v 655.239 974.944 31.59
v 655.227 975.182 31.83
v 634.026 977.166 31.837
v 655.227 975.182 31.83
v 633.967 977.618 32.055
v 633.967 977.618 32.055
v 655.227 975.182 31.83
v 655.179 975.642 32.053
v 633.967 977.618 32.055
v 655.179 975.642 32.053
v 655.706 980.106 33.797
v 655.706 980.106 33.797
v 655.179 975.642 32.053
v 697.61 970.461 32.053
v 655.706 980.106 33.797
v 697.61 970.461 32.053
v 698.154 974.937 33.805
v 570.091 979.357 31.076
v 570.11 980.11 31.579
v 527.18 981.833 31.576
v 570.106 978.874 30.591
v 570.091 979.357 31.076
v 527.17 981.332 31.325
v 527.17 981.332 31.325
v 570.091 979.357 31.076
v 527.19 981.593 31.581
v 527.17 981.332 31.325
v 527.19 981.593 31.581
v 483.758 984.05 32.561
v 656.697 990.223 37.252
v 635.22 992.186 37.245
v 634.519 982.099 33.811
v 634.519 982.099 33.811
v 635.22 992.186 37.245
v 613.008 983.545 33.786
v 634.519 982.099 33.811
v 613.008 983.545 33.786
v 612.788 978.877 32.073
v 440.594 983.808 29.358
v 526.914 979.599 27.866
v 440.625 984.323 31.1
v 440.625 984.323 31.1
v 526.914 979.599 27.866
v 526.954 980.121 29.367
v 440.625 984.323 31.1
v 526.954 980.121 29.367
v 440.581 984.539 31.324
v 440.581 984.539 31.324
v 526.954 980.121 29.367
v 526.967 980.129 29.62
v 440.581 984.539 31.324
v 526.967 980.129 29.62
v 440.595 984.549 31.825
v 440.595 984.549 31.825
v 526.967 980.129 29.62
v 527.205 980.37 29.862
v 440.595 984.549 31.825
v 527.205 980.37 29.862
v 440.616 984.81 32.082
v 375.452 984.537 19.482
v 397.172 983.558 19.981
v 375.438 984.528 20.215
v 375.438 984.528 20.215
v 397.172 983.558 19.981
v 397.149 983.542 20.216
v 375.438 984.528 20.215
v 397.149 983.542 20.216
v 375.49 984.811 21.228
v 375.49 984.811 21.228
v 397.149 983.542 20.216
v 397.208 983.83 21.233
v 375.49 984.811 21.228
v 397.208 983.83 21.233
v 375.485 985.054 22.952
v 375.485 985.054 22.952
v 397.208 983.83 21.233
v 397.204 984.074 22.958
v 375.485 985.054 22.952
v 397.204 984.074 22.958
v 397.203 984.814 26.657
v 527.168 980.591 30.584
v 570.069 978.601 30.079
v 527.149 980.824 30.821
v 527.149 980.824 30.821
v 570.069 978.601 30.079
v 570.106 978.874 30.591
v 527.149 980.824 30.821
v 570.106 978.874 30.591
v 527.147 981.069 31.066
v 527.147 981.069 31.066
v 570.106 978.874 30.591
v 527.17 981.332 31.325
v 527.147 981.069 31.066
v 527.17 981.332 31.325
v 483.765 983.562 32.318
v 483.765 983.562 32.318
v 527.17 981.332 31.325
v 483.758 984.05 32.561
v 483.765 983.562 32.318
v 483.758 984.05 32.561
v 440.578 986.51 33.543
v 526.914 979.599 27.866
v 570.139 977.663 27.647
v 526.954 980.121 29.367
v 526.954 980.121 29.367
v 570.139 977.663 27.647
v 570.108 978.135 29.111
v 526.954 980.121 29.367
v 570.108 978.135 29.111
v 526.967 980.129 29.62
v 526.967 980.129 29.62
v 570.108 978.135 29.111
v 570.069 978.355 29.585
v 526.967 980.129 29.62
v 570.069 978.355 29.585
v 527.205 980.37 29.862
v 527.205 980.37 29.862
v 570.069 978.355 29.585
v 527.2 980.613 30.353
v 527.205 980.37 29.862
v 527.2 980.613 30.353
v 440.616 984.81 32.082
v 440.616 984.81 32.082
v 527.2 980.613 30.353
v 483.776 982.829 31.337
v 440.616 984.81 32.082
v 483.776 982.829 31.337
v 440.598 985.044 32.566
v 440.598 985.044 32.566
v 483.776 982.829 31.337
v 483.728 983.042 31.806
v 440.598 985.044 32.566
v 483.728 983.042 31.806
v 440.61 985.547 32.82
v 440.61 985.547 32.82
v 483.728 983.042 31.806
v 483.771 983.319 32.074
v 440.61 985.547 32.82
v 483.771 983.319 32.074
v 440.59 985.779 33.056
v 440.59 985.779 33.056
v 483.771 983.319 32.074
v 440.572 986.013 33.294
v 483.797 984.571 32.828
v 527.185 982.083 31.825
v 483.768 985.044 33.059
v 483.768 985.044 33.059
v 527.185 982.083 31.825
v 527.149 982.551 32.054
v 483.768 985.044 33.059
v 527.149 982.551 32.054
v 483.755 985.528 33.3
v 483.755 985.528 33.3
v 527.149 982.551 32.054
v 527.165 983.056 32.309
v 483.755 985.528 33.3
v 527.165 983.056 32.309
v 527.196 987.025 34.052
v 570.069 978.355 29.585
v 570.069 978.601 30.079
v 527.2 980.613 30.353
v 527.2 980.613 30.353
v 570.069 978.601 30.079
v 527.168 980.591 30.584
v 527.2 980.613 30.353
v 527.168 980.591 30.584
v 483.776 982.829 31.337
v 483.776 982.829 31.337
v 527.168 980.591 30.584
v 527.149 980.824 30.821
v 483.776 982.829 31.337
v 527.149 980.824 30.821
v 483.728 983.042 31.806
v 483.728 983.042 31.806
v 527.149 980.824 30.821
v 527.147 981.069 31.066
v 483.728 983.042 31.806
v 527.147 981.069 31.066
v 483.771 983.319 32.074
v 483.771 983.319 32.074
v 527.147 981.069 31.066
v 483.765 983.562 32.318
v 483.771 983.319 32.074
v 483.765 983.562 32.318
v 440.572 986.013 33.294
v 440.572 986.013 33.294
v 483.765 983.562 32.318
v 440.578 986.51 33.543
v 440.578 986.51 33.543
v 397.151 988.724 34.525
v 440.572 986.013 33.294
v 440.572 986.013 33.294
v 397.151 988.724 34.525
v 397.161 988.238 34.284
v 440.572 986.013 33.294
v 397.161 988.238 34.284
v 440.59 985.779 33.056
v 440.59 985.779 33.056
v 397.161 988.238 34.284
v 397.162 987.992 34.038
v 440.59 985.779 33.056
v 397.162 987.992 34.038
v 440.61 985.547 32.82
v 440.61 985.547 32.82
v 397.162 987.992 34.038
v 397.143 987.485 33.781
v 440.61 985.547 32.82
v 397.143 987.485 33.781
v 440.598 985.044 32.566
v 440.598 985.044 32.566
v 397.143 987.485 33.781
v 397.147 987.241 33.537
v 440.598 985.044 32.566
v 397.147 987.241 33.537
v 440.616 984.81 32.082
v 440.616 984.81 32.082
v 397.147 987.241 33.537
v 397.184 987.02 33.062
v 440.616 984.81 32.082
v 397.184 987.02 33.062
v 440.595 984.549 31.825
v 440.595 984.549 31.825
v 397.184 987.02 33.062
v 397.149 986.749 32.798
v 440.595 984.549 31.825
v 397.149 986.749 32.798
v 440.581 984.539 31.324
v 440.581 984.539 31.324
v 397.149 986.749 32.798
v 397.157 986.509 32.308
v 440.581 984.539 31.324
v 397.157 986.509 32.308
v 440.625 984.323 31.1
v 440.625 984.323 31.1
v 397.157 986.509 32.308
v 397.17 986.271 31.821
v 440.625 984.323 31.1
v 397.17 986.271 31.821
v 440.594 983.808 29.358
v 440.594 983.808 29.358
v 397.17 986.271 31.821
v 397.153 985.765 30.086
v 375.442 990.451 35.266
v 375.495 989.748 35.045
v 397.201 989.006 34.797
v 570.091 979.357 31.076
v 527.18 981.833 31.576
v 527.19 981.593 31.581
v 527.19 981.593 31.581
v 527.18 981.833 31.576
v 483.742 984.286 32.553
v 527.19 981.593 31.581
v 483.742 984.286 32.553
v 483.758 984.05 32.561
v 483.758 984.05 32.561
v 483.742 984.286 32.553
v 440.6 986.773 33.801
v 483.758 984.05 32.561
v 440.6 986.773 33.801
v 440.578 986.51 33.543
v 440.578 986.51 33.543
v 440.6 986.773 33.801
v 397.201 989.006 34.797
v 440.578 986.51 33.543
v 397.201 989.006 34.797
v 397.151 988.724 34.525
v 397.151 988.724 34.525
v 397.201 989.006 34.797
v 375.495 989.748 35.045
v 397.151 988.724 34.525
v 375.495 989.748 35.045
v 397.161 988.238 34.284
v 397.161 988.238 34.284
v 375.495 989.748 35.045
v 375.487 989.249 34.795
v 397.161 988.238 34.284
v 375.487 989.249 34.795
v 397.162 987.992 34.038
v 397.162 987.992 34.038
v 375.487 989.249 34.795
v 375.432 988.717 34.521
v 397.162 987.992 34.038
v 375.432 988.717 34.521
v 397.143 987.485 33.781
v 397.143 987.485 33.781
v 375.432 988.717 34.521
v 375.475 988.501 34.049
v 397.143 987.485 33.781
v 375.475 988.501 34.049
v 397.147 987.241 33.537
v 397.147 987.241 33.537
v 375.475 988.501 34.049
v 375.453 987.992 33.791
v 397.147 987.241 33.537
v 375.453 987.992 33.791
v 397.184 987.02 33.062
v 397.184 987.02 33.062
v 375.453 987.992 33.791
v 375.43 987.729 33.286
v 397.184 987.02 33.062
v 375.43 987.729 33.286
v 397.149 986.749 32.798
v 397.149 986.749 32.798
v 375.43 987.729 33.286
v 375.433 987.485 33.041
v 397.149 986.749 32.798
v 375.433 987.485 33.041
v 397.157 986.509 32.308
v 397.157 986.509 32.308
v 375.433 987.485 33.041
v 375.46 987.257 32.561
v 397.157 986.509 32.308
v 375.46 987.257 32.561
v 397.17 986.271 31.821
v 397.17 986.271 31.821
v 375.46 987.257 32.561
v 375.442 986.998 32.059
v 397.17 986.271 31.821
v 375.442 986.998 32.059
v 397.153 985.765 30.086
v 397.153 985.765 30.086
v 375.442 986.998 32.059
v 375.459 986.516 30.34
v 397.153 985.765 30.086
v 375.459 986.516 30.34
v 375.465 985.78 26.643
v 375.465 985.78 26.643
v 375.459 986.516 30.34
v 353.79 985.557 26.66
v 375.465 985.78 26.643
v 353.79 985.557 26.66
v 353.774 984.806 22.951
v 353.774 984.806 22.951
v 353.79 985.557 26.66
v 177.102 981.077 26.631
v 353.774 984.806 22.951
v 177.102 981.077 26.631
v 177.098 980.334 22.929
v 375.442 990.451 35.266
v 353.511 990.962 35.524
v 353.505 990.217 35.521
v 353.505 990.217 35.521
v 353.511 990.962 35.524
v 176.867 986.512 35.518
v 353.505 990.217 35.521
v 176.867 986.512 35.518
v 177.122 985.778 35.275
v 396.929 993.182 35.771
v 397.152 990.205 35.02
v 418.895 989.243 34.79
v 440.612 987.521 34.054
v 440.612 988.014 34.3
v 418.895 989.243 34.79
v 418.895 989.243 34.79
v 440.612 988.014 34.3
v 440.316 991.187 35.262
v 418.895 989.243 34.79
v 440.316 991.187 35.262
v 396.929 993.182 35.771
v 396.929 993.182 35.771
v 440.316 991.187 35.262
v 440.37 997.886 36.77
v 396.929 993.182 35.771
v 440.37 997.886 36.77
v 396.899 998.589 36.497
v 527.191 996.395 37.009
v 440.37 997.886 36.77
v 527.196 987.025 34.052
v 527.196 987.025 34.052
v 440.37 997.886 36.77
v 440.316 991.187 35.262
v 527.196 987.025 34.052
v 440.316 991.187 35.262
v 483.755 985.528 33.3
v 483.755 985.528 33.3
v 440.316 991.187 35.262
v 440.612 988.014 34.3
v 483.755 985.528 33.3
v 440.612 988.014 34.3
v 483.768 985.044 33.059
v 483.768 985.044 33.059
v 440.612 988.014 34.3
v 440.612 987.521 34.054
v 483.768 985.044 33.059
v 440.612 987.521 34.054
v 483.797 984.571 32.828
v 375.442 990.451 35.266
v 353.505 990.217 35.521
v 375.495 989.748 35.045
v 375.495 989.748 35.045
v 353.505 990.217 35.521
v 353.523 989.49 35.037
v 375.495 989.748 35.045
v 353.523 989.49 35.037
v 375.487 989.249 34.795
v 375.487 989.249 34.795
v 353.523 989.49 35.037
v 353.497 988.978 34.778
v 375.487 989.249 34.795
v 353.497 988.978 34.778
v 375.432 988.717 34.521
v 375.432 988.717 34.521
v 353.497 988.978 34.778
v 353.498 988.732 34.531
v 375.432 988.717 34.521
v 353.498 988.732 34.531
v 375.475 988.501 34.049
v 375.475 988.501 34.049
v 353.498 988.732 34.531
v 353.542 988.27 34.307
v 375.475 988.501 34.049
v 353.542 988.27 34.307
v 375.453 987.992 33.791
v 375.453 987.992 33.791
v 353.542 988.27 34.307
v 353.505 987.997 34.041
v 375.453 987.992 33.791
v 353.505 987.997 34.041
v 375.43 987.729 33.286
v 375.43 987.729 33.286
v 353.505 987.997 34.041
v 353.728 987.487 33.536
v 375.43 987.729 33.286
v 353.728 987.487 33.536
v 375.433 987.485 33.041
v 375.433 987.485 33.041
v 353.728 987.487 33.536
v 353.781 987.277 33.069
v 375.433 987.485 33.041
v 353.781 987.277 33.069
v 375.46 987.257 32.561
v 375.46 987.257 32.561
v 353.781 987.277 33.069
v 353.746 987.006 32.558
v 375.46 987.257 32.561
v 353.746 987.006 32.558
v 375.442 986.998 32.059
v 375.442 986.998 32.059
v 353.746 987.006 32.558
v 353.763 987.018 32.32
v 375.442 986.998 32.059
v 353.763 987.018 32.32
v 375.459 986.516 30.34
v 375.459 986.516 30.34
v 353.763 987.018 32.32
v 353.739 986.508 30.335
v 375.459 986.516 30.34
v 353.739 986.508 30.335
v 353.79 985.557 26.66
v 353.79 985.557 26.66
v 353.739 986.508 30.335
v 177.158 982.103 30.36
v 353.79 985.557 26.66
v 177.158 982.103 30.36
v 177.102 981.077 26.631
v 570.139 977.663 27.647
v 612.544 975.672 27.634
v 570.108 978.135 29.111
v 570.108 978.135 29.111
v 612.544 975.672 27.634
v 612.514 976.144 29.099
v 570.108 978.135 29.111
v 612.514 976.144 29.099
v 570.069 978.355 29.585
v 570.069 978.355 29.585
v 612.514 976.144 29.099
v 612.551 976.416 29.611
v 570.069 978.355 29.585
v 612.551 976.416 29.611
v 570.069 978.601 30.079
v 570.069 978.601 30.079
v 612.551 976.416 29.611
v 612.507 976.632 30.082
v 570.069 978.601 30.079
v 612.507 976.632 30.082
v 570.106 978.874 30.591
v 570.106 978.874 30.591
v 612.507 976.632 30.082
v 612.558 977.161 30.601
v 570.106 978.874 30.591
v 612.558 977.161 30.601
v 570.091 979.357 31.076
v 570.091 979.357 31.076
v 612.558 977.161 30.601
v 612.545 977.399 31.088
v 570.091 979.357 31.076
v 612.545 977.399 31.088
v 570.11 980.11 31.579
v 570.11 980.11 31.579
v 612.545 977.399 31.088
v 612.749 978.109 31.56
v 570.11 980.11 31.579
v 612.749 978.109 31.56
v 570.073 980.331 31.807
v 570.073 980.331 31.807
v 612.749 978.109 31.56
v 612.758 978.362 31.811
v 570.073 980.331 31.807
v 612.758 978.362 31.811
v 570.12 980.857 32.078
v 570.12 980.857 32.078
v 612.758 978.362 31.811
v 612.788 978.877 32.073
v 570.12 980.857 32.078
v 612.788 978.877 32.073
v 570.125 985.301 33.807
v 570.125 985.301 33.807
v 612.788 978.877 32.073
v 613.008 983.545 33.786
v 570.125 985.301 33.807
v 613.008 983.545 33.786
v 613.529 993.679 37.254
v 613.529 993.679 37.254
v 613.008 983.545 33.786
v 635.22 992.186 37.245
v 613.529 993.679 37.254
v 635.22 992.186 37.245
v 635.722 997.373 38.483
v 635.722 997.373 38.483
v 635.22 992.186 37.245
v 657.454 995.415 38.248
v 635.722 997.373 38.483
v 657.454 995.415 38.248
v 657.664 997.61 38.723
v 657.904 1002.293 37.979
v 614.262 1005.515 38.237
v 657.946 1001.582 38.494
v 657.946 1001.582 38.494
v 614.262 1005.515 38.237
v 614.238 1005.252 38.472
v 657.946 1001.582 38.494
v 614.238 1005.252 38.472
v 657.916 1001.067 38.725
v 657.916 1001.067 38.725
v 614.238 1005.252 38.472
v 614.265 1004.777 38.732
v 658.166 1003.043 37.493
v 614.285 1006.271 37.755
v 657.904 1002.293 37.979
v 657.904 1002.293 37.979
v 614.285 1006.271 37.755
v 614.275 1005.771 37.997
v 657.904 1002.293 37.979
v 614.275 1005.771 37.997
v 614.262 1005.515 38.237
v 657.952 1000.846 38.743
v 614.285 1004.298 38.742
v 657.92 1000.33 38.974
v 657.92 1000.33 38.974
v 614.285 1004.298 38.742
v 614.243 1003.775 38.968
v 657.92 1000.33 38.974
v 614.243 1003.775 38.968
v 657.662 999.829 38.968
v 657.662 999.829 38.968
v 614.243 1003.775 38.968
v 614.276 1003.551 38.984
v 657.662 999.829 38.968
v 614.276 1003.551 38.984
v 657.692 999.356 38.983
v 657.692 999.356 38.983
v 614.276 1003.551 38.984
v 614.263 1003.049 38.978
v 657.692 999.356 38.983
v 614.263 1003.049 38.978
v 657.646 998.831 38.96
v 657.646 998.831 38.96
v 614.263 1003.049 38.978
v 613.984 1002.286 38.961
v 657.646 998.831 38.96
v 613.984 1002.286 38.961
v 657.664 997.61 38.723
v 657.664 997.61 38.723
v 613.984 1002.286 38.961
v 614.023 1001.327 38.734
v 657.664 997.61 38.723
v 614.023 1001.327 38.734
v 635.722 997.373 38.483
v 635.722 997.373 38.483
v 614.023 1001.327 38.734
v 614.01 998.851 38.481
v 635.722 997.373 38.483
v 614.01 998.851 38.481
v 613.529 993.679 37.254
v 570.32 1000.313 38.222
v 570.329 1002.786 38.719
v 527.209 1003.069 38.745
v 570.631 1008.745 37.02
v 527.161 1008.709 36.994
v 570.607 1008.236 37.502
v 570.607 1008.236 37.502
v 527.161 1008.709 36.994
v 527.18 1008.228 37.25
v 570.607 1008.236 37.502
v 527.18 1008.228 37.25
v 570.596 1007.734 37.743
v 570.596 1007.734 37.743
v 527.18 1008.228 37.25
v 527.194 1007.992 37.751
v 570.596 1007.734 37.743
v 527.194 1007.992 37.751
v 570.618 1007.503 38.001
v 570.618 1007.503 38.001
v 527.194 1007.992 37.751
v 527.149 1007.714 37.975
v 570.618 1007.503 38.001
v 527.149 1007.714 37.975
v 570.622 1007.259 38.25
v 570.622 1007.259 38.25
v 527.149 1007.714 37.975
v 527.187 1007.247 38.241
v 570.622 1007.259 38.25
v 527.187 1007.247 38.241
v 570.621 1006.765 38.495
v 570.621 1006.765 38.495
v 527.187 1007.247 38.241
v 527.157 1006.98 38.226
v 570.621 1006.765 38.495
v 527.157 1006.98 38.226
v 570.602 1006.258 38.733
v 570.602 1006.258 38.733
v 527.157 1006.98 38.226
v 527.215 1006.527 38.501
v 702.096 1001.823 19.494
v 680.407 1004.797 19.504
v 680.341 1004.751 20.458
v 680.341 1004.751 20.458
v 680.407 1004.797 19.504
v 658.393 1007.223 20.462
v 680.341 1004.751 20.458
v 658.393 1007.223 20.462
v 658.419 1006.994 21.215
v 702.105 1001.829 20.486
v 680.341 1004.751 20.458
v 702.092 1001.573 21.219
v 702.092 1001.573 21.219
v 680.341 1004.751 20.458
v 658.419 1006.994 21.215
v 702.092 1001.573 21.219
v 658.419 1006.994 21.215
v 702.066 1001.308 23.18
v 702.066 1001.308 23.18
v 658.419 1006.994 21.215
v 658.4 1006.735 23.179
v 702.066 1001.308 23.18
v 658.4 1006.735 23.179
v 702.085 1000.829 26.89
v 702.085 1000.829 26.89
v 658.4 1006.735 23.179
v 658.45 1006.276 26.904
v 702.085 1000.829 26.89
v 658.45 1006.276 26.904
v 658.188 1004.539 34.297
v 658.188 1004.539 34.297
v 658.45 1006.276 26.904
v 614.508 1007.982 34.29
v 658.188 1004.539 34.297
v 614.508 1007.982 34.29
v 658.152 1004.267 35.266
v 658.152 1004.267 35.266
v 614.508 1007.982 34.29
v 614.53 1007.75 35.287
v 658.152 1004.267 35.266
v 614.53 1007.75 35.287
v 658.154 1004.021 35.76
v 658.154 1004.021 35.76
v 614.53 1007.75 35.287
v 614.496 1007.479 35.764
v 658.154 1004.021 35.76
v 614.496 1007.479 35.764
v 658.149 1003.771 36.005
v 658.149 1003.771 36.005
v 614.496 1007.479 35.764
v 614.543 1007.513 36.034
v 658.149 1003.771 36.005
v 614.543 1007.513 36.034
v 658.147 1003.77 36.497
v 658.147 1003.77 36.497
v 614.543 1007.513 36.034
v 614.505 1007.239 36.508
v 658.147 1003.77 36.497
v 614.505 1007.239 36.508
v 658.189 1003.552 36.765
v 658.189 1003.552 36.765
v 614.505 1007.239 36.508
v 614.486 1006.979 36.745
v 658.189 1003.552 36.765
v 614.486 1006.979 36.745
v 658.166 1003.043 37.493
v 658.166 1003.043 37.493
v 614.486 1006.979 36.745
v 614.275 1006.511 37.503
v 658.166 1003.043 37.493
v 614.275 1006.511 37.503
v 614.285 1006.271 37.755
v 614.497 1010.934 19.483
v 592.588 1011.953 19.506
v 592.519 1011.905 20.458
v 592.519 1011.905 20.458
v 592.588 1011.953 19.506
v 570.581 1012.411 20.467
v 592.519 1011.905 20.458
v 570.581 1012.411 20.467
v 570.606 1012.182 21.22
v 658.692 1007.259 19.501
v 636.692 1009.202 19.479
v 636.711 1009.215 20.475
v 636.711 1009.215 20.475
v 636.692 1009.202 19.479
v 614.48 1010.676 20.461
v 636.711 1009.215 20.475
v 614.48 1010.676 20.461
v 614.512 1010.698 21.217
v 440.34 1004.032 37.742
v 527.209 1003.069 38.745
v 527.158 1004.266 38.719
v 527.158 1004.266 38.719
v 527.209 1003.069 38.745
v 570.329 1002.786 38.719
v 527.158 1004.266 38.719
v 570.329 1002.786 38.719
v 570.368 1004.047 38.986
v 396.913 1004.272 36.997
v 440.34 1004.032 37.742
v 440.347 1004.53 37.745
v 440.347 1004.53 37.745
v 440.34 1004.032 37.742
v 527.158 1004.266 38.719
v 440.347 1004.53 37.745
v 527.158 1004.266 38.719
v 527.19 1004.782 38.736
v 527.19 1004.782 38.736
v 527.158 1004.266 38.719
v 570.368 1004.047 38.986
v 527.19 1004.782 38.736
v 570.368 1004.047 38.986
v 570.613 1004.539 38.985
v 396.913 1004.272 36.997
v 396.933 1003.793 37.007
v 440.34 1004.032 37.742
v 440.34 1004.032 37.742
v 396.933 1003.793 37.007
v 440.329 1003.037 37.489
v 440.34 1004.032 37.742
v 440.329 1003.037 37.489
v 527.209 1003.069 38.745
v 527.209 1003.069 38.745
v 440.329 1003.037 37.489
v 527.202 1000.844 38.248
v 527.209 1003.069 38.745
v 527.202 1000.844 38.248
v 570.32 1000.313 38.222
v 570.32 1000.313 38.222
v 527.202 1000.844 38.248
v 570.333 995.388 37.241
v 396.899 998.589 36.497
v 440.37 997.886 36.77
v 396.901 1001.55 36.991
v 396.901 1001.55 36.991
v 440.37 997.886 36.77
v 440.363 1001.334 37.26
v 396.901 1001.55 36.991
v 440.363 1001.334 37.26
v 396.914 1003.039 36.997
v 353.275 1003.304 36.763
v 353.252 1002.548 36.752
v 396.914 1003.039 36.997
v 396.914 1003.039 36.997
v 353.252 1002.548 36.752
v 375.236 1001.581 36.766
v 396.914 1003.039 36.997
v 375.236 1001.581 36.766
v 396.901 1001.55 36.991
v 396.901 1001.55 36.991
v 375.236 1001.581 36.766
v 375.24 998.87 36.521
v 396.901 1001.55 36.991
v 375.24 998.87 36.521
v 396.899 998.589 36.497
v 396.899 998.589 36.497
v 375.24 998.87 36.521
v 375.221 993.923 36.018
v 396.899 998.589 36.497
v 375.221 993.923 36.018
v 396.929 993.182 35.771
v 396.929 993.182 35.771
v 375.221 993.923 36.018
v 375.435 991.186 35.509
v 396.929 993.182 35.771
v 375.435 991.186 35.509
v 397.152 990.205 35.02
v 397.152 990.205 35.02
v 375.435 991.186 35.509
v 397.149 989.463 35.018
v 397.152 990.205 35.02
v 397.149 989.463 35.018
v 418.895 989.243 34.79
v 418.895 989.243 34.79
v 397.149 989.463 35.018
v 418.888 988.498 34.54
v 418.895 989.243 34.79
v 418.888 988.498 34.54
v 440.612 987.521 34.054
v 440.612 987.521 34.054
v 418.888 988.498 34.54
v 440.62 987.28 34.058
v 440.612 987.521 34.054
v 440.62 987.28 34.058
v 483.797 984.571 32.828
v 570.613 1004.539 38.985
v 527.205 1005.286 38.743
v 527.19 1004.782 38.736
v 527.19 1004.782 38.736
v 527.205 1005.286 38.743
v 440.34 1004.772 37.495
v 527.19 1004.782 38.736
v 440.34 1004.772 37.495
v 440.347 1004.53 37.745
v 440.347 1004.53 37.745
v 440.34 1004.772 37.495
v 396.954 1004.547 37.017
v 440.347 1004.53 37.745
v 396.954 1004.547 37.017
v 396.913 1004.272 36.997
v 396.933 1005.766 36.76
v 440.315 1005.988 37.236
v 396.929 1006.257 36.512
v 396.929 1006.257 36.512
v 440.315 1005.988 37.236
v 440.311 1006.479 37.234
v 396.929 1006.257 36.512
v 440.311 1006.479 37.234
v 396.94 1006.511 36.27
v 396.94 1006.511 36.27
v 440.311 1006.479 37.234
v 440.341 1006.993 37.002
v 396.94 1006.511 36.27
v 440.341 1006.993 37.002
v 396.922 1006.992 36.015
v 396.922 1006.992 36.015
v 440.341 1006.993 37.002
v 440.346 1007.243 36.758
v 396.922 1006.992 36.015
v 440.346 1007.243 36.758
v 396.903 1007.226 35.758
v 396.903 1007.226 35.758
v 440.346 1007.243 36.758
v 440.132 1007.759 36.527
v 396.903 1007.226 35.758
v 440.132 1007.759 36.527
v 396.952 1007.506 35.536
v 396.952 1007.506 35.536
v 440.132 1007.759 36.527
v 440.106 1007.988 36.021
v 396.952 1007.506 35.536
v 440.106 1007.988 36.021
v 396.948 1007.997 35.287
v 396.948 1007.997 35.287
v 440.106 1007.988 36.021
v 440.114 1008.24 35.778
v 396.948 1007.997 35.287
v 440.114 1008.24 35.778
v 396.903 1008.212 34.772
v 396.903 1008.212 34.772
v 440.114 1008.24 35.778
v 440.12 1008.491 35.535
v 396.903 1008.212 34.772
v 440.12 1008.491 35.535
v 396.91 1008.464 34.528
v 396.91 1008.464 34.528
v 440.12 1008.491 35.535
v 440.092 1008.718 35.027
v 396.91 1008.464 34.528
v 440.092 1008.718 35.027
v 396.928 1008.476 34.044
v 570.583 1005.505 38.97
v 527.199 1006.022 38.74
v 527.164 1005.751 38.723
v 527.164 1005.751 38.723
v 527.199 1006.022 38.74
v 440.329 1005.751 37.49
v 527.164 1005.751 38.723
v 440.329 1005.751 37.49
v 440.314 1005.247 37.482
v 440.314 1005.247 37.482
v 440.329 1005.751 37.49
v 396.934 1005.52 36.761
v 440.314 1005.247 37.482
v 396.934 1005.52 36.761
v 396.946 1005.035 37.013
v 396.946 1005.035 37.013
v 396.934 1005.52 36.761
v 353.228 1004.751 36.493
v 396.946 1005.035 37.013
v 353.228 1004.751 36.493
v 353.283 1004.049 36.767
v 440.092 1008.718 35.027
v 440.09 1008.964 34.533
v 396.928 1008.476 34.044
v 396.928 1008.476 34.044
v 440.09 1008.964 34.533
v 440.372 1009.235 34.304
v 396.928 1008.476 34.044
v 440.372 1009.235 34.304
v 396.954 1008.988 33.317
v 396.954 1008.988 33.317
v 440.372 1009.235 34.304
v 440.37 1009.233 33.81
v 396.954 1008.988 33.317
v 440.37 1009.233 33.81
v 396.958 1008.991 32.579
v 396.958 1008.991 32.579
v 440.37 1009.233 33.81
v 440.343 1009.461 33.056
v 396.958 1008.991 32.579
v 440.343 1009.461 33.056
v 440.349 1011.192 26.398
v 527.196 987.025 34.052
v 570.333 995.388 37.241
v 527.191 996.395 37.009
v 527.191 996.395 37.009
v 570.333 995.388 37.241
v 527.202 1000.844 38.248
v 527.191 996.395 37.009
v 527.202 1000.844 38.248
v 440.363 1001.334 37.26
v 440.363 1001.334 37.26
v 527.202 1000.844 38.248
v 440.329 1003.037 37.489
v 440.363 1001.334 37.26
v 440.329 1003.037 37.489
v 396.914 1003.039 36.997
v 396.914 1003.039 36.997
v 440.329 1003.037 37.489
v 396.933 1003.793 37.007
v 396.914 1003.039 36.997
v 396.933 1003.793 37.007
v 353.275 1003.304 36.763
v 353.275 1003.304 36.763
v 396.933 1003.793 37.007
v 396.913 1004.272 36.997
v 353.275 1003.304 36.763
v 396.913 1004.272 36.997
v 353.283 1004.049 36.767
v 353.283 1004.049 36.767
v 396.913 1004.272 36.997
v 396.954 1004.547 37.017
v 353.283 1004.049 36.767
v 396.954 1004.547 37.017
v 396.946 1005.035 37.013
v 396.946 1005.035 37.013
v 396.954 1004.547 37.017
v 440.34 1004.772 37.495
v 396.946 1005.035 37.013
v 440.34 1004.772 37.495
v 440.314 1005.247 37.482
v 440.314 1005.247 37.482
v 440.34 1004.772 37.495
v 527.205 1005.286 38.743
v 440.314 1005.247 37.482
v 527.205 1005.286 38.743
v 527.164 1005.751 38.723
v 527.164 1005.751 38.723
v 527.205 1005.286 38.743
v 570.608 1005.029 38.982
v 527.164 1005.751 38.723
v 570.608 1005.029 38.982
v 570.583 1005.505 38.97
v 440.313 1012.154 20.46
v 396.955 1011.702 20.49
v 440.359 1012.186 21.223
v 440.359 1012.186 21.223
v 396.955 1011.702 20.49
v 353.026 1010.457 21.221
v 440.359 1012.186 21.223
v 353.026 1010.457 21.221
v 440.342 1011.928 22.941
v 440.342 1011.928 22.941
v 353.026 1010.457 21.221
v 353.039 1010.218 22.707
v 440.342 1011.928 22.941
v 353.039 1010.218 22.707
v 396.936 1010.702 26.154
v 396.936 1010.702 26.154
v 353.039 1010.218 22.707
v 353.014 1009.708 25.902
v 396.936 1010.702 26.154
v 353.014 1009.708 25.902
v 353.029 1008.238 32.323
v 353.029 1008.238 32.323
v 353.014 1009.708 25.902
v 0.022 1000.844 25.914
v 353.029 1008.238 32.323
v 0.022 1000.844 25.914
v 0.017 999.36 32.325
v 353.296 1005.046 36.527
v 396.933 1005.766 36.76
v 353.252 1005.508 36.259
v 353.252 1005.508 36.259
v 396.933 1005.766 36.76
v 396.929 1006.257 36.512
v 353.252 1005.508 36.259
v 396.929 1006.257 36.512
v 353.003 1005.753 36.01
v 353.003 1005.753 36.01
v 396.929 1006.257 36.512
v 396.94 1006.511 36.27
v 353.003 1005.753 36.01
v 396.94 1006.511 36.27
v 353.034 1006.268 35.779
v 353.034 1006.268 35.779
v 396.94 1006.511 36.27
v 396.922 1006.992 36.015
v 353.034 1006.268 35.779
v 396.922 1006.992 36.015
v 353.022 1006.506 35.527
v 353.022 1006.506 35.527
v 396.922 1006.992 36.015
v 396.903 1007.226 35.758
v 353.022 1006.506 35.527
v 396.903 1007.226 35.758
v 352.996 1006.735 35.267
v 352.996 1006.735 35.267
v 396.903 1007.226 35.758
v 396.952 1007.506 35.536
v 352.996 1006.735 35.267
v 396.952 1007.506 35.536
v 353.011 1007.239 35.028
v 353.011 1007.239 35.028
v 396.952 1007.506 35.536
v 396.948 1007.997 35.287
v 353.011 1007.239 35.028
v 396.948 1007.997 35.287
v 353.004 1007.481 34.531
v 353.004 1007.481 34.531
v 396.948 1007.997 35.287
v 396.903 1008.212 34.772
v 353.004 1007.481 34.531
v 396.903 1008.212 34.772
v 353.005 1007.481 34.285
v 353.005 1007.481 34.285
v 396.903 1008.212 34.772
v 396.91 1008.464 34.528
v 353.005 1007.481 34.285
v 396.91 1008.464 34.528
v 353.037 1007.75 33.807
v 353.037 1007.75 33.807
v 396.91 1008.464 34.528
v 396.928 1008.476 34.044
v 353.037 1007.75 33.807
v 396.928 1008.476 34.044
v 352.986 1007.961 33.042
v 352.986 1007.961 33.042
v 396.928 1008.476 34.044
v 396.954 1008.988 33.317
v 352.986 1007.961 33.042
v 396.954 1008.988 33.317
v 353.029 1008.238 32.323
v 353.029 1008.238 32.323
v 396.954 1008.988 33.317
v 396.958 1008.991 32.579
v 353.029 1008.238 32.323
v 396.958 1008.991 32.579
v 396.936 1010.702 26.154
v 396.936 1010.702 26.154
v 396.958 1008.991 32.579
v 440.349 1011.192 26.398
v 396.936 1010.702 26.154
v 440.349 1011.192 26.398
v 440.342 1011.928 22.941
v 614.285 1004.298 38.742
v 570.599 1006.01 38.978
v 614.243 1003.775 38.968
v 614.243 1003.775 38.968
v 570.599 1006.01 38.978
v 570.583 1005.505 38.97
v 614.243 1003.775 38.968
v 570.583 1005.505 38.97
v 614.276 1003.551 38.984
v 614.276 1003.551 38.984
v 570.583 1005.505 38.97
v 570.608 1005.029 38.982
v 614.276 1003.551 38.984
v 570.608 1005.029 38.982
v 614.263 1003.049 38.978
v 614.263 1003.049 38.978
v 570.608 1005.029 38.982
v 570.613 1004.539 38.985
v 614.263 1003.049 38.978
v 570.613 1004.539 38.985
v 613.984 1002.286 38.961
v 613.984 1002.286 38.961
v 570.613 1004.539 38.985
v 570.368 1004.047 38.986
v 613.984 1002.286 38.961
v 570.368 1004.047 38.986
v 614.023 1001.327 38.734
v 614.023 1001.327 38.734
v 570.368 1004.047 38.986
v 570.329 1002.786 38.719
v 614.023 1001.327 38.734
v 570.329 1002.786 38.719
v 614.01 998.851 38.481
v 614.01 998.851 38.481
v 570.329 1002.786 38.719
v 570.32 1000.313 38.222
v 614.01 998.851 38.481
v 570.32 1000.313 38.222
v 613.529 993.679 37.254
v 613.529 993.679 37.254
v 570.32 1000.313 38.222
v 570.333 995.388 37.241
v 613.529 993.679 37.254
v 570.333 995.388 37.241
v 570.125 985.301 33.807
v 570.125 985.301 33.807
v 570.333 995.388 37.241
v 527.196 987.025 34.052
v 570.125 985.301 33.807
v 527.196 987.025 34.052
v 570.12 980.857 32.078
v 570.12 980.857 32.078
v 527.196 987.025 34.052
v 527.165 983.056 32.309
v 570.12 980.857 32.078
v 527.165 983.056 32.309
v 570.073 980.331 31.807
v 570.073 980.331 31.807
v 527.165 983.056 32.309
v 527.149 982.551 32.054
v 570.073 980.331 31.807
v 527.149 982.551 32.054
v 570.11 980.11 31.579
v 570.11 980.11 31.579
v 527.149 982.551 32.054
v 527.185 982.083 31.825
v 570.11 980.11 31.579
v 527.185 982.083 31.825
v 527.18 981.833 31.576
v 527.18 981.833 31.576
v 527.185 982.083 31.825
v 483.797 984.571 32.828
v 527.18 981.833 31.576
v 483.797 984.571 32.828
v 483.742 984.286 32.553
v 483.742 984.286 32.553
v 483.797 984.571 32.828
v 440.62 987.28 34.058
v 483.742 984.286 32.553
v 440.62 987.28 34.058
v 440.6 986.773 33.801
v 440.6 986.773 33.801
v 440.62 987.28 34.058
v 418.888 988.498 34.54
v 440.6 986.773 33.801
v 418.888 988.498 34.54
v 397.201 989.006 34.797
v 397.201 989.006 34.797
v 418.888 988.498 34.54
v 397.149 989.463 35.018
v 397.201 989.006 34.797
v 397.149 989.463 35.018
v 375.442 990.451 35.266
v 375.442 990.451 35.266
v 397.149 989.463 35.018
v 375.435 991.186 35.509
v 375.442 990.451 35.266
v 375.435 991.186 35.509
v 353.511 990.962 35.524
v 353.511 990.962 35.524
v 375.435 991.186 35.509
v 375.221 993.923 36.018
v 353.511 990.962 35.524
v 375.221 993.923 36.018
v 353.48 993.653 36.002
v 353.48 993.653 36.002
v 375.221 993.923 36.018
v 375.24 998.87 36.521
v 353.48 993.653 36.002
v 375.24 998.87 36.521
v 353.257 998.604 36.507
v 353.257 998.604 36.507
v 375.24 998.87 36.521
v 375.236 1001.581 36.766
v 353.257 998.604 36.507
v 375.236 1001.581 36.766
v 353.23 1001.052 36.741
v 353.23 1001.052 36.741
v 375.236 1001.581 36.766
v 353.252 1002.548 36.752
v 570.602 1006.258 38.733
v 614.265 1004.777 38.732
v 570.621 1006.765 38.495
v 570.621 1006.765 38.495
v 614.265 1004.777 38.732
v 614.238 1005.252 38.472
v 570.621 1006.765 38.495
v 614.238 1005.252 38.472
v 570.622 1007.259 38.25
v 570.622 1007.259 38.25
v 614.238 1005.252 38.472
v 614.262 1005.515 38.237
v 570.622 1007.259 38.25
v 614.262 1005.515 38.237
v 570.618 1007.503 38.001
v 570.618 1007.503 38.001
v 614.262 1005.515 38.237
v 614.275 1005.771 37.997
v 570.618 1007.503 38.001
v 614.275 1005.771 37.997
v 570.596 1007.734 37.743
v 570.596 1007.734 37.743
v 614.275 1005.771 37.997
v 614.285 1006.271 37.755
v 570.596 1007.734 37.743
v 614.285 1006.271 37.755
v 570.607 1008.236 37.502
v 570.607 1008.236 37.502
v 614.285 1006.271 37.755
v 614.275 1006.511 37.503
v 570.607 1008.236 37.502
v 614.275 1006.511 37.503
v 570.631 1008.745 37.02
v 570.631 1008.745 37.02
v 614.275 1006.511 37.503
v 614.486 1006.979 36.745
v 570.631 1008.745 37.02
v 614.486 1006.979 36.745
v 570.607 1008.976 36.515
v 570.607 1008.976 36.515
v 614.486 1006.979 36.745
v 614.505 1007.239 36.508
v 570.607 1008.976 36.515
v 614.505 1007.239 36.508
v 570.623 1008.986 36.029
v 570.623 1008.986 36.029
v 614.505 1007.239 36.508
v 614.543 1007.513 36.034
v 570.623 1008.986 36.029
v 614.543 1007.513 36.034
v 570.615 1009.227 35.779
v 570.615 1009.227 35.779
v 614.543 1007.513 36.034
v 614.496 1007.479 35.764
v 570.615 1009.227 35.779
v 614.496 1007.479 35.764
v 570.623 1009.48 35.29
v 570.623 1009.48 35.29
v 614.496 1007.479 35.764
v 614.53 1007.75 35.287
v 570.623 1009.48 35.29
v 614.53 1007.75 35.287
v 570.586 1009.701 34.284
v 570.586 1009.701 34.284
v 614.53 1007.75 35.287
v 614.508 1007.982 34.29
v 570.586 1009.701 34.284
v 614.508 1007.982 34.29
v 614.479 1009.688 26.874
v 614.479 1009.688 26.874
v 614.508 1007.982 34.29
v 658.45 1006.276 26.904
v 614.479 1009.688 26.874
v 658.45 1006.276 26.904
v 614.536 1010.468 23.202
v 614.536 1010.468 23.202
v 658.45 1006.276 26.904
v 658.4 1006.735 23.179
v 614.536 1010.468 23.202
v 658.4 1006.735 23.179
v 614.512 1010.698 21.217
v 614.512 1010.698 21.217
v 658.4 1006.735 23.179
v 658.419 1006.994 21.215
v 614.512 1010.698 21.217
v 658.419 1006.994 21.215
v 636.711 1009.215 20.475
v 636.711 1009.215 20.475
v 658.419 1006.994 21.215
v 658.393 1007.223 20.462
v 636.711 1009.215 20.475
v 658.393 1007.223 20.462
v 658.692 1007.259 19.501
v 658.692 1007.259 19.501
v 658.393 1007.223 20.462
v 680.407 1004.797 19.504
v 658.692 1007.259 19.501
v 680.407 1004.797 19.504
v 658.442 1007.257 18.759
v 658.442 1007.257 18.759
v 680.407 1004.797 19.504
v 702.058 1001.797 18.736
v 658.442 1007.257 18.759
v 702.058 1001.797 18.736
v 658.441 1007.01 17.772
v 658.441 1007.01 17.772
v 702.058 1001.797 18.736
v 702.062 1001.552 17.751
v 658.441 1007.01 17.772
v 702.062 1001.552 17.751
v 658.412 1006.743 16.031
v 658.412 1006.743 16.031
v 702.062 1001.552 17.751
v 702.085 1001.322 16.035
v 658.412 1006.743 16.031
v 702.085 1001.322 16.035
v 658.391 1006.235 12.073
v 658.391 1006.235 12.073
v 702.085 1001.322 16.035
v 702.118 1000.851 12.104
v 658.391 1006.235 12.073
v 702.118 1000.851 12.104
v 658.182 1004.534 4.691
v 658.182 1004.534 4.691
v 702.118 1000.851 12.104
v 701.84 999.103 4.688
v 658.182 1004.534 4.691
v 701.84 999.103 4.688
v 658.188 1004.292 3.955
v 658.188 1004.292 3.955
v 701.84 999.103 4.688
v 701.584 998.85 3.944
v 658.188 1004.292 3.955
v 701.584 998.85 3.944
v 658.144 1004.015 3.439
v 658.144 1004.015 3.439
v 701.584 998.85 3.944
v 701.565 998.589 3.44
v 658.17 1003.046 1.479
v 614.257 1006.498 1.478
v 658.162 1003.534 2.215
v 658.162 1003.534 2.215
v 614.257 1006.498 1.478
v 614.52 1007.003 2.226
v 658.162 1003.534 2.215
v 614.52 1007.003 2.226
v 658.162 1003.78 2.708
v 658.162 1003.78 2.708
v 614.52 1007.003 2.226
v 614.497 1007.233 2.707
v 658.162 1003.78 2.708
v 614.497 1007.233 2.707
v 658.174 1003.789 2.961
v 658.174 1003.789 2.961
v 614.497 1007.233 2.707
v 614.488 1007.474 2.95
v 658.144 1004.015 3.439
v 614.51 1007.49 3.454
v 658.188 1004.292 3.955
v 658.188 1004.292 3.955
v 614.51 1007.49 3.454
v 614.492 1007.724 3.939
v 658.188 1004.292 3.955
v 614.492 1007.724 3.939
v 658.182 1004.534 4.691
v 658.182 1004.534 4.691
v 614.492 1007.724 3.939
v 614.481 1007.962 4.673
v 658.182 1004.534 4.691
v 614.481 1007.962 4.673
v 658.391 1006.235 12.073
v 658.391 1006.235 12.073
v 614.481 1007.962 4.673
v 614.511 1009.71 12.089
v 658.391 1006.235 12.073
v 614.511 1009.71 12.089
v 658.412 1006.743 16.031
v 658.412 1006.743 16.031
v 614.511 1009.71 12.089
v 614.479 1010.428 16.02
v 658.412 1006.743 16.031
v 614.479 1010.428 16.02
v 658.441 1007.01 17.772
v 658.441 1007.01 17.772
v 614.479 1010.428 16.02
v 614.484 1010.678 17.749
v 658.441 1007.01 17.772
v 614.484 1010.678 17.749
v 658.442 1007.257 18.759
v 658.442 1007.257 18.759
v 614.484 1010.678 17.749
v 614.477 1010.674 18.733
v 658.442 1007.257 18.759
v 614.477 1010.674 18.733
v 636.692 1009.202 19.479
v 636.692 1009.202 19.479
v 614.477 1010.674 18.733
v 614.497 1010.934 19.483
v 636.692 1009.202 19.479
v 614.497 1010.934 19.483
v 614.48 1010.676 20.461
v 614.48 1010.676 20.461
v 614.497 1010.934 19.483
v 592.519 1011.905 20.458
v 614.48 1010.676 20.461
v 592.519 1011.905 20.458
v 614.512 1010.698 21.217
v 614.512 1010.698 21.217
v 592.519 1011.905 20.458
v 570.606 1012.182 21.22
v 614.512 1010.698 21.217
v 570.606 1012.182 21.22
v 614.536 1010.468 23.202
v 614.536 1010.468 23.202
v 570.606 1012.182 21.22
v 570.607 1011.936 23.194
v 614.536 1010.468 23.202
v 570.607 1011.936 23.194
v 614.479 1009.688 26.874
v 614.479 1009.688 26.874
v 570.607 1011.936 23.194
v 570.589 1011.43 26.885
v 614.479 1009.688 26.874
v 570.589 1011.43 26.885
v 570.586 1009.701 34.284
v 570.586 1009.701 34.284
v 570.589 1011.43 26.885
v 527.203 1009.972 34.055
v 570.586 1009.701 34.284
v 527.203 1009.972 34.055
v 570.623 1009.48 35.29
v 570.623 1009.48 35.29
v 527.203 1009.972 34.055
v 527.198 1009.721 35.039
v 570.623 1009.48 35.29
v 527.198 1009.721 35.039
v 570.615 1009.227 35.779
v 570.615 1009.227 35.779
v 527.198 1009.721 35.039
v 527.206 1009.48 35.536
v 570.615 1009.227 35.779
v 527.206 1009.48 35.536
v 570.623 1008.986 36.029
v 570.623 1008.986 36.029
v 527.206 1009.48 35.536
v 527.212 1009.238 35.786
v 570.623 1008.986 36.029
v 527.212 1009.238 35.786
v 570.607 1008.976 36.515
v 570.607 1008.976 36.515
v 527.212 1009.238 35.786
v 527.202 1009.231 36.275
v 570.607 1008.976 36.515
v 527.202 1009.231 36.275
v 570.631 1008.745 37.02
v 570.631 1008.745 37.02
v 527.202 1009.231 36.275
v 527.188 1008.974 36.761
v 570.631 1008.745 37.02
v 527.188 1008.974 36.761
v 527.161 1008.709 36.994
v 614.51 1007.49 3.454
v 570.587 1009.208 3.448
v 614.492 1007.724 3.939
v 614.492 1007.724 3.939
v 570.587 1009.208 3.448
v 570.606 1009.468 3.951
v 614.492 1007.724 3.939
v 570.606 1009.468 3.951
v 614.481 1007.962 4.673
v 614.481 1007.962 4.673
v 570.606 1009.468 3.951
v 570.59 1009.703 4.683
v 614.481 1007.962 4.673
v 570.59 1009.703 4.683
v 614.511 1009.71 12.089
v 614.511 1009.71 12.089
v 570.59 1009.703 4.683
v 570.589 1011.43 12.084
v 614.511 1009.71 12.089
v 570.589 1011.43 12.084
v 614.479 1010.428 16.02
v 614.479 1010.428 16.02
v 570.589 1011.43 12.084
v 570.57 1011.91 16.021
v 614.479 1010.428 16.02
v 570.57 1011.91 16.021
v 614.484 1010.678 17.749
v 614.484 1010.678 17.749
v 570.57 1011.91 16.021
v 570.589 1012.17 17.757
v 614.484 1010.678 17.749
v 570.589 1012.17 17.757
v 614.477 1010.674 18.733
v 614.477 1010.674 18.733
v 570.589 1012.17 17.757
v 570.573 1012.406 18.736
v 614.477 1010.674 18.733
v 570.573 1012.406 18.736
v 592.588 1011.953 19.506
v 592.588 1011.953 19.506
v 570.573 1012.406 18.736
v 570.632 1012.447 19.506
v 592.588 1011.953 19.506
v 570.632 1012.447 19.506
v 570.581 1012.411 20.467
v 614.236 1005.744 0.974
v 614.291 1005.536 0.755
v 570.589 1007.236 0.735
v 614.258 1003.786 0.245
v 570.622 1005.532 0.259
v 614.237 1004.264 0.234
v 614.237 1004.264 0.234
v 570.622 1005.532 0.259
v 570.58 1005.996 0.238
v 614.237 1004.264 0.234
v 570.58 1005.996 0.238
v 614.255 1004.77 0.49
v 614.255 1004.77 0.49
v 570.58 1005.996 0.238
v 570.598 1006.255 0.493
v 614.255 1004.77 0.49
v 570.598 1006.255 0.493
v 614.286 1005.285 0.505
v 614.286 1005.285 0.505
v 570.598 1006.255 0.493
v 570.609 1006.757 0.499
v 614.257 1006.498 1.478
v 570.608 1008.236 1.485
v 614.52 1007.003 2.226
v 614.52 1007.003 2.226
v 570.608 1008.236 1.485
v 570.603 1008.726 2.223
v 614.52 1007.003 2.226
v 570.603 1008.726 2.223
v 614.497 1007.233 2.707
v 614.497 1007.233 2.707
v 570.603 1008.726 2.223
v 570.609 1008.977 2.472
v 614.497 1007.233 2.707
v 570.609 1008.977 2.472
v 614.488 1007.474 2.95
v 614.488 1007.474 2.95
v 570.609 1008.977 2.472
v 570.594 1008.966 2.958
v 527.147 1007.959 1.463
v 570.608 1008.236 1.485
v 570.613 1007.746 1.241
v 570.613 1007.746 1.241
v 570.608 1008.236 1.485
v 614.257 1006.498 1.478
v 570.613 1007.746 1.241
v 614.257 1006.498 1.478
v 614.237 1006.237 1.221
v 614.237 1006.237 1.221
v 614.257 1006.498 1.478
v 658.17 1003.046 1.479
v 614.237 1006.237 1.221
v 658.17 1003.046 1.479
v 657.922 1002.305 0.984
v 614.236 1005.744 0.974
v 570.589 1007.236 0.735
v 570.564 1007.465 0.97
v 570.564 1007.465 0.97
v 570.589 1007.236 0.735
v 527.209 1007.262 1.001
v 570.564 1007.465 0.97
v 527.209 1007.262 1.001
v 527.16 1007.722 1.224
v 657.944 1001.58 0.502
v 614.291 1005.536 0.755
v 657.922 1002.305 0.984
v 657.922 1002.305 0.984
v 614.291 1005.536 0.755
v 614.236 1005.744 0.974
v 657.922 1002.305 0.984
v 614.236 1005.744 0.974
v 614.237 1006.237 1.221
v 614.237 1006.237 1.221
v 614.236 1005.744 0.974
v 570.564 1007.465 0.97
v 614.237 1006.237 1.221
v 570.564 1007.465 0.97
v 570.613 1007.746 1.241
v 570.613 1007.746 1.241
v 570.564 1007.465 0.97
v 527.16 1007.722 1.224
v 570.613 1007.746 1.241
v 527.16 1007.722 1.224
v 527.147 1007.959 1.463
v 570.622 1005.532 0.259
v 527.176 1005.759 0.244
v 570.58 1005.996 0.238
v 570.58 1005.996 0.238
v 527.176 1005.759 0.244
v 527.193 1006.018 0.5
v 570.58 1005.996 0.238
v 527.193 1006.018 0.5
v 570.598 1006.255 0.493
v 570.598 1006.255 0.493
v 527.193 1006.018 0.5
v 527.151 1006.481 0.479
v 570.598 1006.255 0.493
v 527.151 1006.481 0.479
v 570.609 1006.757 0.499
v 570.609 1006.757 0.499
v 527.151 1006.481 0.479
v 527.185 1006.999 0.742
v 656.715 990.235 1.984
v 635.221 992.187 1.969
v 657.453 995.415 0.75
v 657.453 995.415 0.75
v 635.221 992.187 1.969
v 635.751 997.393 0.753
v 657.453 995.415 0.75
v 635.751 997.393 0.753
v 657.715 997.645 0.264
v 657.715 997.645 0.264
v 635.751 997.393 0.753
v 635.718 999.837 0.243
v 657.715 997.645 0.264
v 635.718 999.837 0.243
v 657.657 998.838 -0.012
v 657.657 998.838 -0.012
v 635.718 999.837 0.243
v 635.945 1000.81 -0.013
v 657.657 998.838 -0.012
v 635.945 1000.81 -0.013
v 657.678 999.347 -0.001
v 657.678 999.347 -0.001
v 635.945 1000.81 -0.013
v 635.985 1001.331 0.007
v 657.678 999.347 -0.001
v 635.985 1001.331 0.007
v 657.693 999.85 0.006
v 657.693 999.85 0.006
v 635.985 1001.331 0.007
v 635.971 1001.814 0
v 657.693 999.85 0.006
v 635.971 1001.814 0
v 657.957 1000.356 0.262
v 657.957 1000.356 0.262
v 635.971 1001.814 0
v 614.258 1003.786 0.245
v 657.957 1000.356 0.262
v 614.258 1003.786 0.245
v 657.9 1000.809 0.233
v 657.9 1000.809 0.233
v 614.258 1003.786 0.245
v 614.237 1004.264 0.234
v 657.9 1000.809 0.233
v 614.237 1004.264 0.234
v 657.939 1001.083 0.5
v 657.939 1001.083 0.5
v 614.237 1004.264 0.234
v 614.255 1004.77 0.49
v 657.939 1001.083 0.5
v 614.255 1004.77 0.49
v 657.944 1001.58 0.502
v 657.944 1001.58 0.502
v 614.255 1004.77 0.49
v 614.286 1005.285 0.505
v 657.944 1001.58 0.502
v 614.286 1005.285 0.505
v 614.291 1005.536 0.755
v 614.291 1005.536 0.755
v 614.286 1005.285 0.505
v 570.609 1006.757 0.499
v 614.291 1005.536 0.755
v 570.609 1006.757 0.499
v 570.589 1007.236 0.735
v 570.589 1007.236 0.735
v 570.609 1006.757 0.499
v 527.185 1006.999 0.742
v 570.589 1007.236 0.735
v 527.185 1006.999 0.742
v 527.209 1007.262 1.001
v 527.205 1009.233 3.219
v 570.594 1008.966 2.958
v 527.158 1009.2 2.703
v 527.158 1009.2 2.703
v 570.594 1008.966 2.958
v 570.609 1008.977 2.472
v 527.158 1009.2 2.703
v 570.609 1008.977 2.472
v 527.156 1008.952 2.455
v 527.156 1008.952 2.455
v 570.609 1008.977 2.472
v 570.603 1008.726 2.223
v 527.156 1008.952 2.455
v 570.603 1008.726 2.223
v 527.209 1008.743 2.235
v 527.209 1008.743 2.235
v 570.603 1008.726 2.223
v 570.608 1008.236 1.485
v 527.209 1008.743 2.235
v 570.608 1008.236 1.485
v 527.149 1008.207 1.711
v 527.149 1008.207 1.711
v 570.608 1008.236 1.485
v 527.147 1007.959 1.463
v 570.585 1005.013 -0.006
v 614.288 1003.56 0.013
v 570.581 1004.517 -0.008
v 570.581 1004.517 -0.008
v 614.288 1003.56 0.013
v 614.251 1003.041 -0.006
v 570.581 1004.517 -0.008
v 614.251 1003.041 -0.006
v 570.372 1004.049 0.01
v 570.372 1004.049 0.01
v 614.251 1003.041 -0.006
v 614.037 1002.323 0.011
v 570.372 1004.049 0.01
v 614.037 1002.323 0.011
v 570.382 1002.823 0.262
v 570.382 1002.823 0.262
v 614.037 1002.323 0.011
v 614.001 1001.311 0.239
v 570.382 1002.823 0.262
v 614.001 1001.311 0.239
v 570.321 1000.314 0.725
v 570.321 1000.314 0.725
v 614.001 1001.311 0.239
v 614.003 998.846 0.734
v 570.321 1000.314 0.725
v 614.003 998.846 0.734
v 570.378 995.42 1.987
v 570.378 995.42 1.987
v 614.003 998.846 0.734
v 613.516 993.67 1.971
v 570.378 995.42 1.987
v 613.516 993.67 1.971
v 570.124 985.3 5.191
v 570.587 1009.208 3.448
v 527.159 1009.448 3.69
v 570.606 1009.468 3.951
v 570.606 1009.468 3.951
v 527.159 1009.448 3.69
v 527.161 1009.696 4.184
v 570.606 1009.468 3.951
v 527.161 1009.696 4.184
v 570.59 1009.703 4.683
v 570.59 1009.703 4.683
v 527.161 1009.696 4.184
v 527.21 1009.976 4.949
v 570.59 1009.703 4.683
v 527.21 1009.976 4.949
v 570.589 1011.43 12.084
v 570.589 1011.43 12.084
v 527.21 1009.976 4.949
v 527.178 1011.681 12.334
v 570.589 1011.43 12.084
v 527.178 1011.681 12.334
v 570.57 1011.91 16.021
v 570.57 1011.91 16.021
v 527.178 1011.681 12.334
v 527.154 1012.157 16.022
v 570.57 1011.91 16.021
v 527.154 1012.157 16.022
v 570.589 1012.17 17.757
v 570.589 1012.17 17.757
v 527.154 1012.157 16.022
v 527.156 1012.405 17.75
v 570.589 1012.17 17.757
v 527.156 1012.405 17.75
v 570.573 1012.406 18.736
v 570.573 1012.406 18.736
v 527.156 1012.405 17.75
v 527.209 1012.69 18.763
v 570.573 1012.406 18.736
v 527.209 1012.69 18.763
v 570.632 1012.447 19.506
v 570.632 1012.447 19.506
v 527.209 1012.69 18.763
v 527.18 1012.669 19.488
v 570.632 1012.447 19.506
v 527.18 1012.669 19.488
v 570.581 1012.411 20.467
v 570.581 1012.411 20.467
v 527.18 1012.669 19.488
v 527.155 1012.652 20.463
v 570.581 1012.411 20.467
v 527.155 1012.652 20.463
v 570.606 1012.182 21.22
v 570.606 1012.182 21.22
v 527.155 1012.652 20.463
v 527.211 1012.444 21.231
v 570.606 1012.182 21.22
v 527.211 1012.444 21.231
v 570.607 1011.936 23.194
v 570.607 1011.936 23.194
v 527.211 1012.444 21.231
v 527.214 1012.2 23.206
v 570.607 1011.936 23.194
v 527.214 1012.2 23.206
v 570.589 1011.43 26.885
v 570.589 1011.43 26.885
v 527.214 1012.2 23.206
v 527.181 1011.683 26.89
v 570.589 1011.43 26.885
v 527.181 1011.683 26.89
v 527.203 1009.972 34.055
v 633.97 976.633 7.633
v 612.749 978.11 7.631
v 633.967 977.124 7.385
v 633.967 977.124 7.385
v 612.749 978.11 7.631
v 612.78 978.377 7.4
v 633.967 977.124 7.385
v 612.78 978.377 7.4
v 633.997 977.638 7.154
v 696.875 965.777 22.681
v 654.716 970.976 22.694
v 696.894 965.544 21.21
v 696.894 965.544 21.21
v 654.716 970.976 22.694
v 654.725 970.735 21.218
v 696.894 965.544 21.21
v 654.725 970.735 21.218
v 696.63 965.285 20.708
v 696.63 965.285 20.708
v 654.725 970.735 21.218
v 654.733 970.494 20.729
v 696.63 965.285 20.708
v 654.733 970.494 20.729
v 696.645 965.296 20.223
v 696.645 965.296 20.223
v 654.733 970.494 20.729
v 654.722 970.487 20.23
v 696.645 965.296 20.223
v 654.722 970.487 20.23
v 696.667 965.311 19.493
v 696.667 965.311 19.493
v 654.722 970.487 20.23
v 654.709 970.477 19.483
v 696.667 965.311 19.493
v 654.709 970.477 19.483
v 696.687 965.325 19.01
v 696.687 965.325 19.01
v 654.709 970.477 19.483
v 654.706 970.475 18.988
v 696.687 965.325 19.01
v 654.706 970.475 18.988
v 696.631 965.286 18.489
v 696.631 965.286 18.489
v 654.706 970.475 18.988
v 654.745 970.503 18.515
v 696.631 965.286 18.489
v 654.745 970.503 18.515
v 696.873 965.53 17.747
v 696.873 965.53 17.747
v 654.745 970.503 18.515
v 654.752 970.754 17.778
v 696.873 965.53 17.747
v 654.752 970.754 17.778
v 696.916 965.806 16.534
v 696.916 965.806 16.534
v 654.752 970.754 17.778
v 654.687 970.955 16.512
v 696.916 965.806 16.534
v 654.687 970.955 16.512
v 696.919 966.549 13.822
v 696.919 966.549 13.822
v 654.687 970.955 16.512
v 654.981 971.729 13.822
v 696.919 966.549 13.822
v 654.981 971.729 13.822
v 697.166 967.289 11.355
v 697.166 967.289 11.355
v 654.981 971.729 13.822
v 654.947 972.445 11.338
v 697.166 967.289 11.355
v 654.947 972.445 11.338
v 697.131 967.511 10.105
v 697.131 967.511 10.105
v 654.947 972.445 11.338
v 654.963 972.949 10.112
v 697.131 967.511 10.105
v 654.963 972.949 10.112
v 697.163 967.78 9.627
v 697.163 967.78 9.627
v 654.963 972.949 10.112
v 654.956 973.191 9.616
v 697.163 967.78 9.627
v 654.956 973.191 9.616
v 697.13 968.003 8.87
v 697.13 968.003 8.87
v 654.956 973.191 9.616
v 654.981 973.456 8.888
v 697.13 968.003 8.87
v 654.981 973.456 8.888
v 697.121 968.491 8.373
v 697.121 968.491 8.373
v 654.981 973.456 8.888
v 655.247 973.716 8.404
v 697.121 968.491 8.373
v 655.247 973.716 8.404
v 697.415 969.017 7.903
v 697.415 969.017 7.903
v 655.247 973.716 8.404
v 655.236 974.201 7.905
v 697.415 969.017 7.903
v 655.236 974.201 7.905
v 697.424 969.517 7.661
v 697.424 969.517 7.661
v 655.236 974.201 7.905
v 655.208 974.922 7.645
v 697.424 969.517 7.661
v 655.208 974.922 7.645
v 697.404 969.996 7.404
v 697.404 969.996 7.404
v 655.208 974.922 7.645
v 655.18 975.149 7.384
v 697.404 969.996 7.404
v 655.18 975.149 7.384
v 697.633 970.478 7.149
v 697.633 970.478 7.149
v 655.18 975.149 7.384
v 655.229 975.677 7.162
v 697.633 970.478 7.149
v 655.229 975.677 7.162
v 698.117 974.911 5.17
v 698.117 974.911 5.17
v 655.229 975.677 7.162
v 655.679 980.086 5.167
v 698.117 974.911 5.17
v 655.679 980.086 5.167
v 699.611 984.789 1.97
v 699.611 984.789 1.97
v 655.679 980.086 5.167
v 656.715 990.235 1.984
v 699.611 984.789 1.97
v 656.715 990.235 1.984
v 700.388 989.995 0.755
v 700.388 989.995 0.755
v 656.715 990.235 1.984
v 657.453 995.415 0.75
v 700.388 989.995 0.755
v 657.453 995.415 0.75
v 700.883 992.217 0.263
v 700.883 992.217 0.263
v 657.453 995.415 0.75
v 657.715 997.645 0.264
v 700.883 992.217 0.263
v 657.715 997.645 0.264
v 700.865 993.437 0.007
v 700.865 993.437 0.007
v 657.715 997.645 0.264
v 657.657 998.838 -0.012
v 700.865 993.437 0.007
v 657.657 998.838 -0.012
v 701.078 993.907 -0.01
v 701.078 993.907 -0.01
v 657.657 998.838 -0.012
v 657.678 999.347 -0.001
v 701.078 993.907 -0.01
v 657.678 999.347 -0.001
v 701.111 994.423 0.006
v 701.111 994.423 0.006
v 657.678 999.347 -0.001
v 657.693 999.85 0.006
v 701.111 994.423 0.006
v 657.693 999.85 0.006
v 701.08 994.895 0.238
v 701.08 994.895 0.238
v 657.693 999.85 0.006
v 657.957 1000.356 0.262
v 701.08 994.895 0.238
v 657.957 1000.356 0.262
v 701.117 995.414 0.256
v 701.117 995.414 0.256
v 657.957 1000.356 0.262
v 657.9 1000.809 0.233
v 701.117 995.414 0.256
v 657.9 1000.809 0.233
v 701.349 995.898 0.496
v 701.349 995.898 0.496
v 657.9 1000.809 0.233
v 657.939 1001.083 0.5
v 701.349 995.898 0.496
v 657.939 1001.083 0.5
v 701.363 996.154 0.503
v 701.363 996.154 0.503
v 657.939 1001.083 0.5
v 657.944 1001.58 0.502
v 701.363 996.154 0.503
v 657.944 1001.58 0.502
v 701.346 996.882 0.987
v 701.346 996.882 0.987
v 657.944 1001.58 0.502
v 657.922 1002.305 0.984
v 701.346 996.882 0.987
v 657.922 1002.305 0.984
v 701.61 997.635 1.49
v 701.61 997.635 1.49
v 657.922 1002.305 0.984
v 658.17 1003.046 1.479
v 701.61 997.635 1.49
v 658.17 1003.046 1.479
v 701.585 998.11 2.217
v 701.585 998.11 2.217
v 658.17 1003.046 1.479
v 658.162 1003.534 2.215
v 701.585 998.11 2.217
v 658.162 1003.534 2.215
v 701.579 998.353 2.708
v 701.579 998.353 2.708
v 658.162 1003.534 2.215
v 658.162 1003.78 2.708
v 701.579 998.353 2.708
v 658.162 1003.78 2.708
v 701.597 998.365 2.963
v 701.597 998.365 2.963
v 658.162 1003.78 2.708
v 658.174 1003.789 2.961
v 701.597 998.365 2.963
v 658.174 1003.789 2.961
v 701.565 998.589 3.44
v 633.717 975.395 8.864
v 612.504 976.631 8.865
v 633.963 975.641 8.37
v 633.963 975.641 8.37
v 612.504 976.631 8.865
v 612.542 977.15 8.391
v 633.963 975.641 8.37
v 612.542 977.15 8.391
v 634.017 976.172 7.904
v 570.101 978.377 9.619
v 612.565 976.426 9.636
v 570.085 978.119 10.105
v 570.085 978.119 10.105
v 612.565 976.426 9.636
v 612.552 976.171 10.123
v 570.085 978.119 10.105
v 612.552 976.171 10.123
v 570.116 977.647 11.354
v 570.116 977.647 11.354
v 612.552 976.171 10.123
v 612.558 975.681 11.359
v 570.116 977.647 11.354
v 612.558 975.681 11.359
v 570.078 976.881 13.802
v 570.078 976.881 13.802
v 612.558 975.681 11.359
v 612.526 974.919 13.81
v 570.078 976.881 13.802
v 612.526 974.919 13.81
v 570.097 976.154 16.525
v 570.097 976.154 16.525
v 612.526 974.919 13.81
v 612.559 974.202 16.54
v 570.097 976.154 16.525
v 612.559 974.202 16.54
v 570.138 975.936 17.779
v 570.138 975.936 17.779
v 612.559 974.202 16.54
v 612.543 973.944 17.766
v 570.138 975.936 17.779
v 612.543 973.944 17.766
v 570.094 975.658 18.497
v 570.094 975.658 18.497
v 612.543 973.944 17.766
v 612.545 973.946 18.507
v 570.094 975.658 18.497
v 612.545 973.946 18.507
v 570.127 975.681 19.006
v 570.127 975.681 19.006
v 612.545 973.946 18.507
v 612.52 973.681 18.988
v 570.127 975.681 19.006
v 612.52 973.681 18.988
v 570.103 975.664 19.488
v 570.103 975.664 19.488
v 612.52 973.681 18.988
v 612.539 973.695 19.491
v 570.103 975.664 19.488
v 612.539 973.695 19.491
v 612.553 973.704 20.238
v 633.525 972.473 20.239
v 612.553 973.704 20.238
v 633.475 972.438 19.474
v 633.475 972.438 19.474
v 612.553 973.704 20.238
v 612.539 973.695 19.491
v 633.475 972.438 19.474
v 612.539 973.695 19.491
v 633.487 972.447 18.987
v 633.487 972.447 18.987
v 612.539 973.695 19.491
v 612.52 973.681 18.988
v 633.487 972.447 18.987
v 612.52 973.681 18.988
v 633.536 972.481 18.518
v 633.536 972.481 18.518
v 612.52 973.681 18.988
v 612.545 973.946 18.507
v 633.536 972.481 18.518
v 612.545 973.946 18.507
v 633.771 972.72 17.772
v 633.771 972.72 17.772
v 612.545 973.946 18.507
v 612.543 973.944 17.766
v 633.771 972.72 17.772
v 612.543 973.944 17.766
v 633.781 972.973 16.544
v 633.781 972.973 16.544
v 612.543 973.944 17.766
v 612.559 974.202 16.54
v 633.781 972.973 16.544
v 612.559 974.202 16.54
v 633.737 973.682 13.808
v 633.737 973.682 13.808
v 612.559 974.202 16.54
v 612.526 974.919 13.81
v 633.737 973.682 13.808
v 612.526 974.919 13.81
v 633.752 974.433 11.348
v 633.752 974.433 11.348
v 612.526 974.919 13.81
v 612.558 975.681 11.359
v 633.752 974.433 11.348
v 612.558 975.681 11.359
v 633.774 974.695 10.126
v 633.774 974.695 10.126
v 612.558 975.681 11.359
v 612.552 976.171 10.123
v 633.774 974.695 10.126
v 612.552 976.171 10.123
v 633.745 974.921 9.618
v 633.745 974.921 9.618
v 612.552 976.171 10.123
v 612.565 976.426 9.636
v 527.148 1005.246 0.231
v 570.585 1005.013 -0.006
v 527.149 1004.753 0.231
v 527.149 1004.753 0.231
v 570.585 1005.013 -0.006
v 570.581 1004.517 -0.008
v 527.149 1004.753 0.231
v 570.581 1004.517 -0.008
v 527.169 1004.274 0.241
v 527.169 1004.274 0.241
v 570.581 1004.517 -0.008
v 570.372 1004.049 0.01
v 527.169 1004.274 0.241
v 570.372 1004.049 0.01
v 527.177 1003.046 0.492
v 527.177 1003.046 0.492
v 570.372 1004.049 0.01
v 570.382 1002.823 0.262
v 527.177 1003.046 0.492
v 570.382 1002.823 0.262
v 527.148 1000.805 0.971
v 527.148 1000.805 0.971
v 570.382 1002.823 0.262
v 570.321 1000.314 0.725
v 527.148 1000.805 0.971
v 570.321 1000.314 0.725
v 527.162 996.375 2.211
v 527.162 996.375 2.211
v 570.321 1000.314 0.725
v 570.378 995.42 1.987
v 527.162 996.375 2.211
v 570.378 995.42 1.987
v 527.151 986.993 5.166
v 527.151 986.993 5.166
v 570.378 995.42 1.987
v 570.124 985.3 5.191
v 527.151 986.993 5.166
v 570.124 985.3 5.191
v 527.167 983.057 6.654
v 527.176 1005.759 0.244
v 440.37 1005.287 1.493
v 527.193 1006.018 0.5
v 527.193 1006.018 0.5
v 440.37 1005.287 1.493
v 440.361 1005.773 1.735
v 527.193 1006.018 0.5
v 440.361 1005.773 1.735
v 527.151 1006.481 0.479
v 527.151 1006.481 0.479
v 440.361 1005.773 1.735
v 440.354 1006.015 1.731
v 527.151 1006.481 0.479
v 440.354 1006.015 1.731
v 527.185 1006.999 0.742
v 527.185 1006.999 0.742
v 440.354 1006.015 1.731
v 440.337 1006.497 1.97
v 527.185 1006.999 0.742
v 440.337 1006.497 1.97
v 527.209 1007.262 1.001
v 527.209 1007.262 1.001
v 440.337 1006.497 1.97
v 440.33 1006.985 2.213
v 527.209 1007.262 1.001
v 440.33 1006.985 2.213
v 527.16 1007.722 1.224
v 527.16 1007.722 1.224
v 440.33 1006.985 2.213
v 440.345 1007.242 2.467
v 527.16 1007.722 1.224
v 440.345 1007.242 2.467
v 527.147 1007.959 1.463
v 527.147 1007.959 1.463
v 440.345 1007.242 2.467
v 440.066 1007.713 2.698
v 527.147 1007.959 1.463
v 440.066 1007.713 2.698
v 527.149 1008.207 1.711
v 527.149 1008.207 1.711
v 440.066 1007.713 2.698
v 440.09 1007.976 2.956
v 527.149 1008.207 1.711
v 440.09 1007.976 2.956
v 527.209 1008.743 2.235
v 527.209 1008.743 2.235
v 440.09 1007.976 2.956
v 440.08 1008.216 3.445
v 527.209 1008.743 2.235
v 440.08 1008.216 3.445
v 527.156 1008.952 2.455
v 527.156 1008.952 2.455
v 440.08 1008.216 3.445
v 440.07 1008.456 3.687
v 527.156 1008.952 2.455
v 440.07 1008.456 3.687
v 527.158 1009.2 2.703
v 527.158 1009.2 2.703
v 440.07 1008.456 3.687
v 440.123 1008.74 3.96
v 527.158 1009.2 2.703
v 440.123 1008.74 3.96
v 527.205 1009.233 3.219
v 527.205 1009.233 3.219
v 440.123 1008.74 3.96
v 440.079 1008.956 4.431
v 527.159 1009.448 3.69
v 440.329 1009.204 4.926
v 527.161 1009.696 4.184
v 527.161 1009.696 4.184
v 440.329 1009.204 4.926
v 440.342 1009.214 5.179
v 527.161 1009.696 4.184
v 440.342 1009.214 5.179
v 527.21 1009.976 4.949
v 527.21 1009.976 4.949
v 440.342 1009.214 5.179
v 440.328 1009.451 6.159
v 527.21 1009.976 4.949
v 440.328 1009.451 6.159
v 527.178 1011.681 12.334
v 527.178 1011.681 12.334
v 440.328 1009.451 6.159
v 440.35 1011.193 12.83
v 527.178 1011.681 12.334
v 440.35 1011.193 12.83
v 527.154 1012.157 16.022
v 527.154 1012.157 16.022
v 440.35 1011.193 12.83
v 440.337 1011.924 16.278
v 527.154 1012.157 16.022
v 440.337 1011.924 16.278
v 527.156 1012.405 17.75
v 527.156 1012.405 17.75
v 440.337 1011.924 16.278
v 440.355 1012.183 17.767
v 527.156 1012.405 17.75
v 440.355 1012.183 17.767
v 527.209 1012.69 18.763
v 527.209 1012.69 18.763
v 440.355 1012.183 17.767
v 440.358 1012.185 18.755
v 527.209 1012.69 18.763
v 440.358 1012.185 18.755
v 527.18 1012.669 19.488
v 527.18 1012.669 19.488
v 440.358 1012.185 18.755
v 440.362 1012.435 19.497
v 527.18 1012.669 19.488
v 440.362 1012.435 19.497
v 527.155 1012.652 20.463
v 527.155 1012.652 20.463
v 440.362 1012.435 19.497
v 440.313 1012.154 20.46
v 527.155 1012.652 20.463
v 440.313 1012.154 20.46
v 527.211 1012.444 21.231
v 527.211 1012.444 21.231
v 440.313 1012.154 20.46
v 440.359 1012.186 21.223
v 527.211 1012.444 21.231
v 440.359 1012.186 21.223
v 527.214 1012.2 23.206
v 527.214 1012.2 23.206
v 440.359 1012.186 21.223
v 440.342 1011.928 22.941
v 527.214 1012.2 23.206
v 440.342 1011.928 22.941
v 527.181 1011.683 26.89
v 527.181 1011.683 26.89
v 440.342 1011.928 22.941
v 440.349 1011.192 26.398
v 527.181 1011.683 26.89
v 440.349 1011.192 26.398
v 527.203 1009.972 34.055
v 527.203 1009.972 34.055
v 440.349 1011.192 26.398
v 440.343 1009.461 33.056
v 527.203 1009.972 34.055
v 440.343 1009.461 33.056
v 527.198 1009.721 35.039
v 527.198 1009.721 35.039
v 440.343 1009.461 33.056
v 440.37 1009.233 33.81
v 527.198 1009.721 35.039
v 440.37 1009.233 33.81
v 527.206 1009.48 35.536
v 527.206 1009.48 35.536
v 440.37 1009.233 33.81
v 440.372 1009.235 34.304
v 527.206 1009.48 35.536
v 440.372 1009.235 34.304
v 527.212 1009.238 35.786
v 527.212 1009.238 35.786
v 440.372 1009.235 34.304
v 440.09 1008.964 34.533
v 527.212 1009.238 35.786
v 440.09 1008.964 34.533
v 527.202 1009.231 36.275
v 527.202 1009.231 36.275
v 440.09 1008.964 34.533
v 440.092 1008.718 35.027
v 527.202 1009.231 36.275
v 440.092 1008.718 35.027
v 527.188 1008.974 36.761
v 527.188 1008.974 36.761
v 440.092 1008.718 35.027
v 440.12 1008.491 35.535
v 527.188 1008.974 36.761
v 440.12 1008.491 35.535
v 527.161 1008.709 36.994
v 527.161 1008.709 36.994
v 440.12 1008.491 35.535
v 440.114 1008.24 35.778
v 527.161 1008.709 36.994
v 440.114 1008.24 35.778
v 527.18 1008.228 37.25
v 527.18 1008.228 37.25
v 440.114 1008.24 35.778
v 440.106 1007.988 36.021
v 527.18 1008.228 37.25
v 440.106 1007.988 36.021
v 527.194 1007.992 37.751
v 527.194 1007.992 37.751
v 440.106 1007.988 36.021
v 440.132 1007.759 36.527
v 527.194 1007.992 37.751
v 440.132 1007.759 36.527
v 527.149 1007.714 37.975
v 527.149 1007.714 37.975
v 440.132 1007.759 36.527
v 440.346 1007.243 36.758
v 527.149 1007.714 37.975
v 440.346 1007.243 36.758
v 527.187 1007.247 38.241
v 527.187 1007.247 38.241
v 440.346 1007.243 36.758
v 440.341 1006.993 37.002
v 527.187 1007.247 38.241
v 440.341 1006.993 37.002
v 527.157 1006.98 38.226
v 527.157 1006.98 38.226
v 440.341 1006.993 37.002
v 440.311 1006.479 37.234
v 527.157 1006.98 38.226
v 440.311 1006.479 37.234
v 527.215 1006.527 38.501
v 527.215 1006.527 38.501
v 440.311 1006.479 37.234
v 440.315 1005.988 37.236
v 440.37 1005.287 1.493
v 396.959 1005.045 2.237
v 440.361 1005.773 1.735
v 440.361 1005.773 1.735
v 396.959 1005.045 2.237
v 396.91 1005.504 2.212
v 440.361 1005.773 1.735
v 396.91 1005.504 2.212
v 440.354 1006.015 1.731
v 440.354 1006.015 1.731
v 396.91 1005.504 2.212
v 396.929 1005.763 2.468
v 440.354 1006.015 1.731
v 396.929 1005.763 2.468
v 440.337 1006.497 1.97
v 440.337 1006.497 1.97
v 396.929 1005.763 2.468
v 396.9 1006.236 2.453
v 440.337 1006.497 1.97
v 396.9 1006.236 2.453
v 440.33 1006.985 2.213
v 440.33 1006.985 2.213
v 396.9 1006.236 2.453
v 396.904 1006.486 2.702
v 440.33 1006.985 2.213
v 396.904 1006.486 2.702
v 440.345 1007.242 2.467
v 440.345 1007.242 2.467
v 396.904 1006.486 2.702
v 396.932 1006.999 2.963
v 440.345 1007.242 2.467
v 396.932 1006.999 2.963
v 440.066 1007.713 2.698
v 440.066 1007.713 2.698
v 396.932 1006.999 2.963
v 396.896 1007.22 3.192
v 440.066 1007.713 2.698
v 396.896 1007.22 3.192
v 440.09 1007.976 2.956
v 440.09 1007.976 2.956
v 396.896 1007.22 3.192
v 396.917 1007.482 3.695
v 440.09 1007.976 2.956
v 396.917 1007.482 3.695
v 440.08 1008.216 3.445
v 440.08 1008.216 3.445
v 396.917 1007.482 3.695
v 396.927 1007.982 3.947
v 440.08 1008.216 3.445
v 396.927 1007.982 3.947
v 440.07 1008.456 3.687
v 440.07 1008.456 3.687
v 396.927 1007.982 3.947
v 396.909 1008.216 4.185
v 440.07 1008.456 3.687
v 396.909 1008.216 4.185
v 440.123 1008.74 3.96
v 440.123 1008.74 3.96
v 396.909 1008.216 4.185
v 396.911 1008.464 4.679
v 440.123 1008.74 3.96
v 396.911 1008.464 4.679
v 440.079 1008.956 4.431
v 440.079 1008.956 4.431
v 396.911 1008.464 4.679
v 396.901 1008.457 4.921
v 396.915 998.6 2.461
v 375.252 998.878 2.484
v 396.937 1001.575 2.225
v 396.937 1001.575 2.225
v 375.252 998.878 2.484
v 375.236 1001.581 2.229
v 396.937 1001.575 2.225
v 375.236 1001.581 2.229
v 396.918 1003.042 1.969
v 396.918 1003.042 1.969
v 375.236 1001.581 2.229
v 375.214 1003.046 2.218
v 396.918 1003.042 1.969
v 375.214 1003.046 2.218
v 396.915 1003.78 1.968
v 396.915 1003.78 1.968
v 375.214 1003.046 2.218
v 375.199 1003.775 2.211
v 396.915 1003.78 1.968
v 375.199 1003.775 2.211
v 396.944 1004.294 1.982
v 396.944 1004.294 1.982
v 375.199 1003.775 2.211
v 375.226 1004.534 2.224
v 396.944 1004.294 1.982
v 375.226 1004.534 2.224
v 396.953 1004.547 1.987
v 634.485 982.075 5.178
v 633.997 977.638 7.154
v 612.811 978.893 7.169
v 612.811 978.893 7.169
v 633.997 977.638 7.154
v 612.78 978.377 7.4
v 612.811 978.893 7.169
v 612.78 978.377 7.4
v 570.091 980.343 7.394
v 570.091 980.343 7.394
v 612.78 978.377 7.4
v 570.139 980.13 7.665
v 570.091 980.343 7.394
v 570.139 980.13 7.665
v 527.187 982.084 7.157
v 527.187 982.084 7.157
v 570.139 980.13 7.665
v 527.185 981.836 7.403
v 527.187 982.084 7.157
v 527.185 981.836 7.403
v 483.787 984.317 6.426
v 613.516 993.67 1.971
v 634.485 982.075 5.178
v 612.995 983.536 5.163
v 612.995 983.536 5.163
v 634.485 982.075 5.178
v 612.811 978.893 7.169
v 612.995 983.536 5.163
v 612.811 978.893 7.169
v 570.116 980.854 7.16
v 570.116 980.854 7.16
v 612.811 978.893 7.169
v 570.091 980.343 7.394
v 570.116 980.854 7.16
v 570.091 980.343 7.394
v 527.161 982.559 6.898
v 527.161 982.559 6.898
v 570.091 980.343 7.394
v 527.187 982.084 7.157
v 527.161 982.559 6.898
v 527.187 982.084 7.157
v 483.796 984.57 6.184
v 483.796 984.57 6.184
v 527.187 982.084 7.157
v 483.787 984.317 6.426
v 483.796 984.57 6.184
v 483.787 984.317 6.426
v 440.589 986.765 5.179
v 440.338 1004.771 1.477
v 527.148 1005.246 0.231
v 440.322 1004.512 1.469
v 440.322 1004.512 1.469
v 527.148 1005.246 0.231
v 527.149 1004.753 0.231
v 440.322 1004.512 1.469
v 527.149 1004.753 0.231
v 440.336 1004.029 1.476
v 440.336 1004.029 1.476
v 527.149 1004.753 0.231
v 527.169 1004.274 0.241
v 440.336 1004.029 1.476
v 527.169 1004.274 0.241
v 440.344 1003.048 1.48
v 440.344 1003.048 1.48
v 527.169 1004.274 0.241
v 527.177 1003.046 0.492
v 440.344 1003.048 1.48
v 527.177 1003.046 0.492
v 440.332 1001.312 1.72
v 440.332 1001.312 1.72
v 527.177 1003.046 0.492
v 527.148 1000.805 0.971
v 440.332 1001.312 1.72
v 527.148 1000.805 0.971
v 440.31 997.844 2.45
v 440.31 997.844 2.45
v 527.148 1000.805 0.971
v 527.162 996.375 2.211
v 440.31 997.844 2.45
v 527.162 996.375 2.211
v 440.326 991.194 3.938
v 440.326 991.194 3.938
v 527.162 996.375 2.211
v 527.151 986.993 5.166
v 440.326 991.194 3.938
v 527.151 986.993 5.166
v 483.736 985.515 5.907
v 483.736 985.515 5.907
v 527.151 986.993 5.166
v 527.167 983.057 6.654
v 483.755 985.035 6.164
v 440.594 987.262 5.182
v 440.612 987.521 4.944
v 440.612 987.521 4.944
v 440.594 987.262 5.182
v 418.854 988.473 4.673
v 440.612 987.521 4.944
v 418.854 988.473 4.673
v 418.902 989.247 4.45
v 418.902 989.247 4.45
v 418.854 988.473 4.673
v 397.206 990.243 3.963
v 418.902 989.247 4.45
v 397.206 990.243 3.963
v 396.915 993.172 3.448
v 527.158 981.324 7.883
v 483.754 983.307 7.15
v 483.786 983.576 6.919
v 483.786 983.576 6.919
v 483.754 983.307 7.15
v 440.609 985.792 5.929
v 483.786 983.576 6.919
v 440.609 985.792 5.929
v 440.602 986.034 5.679
v 440.602 986.034 5.679
v 440.609 985.792 5.929
v 397.204 988.022 4.949
v 440.602 986.034 5.679
v 397.204 988.022 4.949
v 397.209 988.271 4.705
v 396.953 1004.547 1.987
v 440.338 1004.771 1.477
v 396.944 1004.294 1.982
v 396.944 1004.294 1.982
v 440.338 1004.771 1.477
v 440.322 1004.512 1.469
v 396.944 1004.294 1.982
v 440.322 1004.512 1.469
v 396.915 1003.78 1.968
v 396.915 1003.78 1.968
v 440.322 1004.512 1.469
v 440.336 1004.029 1.476
v 396.915 1003.78 1.968
v 440.336 1004.029 1.476
v 396.918 1003.042 1.969
v 396.918 1003.042 1.969
v 440.336 1004.029 1.476
v 440.344 1003.048 1.48
v 396.918 1003.042 1.969
v 440.344 1003.048 1.48
v 396.937 1001.575 2.225
v 396.937 1001.575 2.225
v 440.344 1003.048 1.48
v 440.332 1001.312 1.72
v 396.937 1001.575 2.225
v 440.332 1001.312 1.72
v 396.915 998.6 2.461
v 396.915 998.6 2.461
v 440.332 1001.312 1.72
v 440.31 997.844 2.45
v 396.915 998.6 2.461
v 440.31 997.844 2.45
v 396.915 993.172 3.448
v 396.915 993.172 3.448
v 440.31 997.844 2.45
v 440.326 991.194 3.938
v 396.915 993.172 3.448
v 440.326 991.194 3.938
v 418.902 989.247 4.45
v 418.902 989.247 4.45
v 440.326 991.194 3.938
v 440.557 987.976 4.916
v 418.902 989.247 4.45
v 440.557 987.976 4.916
v 440.612 987.521 4.944
v 440.612 987.521 4.944
v 440.557 987.976 4.916
v 483.736 985.515 5.907
v 440.612 987.521 4.944
v 483.736 985.515 5.907
v 483.755 985.035 6.164
v 483.755 985.035 6.164
v 483.736 985.515 5.907
v 527.167 983.057 6.654
v 633.97 976.633 7.633
v 612.552 977.404 7.902
v 612.749 978.11 7.631
v 612.749 978.11 7.631
v 612.552 977.404 7.902
v 570.094 979.359 8.136
v 612.749 978.11 7.631
v 570.094 979.359 8.136
v 570.139 980.13 7.665
v 570.139 980.13 7.665
v 570.094 979.359 8.136
v 527.176 981.583 7.645
v 570.139 980.13 7.665
v 527.176 981.583 7.645
v 527.185 981.836 7.403
v 527.185 981.836 7.403
v 527.176 981.583 7.645
v 483.736 984.034 6.647
v 527.185 981.836 7.403
v 483.736 984.034 6.647
v 483.787 984.317 6.426
v 483.787 984.317 6.426
v 483.736 984.034 6.647
v 440.572 986.506 5.417
v 483.787 984.317 6.426
v 440.572 986.506 5.417
v 440.589 986.765 5.179
v 440.589 986.765 5.179
v 440.572 986.506 5.417
v 397.151 988.724 4.429
v 440.589 986.765 5.179
v 397.151 988.724 4.429
v 397.202 989.007 4.208
v 397.202 989.007 4.208
v 397.151 988.724 4.429
v 375.498 989.75 4.21
v 397.202 989.007 4.208
v 375.498 989.75 4.21
v 375.437 990.448 3.933
v 375.457 989.228 4.437
v 397.209 988.271 4.705
v 375.473 988.746 4.691
v 375.473 988.746 4.691
v 397.209 988.271 4.705
v 397.204 988.022 4.949
v 375.473 988.746 4.691
v 397.204 988.022 4.949
v 375.438 988.475 4.921
v 375.438 988.475 4.921
v 397.204 988.022 4.949
v 397.154 987.493 5.171
v 375.438 988.475 4.921
v 397.154 987.493 5.171
v 375.495 988.021 5.442
v 527.215 981.117 8.158
v 527.212 980.869 8.404
v 483.754 983.307 7.15
v 483.754 983.307 7.15
v 527.212 980.869 8.404
v 483.764 983.067 7.401
v 483.754 983.307 7.15
v 483.764 983.067 7.401
v 440.609 985.792 5.929
v 440.609 985.792 5.929
v 483.764 983.067 7.401
v 440.609 985.546 6.176
v 440.609 985.792 5.929
v 440.609 985.546 6.176
v 397.154 987.493 5.171
v 397.154 987.493 5.171
v 440.609 985.546 6.176
v 397.208 987.284 5.691
v 397.154 987.493 5.171
v 397.208 987.284 5.691
v 375.495 988.021 5.442
v 375.495 988.021 5.442
v 397.208 987.284 5.691
v 375.461 987.751 5.672
v 633.97 976.633 7.633
v 634.017 976.172 7.904
v 612.552 977.404 7.902
v 612.552 977.404 7.902
v 634.017 976.172 7.904
v 612.542 977.15 8.391
v 612.552 977.404 7.902
v 612.542 977.15 8.391
v 570.09 978.862 8.38
v 570.09 978.862 8.38
v 612.542 977.15 8.391
v 570.089 978.615 8.873
v 570.09 978.862 8.38
v 570.089 978.615 8.873
v 527.173 980.594 8.631
v 527.173 980.594 8.631
v 570.089 978.615 8.873
v 527.203 980.615 8.892
v 527.173 980.594 8.631
v 527.203 980.615 8.892
v 483.731 982.798 7.632
v 483.731 982.798 7.632
v 527.203 980.615 8.892
v 440.623 984.815 6.923
v 483.731 982.798 7.632
v 440.623 984.815 6.923
v 440.563 985.02 6.646
v 440.563 985.02 6.646
v 440.623 984.815 6.923
v 397.18 987.018 5.924
v 375.486 987.522 6.178
v 397.18 987.018 5.924
v 397.202 986.787 6.428
v 397.202 986.787 6.428
v 397.18 987.018 5.924
v 440.623 984.815 6.923
v 397.202 986.787 6.428
v 440.623 984.815 6.923
v 440.613 984.562 7.412
v 440.613 984.562 7.412
v 440.623 984.815 6.923
v 527.203 980.615 8.892
v 440.613 984.562 7.412
v 527.203 980.615 8.892
v 527.189 980.359 9.132
v 527.189 980.359 9.132
v 527.203 980.615 8.892
v 570.089 978.615 8.873
v 527.189 980.359 9.132
v 570.089 978.615 8.873
v 570.101 978.377 9.619
v 570.101 978.377 9.619
v 570.089 978.615 8.873
v 612.504 976.631 8.865
v 570.101 978.377 9.619
v 612.504 976.631 8.865
v 612.565 976.426 9.636
v 612.565 976.426 9.636
v 612.504 976.631 8.865
v 633.717 975.395 8.864
v 612.565 976.426 9.636
v 633.717 975.395 8.864
v 633.745 974.921 9.618
v 375.486 987.522 6.178
v 375.461 987.751 5.672
v 397.18 987.018 5.924
v 397.18 987.018 5.924
v 375.461 987.751 5.672
v 397.208 987.284 5.691
v 397.18 987.018 5.924
v 397.208 987.284 5.691
v 440.563 985.02 6.646
v 440.563 985.02 6.646
v 397.208 987.284 5.691
v 440.609 985.546 6.176
v 440.563 985.02 6.646
v 440.609 985.546 6.176
v 483.731 982.798 7.632
v 483.731 982.798 7.632
v 440.609 985.546 6.176
v 483.764 983.067 7.401
v 483.731 982.798 7.632
v 483.764 983.067 7.401
v 527.173 980.594 8.631
v 527.173 980.594 8.631
v 483.764 983.067 7.401
v 527.212 980.869 8.404
v 527.173 980.594 8.631
v 527.212 980.869 8.404
v 570.09 978.862 8.38
v 570.09 978.862 8.38
v 527.212 980.869 8.404
v 527.215 981.117 8.158
v 570.09 978.862 8.38
v 527.215 981.117 8.158
v 570.094 979.359 8.136
v 570.094 979.359 8.136
v 527.215 981.117 8.158
v 527.158 981.324 7.883
v 570.094 979.359 8.136
v 527.158 981.324 7.883
v 527.176 981.583 7.645
v 527.176 981.583 7.645
v 527.158 981.324 7.883
v 483.786 983.576 6.919
v 527.176 981.583 7.645
v 483.786 983.576 6.919
v 483.736 984.034 6.647
v 483.736 984.034 6.647
v 483.786 983.576 6.919
v 440.602 986.034 5.679
v 483.736 984.034 6.647
v 440.602 986.034 5.679
v 440.572 986.506 5.417
v 440.572 986.506 5.417
v 440.602 986.034 5.679
v 397.209 988.271 4.705
v 440.572 986.506 5.417
v 397.209 988.271 4.705
v 397.151 988.724 4.429
v 397.151 988.724 4.429
v 397.209 988.271 4.705
v 375.457 989.228 4.437
v 397.151 988.724 4.429
v 375.457 989.228 4.437
v 375.498 989.75 4.21
v 375.451 987.251 6.654
v 397.172 986.519 6.906
v 375.444 986.999 6.897
v 375.444 986.999 6.897
v 397.172 986.519 6.906
v 397.165 986.268 7.397
v 375.444 986.999 6.897
v 397.165 986.268 7.397
v 375.438 986.501 8.868
v 375.438 986.501 8.868
v 397.165 986.268 7.397
v 397.149 985.763 9.115
v 375.438 986.501 8.868
v 397.149 985.763 9.115
v 375.446 985.767 12.325
v 375.446 985.767 12.325
v 397.149 985.763 9.115
v 397.162 984.785 12.575
v 375.446 985.767 12.325
v 397.162 984.785 12.575
v 375.488 985.056 16.047
v 375.488 985.056 16.047
v 397.162 984.785 12.575
v 397.173 984.053 16.035
v 375.488 985.056 16.047
v 397.173 984.053 16.035
v 375.432 984.77 17.992
v 375.432 984.77 17.992
v 397.173 984.053 16.035
v 397.146 983.787 17.994
v 375.432 984.77 17.992
v 397.146 983.787 17.994
v 375.452 984.538 18.742
v 397.146 983.787 17.994
v 397.147 983.541 18.735
v 375.452 984.538 18.742
v 375.452 984.538 18.742
v 397.147 983.541 18.735
v 397.194 983.574 19.252
v 375.452 984.538 18.742
v 397.194 983.574 19.252
v 375.452 984.537 19.482
v 375.452 984.537 19.482
v 397.194 983.574 19.252
v 397.182 983.566 19.493
v 375.452 984.537 19.482
v 397.182 983.566 19.493
v 397.172 983.558 19.981
v 440.561 982.798 26.134
v 397.203 984.814 26.657
v 440.567 982.062 22.93
v 440.567 982.062 22.93
v 397.203 984.814 26.657
v 397.204 984.074 22.958
v 440.567 982.062 22.93
v 397.204 984.074 22.958
v 440.601 981.839 21.22
v 440.601 981.839 21.22
v 397.204 984.074 22.958
v 397.208 983.83 21.233
v 440.601 981.839 21.22
v 397.208 983.83 21.233
v 440.618 981.605 20.489
v 440.618 981.605 20.489
v 397.208 983.83 21.233
v 397.149 983.542 20.216
v 440.618 981.605 20.489
v 397.149 983.542 20.216
v 440.575 981.575 19.974
v 440.575 981.575 19.974
v 397.149 983.542 20.216
v 397.172 983.558 19.981
v 440.575 981.575 19.974
v 397.172 983.558 19.981
v 440.56 981.564 19.473
v 440.56 981.564 19.473
v 397.172 983.558 19.981
v 397.182 983.566 19.493
v 440.56 981.564 19.473
v 397.182 983.566 19.493
v 440.618 981.605 19.009
v 440.618 981.605 19.009
v 397.182 983.566 19.493
v 397.194 983.574 19.252
v 440.618 981.605 19.009
v 397.194 983.574 19.252
v 440.59 981.585 18.748
v 440.59 981.585 18.748
v 397.194 983.574 19.252
v 397.147 983.541 18.735
v 440.59 981.585 18.748
v 397.147 983.541 18.735
v 440.588 981.831 17.76
v 440.588 981.831 17.76
v 397.147 983.541 18.735
v 397.146 983.787 17.994
v 440.588 981.831 17.76
v 397.146 983.787 17.994
v 440.614 982.095 16.293
v 440.614 982.095 16.293
v 397.146 983.787 17.994
v 397.173 984.053 16.035
v 440.614 982.095 16.293
v 397.173 984.053 16.035
v 440.623 982.842 12.844
v 440.623 982.842 12.844
v 397.173 984.053 16.035
v 397.162 984.785 12.575
v 440.623 982.842 12.844
v 397.162 984.785 12.575
v 440.589 983.805 9.62
v 440.589 983.805 9.62
v 397.162 984.785 12.575
v 397.149 985.763 9.115
v 440.589 983.805 9.62
v 397.149 985.763 9.115
v 440.615 984.317 8.153
v 440.615 984.317 8.153
v 397.149 985.763 9.115
v 397.165 986.268 7.397
v 440.615 984.317 8.153
v 397.165 986.268 7.397
v 440.606 984.557 7.655
v 440.606 984.557 7.655
v 397.165 986.268 7.397
v 397.172 986.519 6.906
v 526.905 978.853 25.395
v 440.561 982.798 26.134
v 526.961 978.152 22.709
v 526.961 978.152 22.709
v 440.561 982.798 26.134
v 440.567 982.062 22.93
v 526.961 978.152 22.709
v 440.567 982.062 22.93
v 526.959 977.904 21.228
v 526.959 977.904 21.228
v 440.567 982.062 22.93
v 440.601 981.839 21.22
v 526.959 977.904 21.228
v 440.601 981.839 21.22
v 526.94 977.644 20.479
v 526.94 977.644 20.479
v 440.601 981.839 21.22
v 440.618 981.605 20.489
v 526.94 977.644 20.479
v 440.618 981.605 20.489
v 526.964 977.661 20.244
v 526.964 977.661 20.244
v 440.618 981.605 20.489
v 440.575 981.575 19.974
v 526.964 977.661 20.244
v 440.575 981.575 19.974
v 526.962 977.659 19.503
v 526.962 977.659 19.503
v 440.575 981.575 19.974
v 440.56 981.564 19.473
v 526.962 977.659 19.503
v 440.56 981.564 19.473
v 526.949 977.65 19.003
v 526.949 977.65 19.003
v 440.56 981.564 19.473
v 440.618 981.605 19.009
v 526.949 977.65 19.003
v 440.618 981.605 19.009
v 526.963 977.66 18.517
v 526.963 977.66 18.517
v 440.618 981.605 19.009
v 440.59 981.585 18.748
v 526.963 977.66 18.517
v 440.59 981.585 18.748
v 526.906 977.867 17.748
v 526.906 977.867 17.748
v 440.59 981.585 18.748
v 440.588 981.831 17.76
v 526.906 977.867 17.748
v 440.588 981.831 17.76
v 526.906 978.113 16.515
v 526.906 978.113 16.515
v 440.588 981.831 17.76
v 440.614 982.095 16.293
v 526.906 978.113 16.515
v 440.614 982.095 16.293
v 526.913 978.858 13.805
v 526.913 978.858 13.805
v 440.614 982.095 16.293
v 440.623 982.842 12.844
v 526.913 978.858 13.805
v 440.623 982.842 12.844
v 526.958 979.63 11.113
v 526.958 979.63 11.113
v 440.623 982.842 12.844
v 440.589 983.805 9.62
v 526.958 979.63 11.113
v 440.589 983.805 9.62
v 526.935 980.107 9.868
v 526.935 980.107 9.868
v 440.589 983.805 9.62
v 440.615 984.317 8.153
v 526.935 980.107 9.868
v 440.615 984.317 8.153
v 526.933 980.106 9.374
v 526.933 980.106 9.374
v 440.615 984.317 8.153
v 440.606 984.557 7.655
v 613.516 993.67 1.971
v 612.995 983.536 5.163
v 570.124 985.3 5.191
v 570.124 985.3 5.191
v 612.995 983.536 5.163
v 570.116 980.854 7.16
v 570.124 985.3 5.191
v 570.116 980.854 7.16
v 527.167 983.057 6.654
v 527.167 983.057 6.654
v 570.116 980.854 7.16
v 527.161 982.559 6.898
v 527.167 983.057 6.654
v 527.161 982.559 6.898
v 483.755 985.035 6.164
v 483.755 985.035 6.164
v 527.161 982.559 6.898
v 483.796 984.57 6.184
v 483.755 985.035 6.164
v 483.796 984.57 6.184
v 440.594 987.262 5.182
v 440.594 987.262 5.182
v 483.796 984.57 6.184
v 440.589 986.765 5.179
v 440.594 987.262 5.182
v 440.589 986.765 5.179
v 418.854 988.473 4.673
v 418.854 988.473 4.673
v 440.589 986.765 5.179
v 397.202 989.007 4.208
v 418.854 988.473 4.673
v 397.202 989.007 4.208
v 397.142 989.458 4.178
v 397.142 989.458 4.178
v 397.202 989.007 4.208
v 375.437 990.448 3.933
v 397.142 989.458 4.178
v 375.437 990.448 3.933
v 397.206 990.243 3.963
v 397.206 990.243 3.963
v 375.437 990.448 3.933
v 375.478 991.216 3.707
v 397.206 990.243 3.963
v 375.478 991.216 3.707
v 396.915 993.172 3.448
v 396.915 993.172 3.448
v 375.478 991.216 3.707
v 375.23 993.929 3.213
v 396.915 993.172 3.448
v 375.23 993.929 3.213
v 375.252 998.878 2.484
v 375.252 998.878 2.484
v 375.23 993.929 3.213
v 353.27 998.613 2.471
v 375.252 998.878 2.484
v 353.27 998.613 2.471
v 375.236 1001.581 2.229
v 375.236 1001.581 2.229
v 353.27 998.613 2.471
v 353.241 1001.06 2.456
v 375.236 1001.581 2.229
v 353.241 1001.06 2.456
v 375.214 1003.046 2.218
v 375.214 1003.046 2.218
v 353.241 1001.06 2.456
v 353.266 1002.557 2.222
v 375.214 1003.046 2.218
v 353.266 1002.557 2.222
v 375.199 1003.775 2.211
v 375.199 1003.775 2.211
v 353.266 1002.557 2.222
v 353.254 1003.289 2.216
v 375.199 1003.775 2.211
v 353.254 1003.289 2.216
v 375.226 1004.534 2.224
v 375.226 1004.534 2.224
v 353.254 1003.289 2.216
v 353.25 1004.026 2.214
v 375.226 1004.534 2.224
v 353.25 1004.026 2.214
v 353.23 1004.752 2.451
v 353.23 1004.752 2.451
v 353.25 1004.026 2.214
v 0.254 995.159 2.224
v 353.23 1004.752 2.451
v 0.254 995.159 2.224
v 0.221 995.877 2.454
v 633.525 972.473 20.239
v 612.568 973.962 20.739
v 612.553 973.704 20.238
v 612.553 973.704 20.238
v 612.568 973.962 20.739
v 570.128 975.682 20.241
v 612.553 973.704 20.238
v 570.128 975.682 20.241
v 570.103 975.664 19.488
v 570.103 975.664 19.488
v 570.128 975.682 20.241
v 526.962 977.659 19.503
v 570.103 975.664 19.488
v 526.962 977.659 19.503
v 570.127 975.681 19.006
v 570.127 975.681 19.006
v 526.962 977.659 19.503
v 526.949 977.65 19.003
v 570.127 975.681 19.006
v 526.949 977.65 19.003
v 570.094 975.658 18.497
v 570.094 975.658 18.497
v 526.949 977.65 19.003
v 526.963 977.66 18.517
v 570.094 975.658 18.497
v 526.963 977.66 18.517
v 570.138 975.936 17.779
v 570.138 975.936 17.779
v 526.963 977.66 18.517
v 526.906 977.867 17.748
v 570.138 975.936 17.779
v 526.906 977.867 17.748
v 570.097 976.154 16.525
v 570.097 976.154 16.525
v 526.906 977.867 17.748
v 526.906 978.113 16.515
v 570.097 976.154 16.525
v 526.906 978.113 16.515
v 570.078 976.881 13.802
v 570.078 976.881 13.802
v 526.906 978.113 16.515
v 526.913 978.858 13.805
v 570.078 976.881 13.802
v 526.913 978.858 13.805
v 570.116 977.647 11.354
v 570.116 977.647 11.354
v 526.913 978.858 13.805
v 526.958 979.63 11.113
v 570.116 977.647 11.354
v 526.958 979.63 11.113
v 570.085 978.119 10.105
v 570.085 978.119 10.105
v 526.958 979.63 11.113
v 526.935 980.107 9.868
v 570.085 978.119 10.105
v 526.935 980.107 9.868
v 570.101 978.377 9.619
v 570.101 978.377 9.619
v 526.935 980.107 9.868
v 526.933 980.106 9.374
v 570.101 978.377 9.619
v 526.933 980.106 9.374
v 527.189 980.359 9.132
v 527.189 980.359 9.132
v 526.933 980.106 9.374
v 440.606 984.557 7.655
v 527.189 980.359 9.132
v 440.606 984.557 7.655
v 440.613 984.562 7.412
v 440.613 984.562 7.412
v 440.606 984.557 7.655
v 397.172 986.519 6.906
v 440.613 984.562 7.412
v 397.172 986.519 6.906
v 397.202 986.787 6.428
v 397.202 986.787 6.428
v 397.172 986.519 6.906
v 375.451 987.251 6.654
v 397.202 986.787 6.428
v 375.451 987.251 6.654
v 375.486 987.522 6.178
v 696.875 965.777 22.681
v 654.994 971.738 25.177
v 654.716 970.976 22.694
v 654.716 970.976 22.694
v 654.994 971.738 25.177
v 633.749 972.951 22.695
v 654.716 970.976 22.694
v 633.749 972.951 22.695
v 654.725 970.735 21.218
v 654.725 970.735 21.218
v 633.749 972.951 22.695
v 633.741 972.698 21.21
v 654.725 970.735 21.218
v 633.741 972.698 21.21
v 654.733 970.494 20.729
v 654.733 970.494 20.729
v 633.741 972.698 21.21
v 633.512 972.464 20.726
v 654.733 970.494 20.729
v 633.512 972.464 20.726
v 654.722 970.487 20.23
v 654.722 970.487 20.23
v 633.512 972.464 20.726
v 633.525 972.473 20.239
v 654.722 970.487 20.23
v 633.525 972.473 20.239
v 654.709 970.477 19.483
v 654.709 970.477 19.483
v 633.525 972.473 20.239
v 633.475 972.438 19.474
v 654.709 970.477 19.483
v 633.475 972.438 19.474
v 654.706 970.475 18.988
v 654.706 970.475 18.988
v 633.475 972.438 19.474
v 633.487 972.447 18.987
v 654.706 970.475 18.988
v 633.487 972.447 18.987
v 654.745 970.503 18.515
v 654.745 970.503 18.515
v 633.487 972.447 18.987
v 633.536 972.481 18.518
v 654.745 970.503 18.515
v 633.536 972.481 18.518
v 654.752 970.754 17.778
v 654.752 970.754 17.778
v 633.536 972.481 18.518
v 633.771 972.72 17.772
v 654.752 970.754 17.778
v 633.771 972.72 17.772
v 654.687 970.955 16.512
v 654.687 970.955 16.512
v 633.771 972.72 17.772
v 633.781 972.973 16.544
v 654.687 970.955 16.512
v 633.781 972.973 16.544
v 654.981 971.729 13.822
v 654.981 971.729 13.822
v 633.781 972.973 16.544
v 633.737 973.682 13.808
v 654.981 971.729 13.822
v 633.737 973.682 13.808
v 654.947 972.445 11.338
v 654.947 972.445 11.338
v 633.737 973.682 13.808
v 633.752 974.433 11.348
v 654.947 972.445 11.338
v 633.752 974.433 11.348
v 654.963 972.949 10.112
v 654.963 972.949 10.112
v 633.752 974.433 11.348
v 633.774 974.695 10.126
v 654.963 972.949 10.112
v 633.774 974.695 10.126
v 654.956 973.191 9.616
v 654.956 973.191 9.616
v 633.774 974.695 10.126
v 633.745 974.921 9.618
v 654.956 973.191 9.616
v 633.745 974.921 9.618
v 654.981 973.456 8.888
v 654.981 973.456 8.888
v 633.745 974.921 9.618
v 633.717 975.395 8.864
v 654.981 973.456 8.888
v 633.717 975.395 8.864
v 655.247 973.716 8.404
v 655.247 973.716 8.404
v 633.717 975.395 8.864
v 633.963 975.641 8.37
v 655.247 973.716 8.404
v 633.963 975.641 8.37
v 655.236 974.201 7.905
v 655.236 974.201 7.905
v 633.963 975.641 8.37
v 634.017 976.172 7.904
v 655.236 974.201 7.905
v 634.017 976.172 7.904
v 655.208 974.922 7.645
v 655.208 974.922 7.645
v 634.017 976.172 7.904
v 633.97 976.633 7.633
v 655.208 974.922 7.645
v 633.97 976.633 7.633
v 655.18 975.149 7.384
v 655.18 975.149 7.384
v 633.97 976.633 7.633
v 633.967 977.124 7.385
v 655.18 975.149 7.384
v 633.967 977.124 7.385
v 655.229 975.677 7.162
v 655.229 975.677 7.162
v 633.967 977.124 7.385
v 633.997 977.638 7.154
v 655.229 975.677 7.162
v 633.997 977.638 7.154
v 655.679 980.086 5.167
v 655.679 980.086 5.167
v 633.997 977.638 7.154
v 634.485 982.075 5.178
v 655.679 980.086 5.167
v 634.485 982.075 5.178
v 635.221 992.187 1.969
v 635.221 992.187 1.969
v 634.485 982.075 5.178
v 613.516 993.67 1.971
v 635.221 992.187 1.969
v 613.516 993.67 1.971
v 635.751 997.393 0.753
v 635.751 997.393 0.753
v 613.516 993.67 1.971
v 614.003 998.846 0.734
v 635.751 997.393 0.753
v 614.003 998.846 0.734
v 635.718 999.837 0.243
v 635.718 999.837 0.243
v 614.003 998.846 0.734
v 614.001 1001.311 0.239
v 635.718 999.837 0.243
v 614.001 1001.311 0.239
v 635.945 1000.81 -0.013
v 635.945 1000.81 -0.013
v 614.001 1001.311 0.239
v 614.037 1002.323 0.011
v 635.945 1000.81 -0.013
v 614.037 1002.323 0.011
v 635.985 1001.331 0.007
v 635.985 1001.331 0.007
v 614.037 1002.323 0.011
v 614.251 1003.041 -0.006
v 635.985 1001.331 0.007
v 614.251 1003.041 -0.006
v 635.971 1001.814 0
v 635.971 1001.814 0
v 614.251 1003.041 -0.006
v 614.288 1003.56 0.013
v 635.971 1001.814 0
v 614.288 1003.56 0.013
v 614.258 1003.786 0.245
v 614.258 1003.786 0.245
v 614.288 1003.56 0.013
v 570.585 1005.013 -0.006
v 614.258 1003.786 0.245
v 570.585 1005.013 -0.006
v 570.622 1005.532 0.259
v 570.622 1005.532 0.259
v 570.585 1005.013 -0.006
v 527.148 1005.246 0.231
v 570.622 1005.532 0.259
v 527.148 1005.246 0.231
v 527.176 1005.759 0.244
v 527.176 1005.759 0.244
v 527.148 1005.246 0.231
v 440.338 1004.771 1.477
v 527.176 1005.759 0.244
v 440.338 1004.771 1.477
v 440.37 1005.287 1.493
v 440.37 1005.287 1.493
v 440.338 1004.771 1.477
v 396.953 1004.547 1.987
v 440.37 1005.287 1.493
v 396.953 1004.547 1.987
v 396.959 1005.045 2.237
v 396.959 1005.045 2.237
v 396.953 1004.547 1.987
v 375.226 1004.534 2.224
v 396.959 1005.045 2.237
v 375.226 1004.534 2.224
v 396.91 1005.504 2.212
v 396.91 1005.504 2.212
v 375.226 1004.534 2.224
v 353.23 1004.752 2.451
v 396.91 1005.504 2.212
v 353.23 1004.752 2.451
v 396.929 1005.763 2.468
v 396.929 1005.763 2.468
v 353.23 1004.752 2.451
v 353.239 1005.005 2.702
v 396.929 1005.763 2.468
v 353.239 1005.005 2.702
v 396.9 1006.236 2.453
v 396.9 1006.236 2.453
v 353.239 1005.005 2.702
v 353.251 1005.507 2.708
v 396.9 1006.236 2.453
v 353.251 1005.507 2.708
v 396.904 1006.486 2.702
v 396.904 1006.486 2.702
v 353.251 1005.507 2.708
v 352.998 1005.749 2.951
v 396.904 1006.486 2.702
v 352.998 1005.749 2.951
v 396.932 1006.999 2.963
v 396.932 1006.999 2.963
v 352.998 1005.749 2.951
v 353.004 1006.247 3.201
v 396.932 1006.999 2.963
v 353.004 1006.247 3.201
v 396.896 1007.22 3.192
v 396.896 1007.22 3.192
v 353.004 1006.247 3.201
v 353.039 1006.518 3.465
v 396.896 1007.22 3.192
v 353.039 1006.518 3.465
v 396.917 1007.482 3.695
v 396.917 1007.482 3.695
v 353.039 1006.518 3.465
v 353.04 1006.765 3.959
v 396.917 1007.482 3.695
v 353.04 1006.765 3.959
v 396.927 1007.982 3.947
v 396.927 1007.982 3.947
v 353.04 1006.765 3.959
v 353.021 1007.246 4.196
v 396.927 1007.982 3.947
v 353.021 1007.246 4.196
v 396.909 1008.216 4.185
v 396.909 1008.216 4.185
v 353.021 1007.246 4.196
v 353.003 1007.48 4.434
v 396.909 1008.216 4.185
v 353.003 1007.48 4.434
v 396.911 1008.464 4.679
v 396.911 1008.464 4.679
v 353.003 1007.48 4.434
v 353.035 1007.502 4.944
v 396.911 1008.464 4.679
v 353.035 1007.502 4.944
v 396.901 1008.457 4.921
v 396.901 1008.457 4.921
v 353.035 1007.502 4.944
v 353.032 1007.747 5.435
v 396.901 1008.457 4.921
v 353.032 1007.747 5.435
v 396.903 1008.952 5.909
v 396.903 1008.952 5.909
v 353.032 1007.747 5.435
v 353.004 1007.974 6.161
v 396.903 1008.952 5.909
v 353.004 1007.974 6.161
v 396.932 1008.972 6.663
v 396.932 1008.972 6.663
v 353.004 1007.974 6.161
v 353.029 1008.238 6.914
v 396.932 1008.972 6.663
v 353.029 1008.238 6.914
v 396.902 1010.678 13.062
v 396.902 1010.678 13.062
v 353.029 1008.238 6.914
v 353.001 1009.699 13.067
v 396.902 1010.678 13.062
v 353.001 1009.699 13.067
v 396.942 1011.2 16.289
v 396.942 1011.2 16.289
v 353.001 1009.699 13.067
v 352.994 1010.187 16.271
v 396.942 1011.2 16.289
v 352.994 1010.187 16.271
v 396.902 1011.419 17.749
v 396.902 1011.419 17.749
v 352.994 1010.187 16.271
v 353.024 1010.455 18.013
v 396.902 1011.419 17.749
v 353.024 1010.455 18.013
v 396.942 1011.693 18.756
v 396.942 1011.693 18.756
v 353.024 1010.455 18.013
v 353.049 1010.719 18.765
v 396.942 1011.693 18.756
v 353.049 1010.719 18.765
v 396.895 1011.66 19.473
v 396.895 1011.66 19.473
v 353.049 1010.719 18.765
v 352.994 1010.68 19.478
v 396.895 1011.66 19.473
v 352.994 1010.68 19.478
v 353.044 1010.716 20.49
v 353.044 1010.716 20.49
v 352.994 1010.68 19.478
v -0.001 1002.061 19.488
v 353.044 1010.716 20.49
v -0.001 1002.061 19.488
v -0.001 1001.814 20.475
v 0.476 984.781 3.198
v 176.879 989.235 3.208
v 0.459 982.055 3.436
v 0.459 982.055 3.436
v 176.879 989.235 3.208
v 176.847 986.498 3.438
v 0.459 982.055 3.436
v 176.847 986.498 3.438
v 0.498 981.343 3.703
v 0.498 981.343 3.703
v 176.847 986.498 3.438
v 177.128 985.782 3.702
v 0.498 981.343 3.703
v 177.128 985.782 3.702
v 0.507 980.609 3.954
v 0.507 980.609 3.954
v 177.128 985.782 3.702
v 177.135 985.047 3.952
v 0.507 980.609 3.954
v 177.135 985.047 3.952
v 0.517 980.122 4.205
v 0.517 980.122 4.205
v 177.135 985.047 3.952
v 177.116 984.541 4.19
v 0.517 980.122 4.205
v 177.116 984.541 4.19
v 0.459 979.835 4.423
v 0.459 979.835 4.423
v 177.116 984.541 4.19
v 177.157 984.323 4.457
v 0.459 979.835 4.423
v 177.157 984.323 4.457
v 0.49 979.363 4.932
v 0.49 979.363 4.932
v 177.157 984.323 4.457
v 177.106 983.793 4.924
v 0.49 979.363 4.932
v 177.106 983.793 4.924
v 0.519 979.137 5.193
v 0.519 979.137 5.193
v 177.106 983.793 4.924
v 177.095 983.539 5.166
v 0.519 979.137 5.193
v 177.095 983.539 5.166
v 0.523 978.893 5.689
v 0.523 978.893 5.689
v 177.095 983.539 5.166
v 177.136 983.075 5.68
v 0.523 978.893 5.689
v 177.136 983.075 5.68
v 0.468 978.608 5.908
v 0.468 978.608 5.908
v 177.136 983.075 5.68
v 177.119 982.815 5.918
v 0.468 978.608 5.908
v 177.119 982.815 5.918
v 0.495 978.38 6.415
v 0.495 978.38 6.415
v 177.119 982.815 5.918
v 177.11 982.563 6.407
v 0.495 978.38 6.415
v 177.11 982.563 6.407
v 0.466 978.113 6.894
v 0.466 978.113 6.894
v 177.11 982.563 6.407
v 177.113 982.565 6.902
v 0.466 978.113 6.894
v 177.113 982.565 6.902
v 0.517 977.656 8.646
v 0.517 977.656 8.646
v 177.113 982.565 6.902
v 177.13 982.083 8.637
v 0.517 977.656 8.646
v 177.13 982.083 8.637
v 0.716 976.635 12.322
v 0.716 976.635 12.322
v 177.13 982.083 8.637
v 177.118 981.088 12.331
v 0.716 976.635 12.322
v 177.118 981.088 12.331
v 0.772 975.934 16.051
v 0.772 975.934 16.051
v 177.118 981.088 12.331
v 177.094 980.331 16.02
v 0.772 975.934 16.051
v 177.094 980.331 16.02
v 0.715 975.648 17.996
v 0.715 975.648 17.996
v 177.094 980.331 16.02
v 177.158 980.129 18.025
v 0.715 975.648 17.996
v 177.158 980.129 18.025
v 0.722 975.406 18.739
v 0.722 975.406 18.739
v 177.158 980.129 18.025
v 177.127 979.861 18.75
v 0.722 975.406 18.739
v 177.127 979.861 18.75
v 0.745 975.423 19.491
v 0.745 975.423 19.491
v 177.127 979.861 18.75
v 177.123 979.858 19.488
v 0.745 975.423 19.491
v 177.123 979.858 19.488
v 0.774 975.443 20.246
v 0.774 975.443 20.246
v 177.123 979.858 19.488
v 177.117 979.854 20.225
v 0.774 975.443 20.246
v 177.117 979.854 20.225
v 0.732 975.66 21.211
v 0.732 975.66 21.211
v 177.117 979.854 20.225
v 177.154 980.127 21.23
v 0.732 975.66 21.211
v 177.154 980.127 21.23
v 0.745 975.916 22.945
v 0.745 975.916 22.945
v 177.154 980.127 21.23
v 177.098 980.334 22.929
v 0.745 975.916 22.945
v 177.098 980.334 22.929
v 0.757 976.664 26.651
v 0.757 976.664 26.651
v 177.098 980.334 22.929
v 177.102 981.077 26.631
v 0.757 976.664 26.651
v 177.102 981.077 26.631
v 0.526 977.662 30.359
v 0.526 977.662 30.359
v 177.102 981.077 26.631
v 177.158 982.103 30.36
v 0.526 977.662 30.359
v 177.158 982.103 30.36
v 0.512 978.146 32.079
v 0.512 978.146 32.079
v 177.158 982.103 30.36
v 177.124 982.573 32.07
v 0.512 978.146 32.079
v 177.124 982.573 32.07
v 0.481 978.37 32.557
v 0.481 978.37 32.557
v 177.124 982.573 32.07
v 177.113 982.565 32.557
v 0.481 978.37 32.557
v 177.113 982.565 32.557
v 0.48 978.617 33.05
v 0.48 978.617 33.05
v 177.113 982.565 32.557
v 177.158 982.843 33.073
v 0.48 978.617 33.05
v 177.158 982.843 33.073
v 0.476 978.86 33.541
v 0.476 978.86 33.541
v 177.158 982.843 33.073
v 177.115 983.06 33.545
v 0.476 978.86 33.541
v 177.115 983.06 33.545
v 0.498 979.123 33.799
v 0.498 979.123 33.799
v 177.115 983.06 33.545
v 177.109 983.549 33.789
v 0.498 979.123 33.799
v 177.109 983.549 33.789
v 0.48 979.357 34.283
v 0.48 979.357 34.283
v 177.109 983.549 33.789
v 177.148 983.823 34.302
v 0.48 979.357 34.283
v 177.148 983.823 34.302
v 0.492 979.859 34.536
v 0.492 979.859 34.536
v 177.148 983.823 34.302
v 177.148 984.316 34.548
v 0.492 979.859 34.536
v 177.148 984.316 34.548
v 0.463 980.084 34.768
v 0.463 980.084 34.768
v 177.148 984.316 34.548
v 177.1 984.529 34.771
v 0.463 980.084 34.768
v 177.1 984.529 34.771
v 0.477 980.588 35.022
v 0.477 980.588 35.022
v 177.1 984.529 34.771
v 177.124 985.039 35.03
v 0.477 980.588 35.022
v 177.124 985.039 35.03
v 0.503 981.346 35.282
v 0.503 981.346 35.282
v 177.124 985.039 35.03
v 177.122 985.778 35.275
v 0.503 981.346 35.282
v 177.122 985.778 35.275
v 0.468 982.062 35.511
v 0.468 982.062 35.511
v 177.122 985.778 35.275
v 176.867 986.512 35.518
v 0.468 982.062 35.511
v 176.867 986.512 35.518
v 0.482 984.785 36.011
v 0.482 984.785 36.011
v 176.867 986.512 35.518
v 176.881 989.236 36.018
v 0.482 984.785 36.011
v 176.881 989.236 36.018
v 0.269 989.743 36.522
v 0.269 989.743 36.522
v 176.881 989.236 36.018
v 176.896 994.18 36.519
v 0.269 989.743 36.522
v 176.896 994.18 36.519
v 0.251 992.444 36.759
v 0.251 992.444 36.759
v 176.896 994.18 36.519
v 353.23 1001.052 36.741
v 0.251 992.444 36.759
v 353.23 1001.052 36.741
v 0.241 993.67 36.754
v 0.241 993.67 36.754
v 353.23 1001.052 36.741
v 353.252 1002.548 36.752
v 0.241 993.67 36.754
v 353.252 1002.548 36.752
v 0.219 994.395 36.743
v 0.219 994.395 36.743
v 353.252 1002.548 36.752
v 353.275 1003.304 36.763
v 0.219 994.395 36.743
v 353.275 1003.304 36.763
v 0.223 995.137 36.745
v 0.223 995.137 36.745
v 353.275 1003.304 36.763
v 353.283 1004.049 36.767
v 0.223 995.137 36.745
v 353.283 1004.049 36.767
v 0.269 995.91 36.522
v 0.269 995.91 36.522
v 353.283 1004.049 36.767
v 353.228 1004.751 36.493
v 0.269 995.91 36.522
v 353.228 1004.751 36.493
v 353.296 1005.046 36.527
v 353.296 1005.046 36.527
v 353.228 1004.751 36.493
v 396.934 1005.52 36.761
v 353.296 1005.046 36.527
v 396.934 1005.52 36.761
v 396.933 1005.766 36.76
v 396.933 1005.766 36.76
v 396.934 1005.52 36.761
v 440.329 1005.751 37.49
v 396.933 1005.766 36.76
v 440.329 1005.751 37.49
v 440.315 1005.988 37.236
v 440.315 1005.988 37.236
v 440.329 1005.751 37.49
v 527.199 1006.022 38.74
v 440.315 1005.988 37.236
v 527.199 1006.022 38.74
v 527.215 1006.527 38.501
v 527.215 1006.527 38.501
v 527.199 1006.022 38.74
v 570.599 1006.01 38.978
v 527.215 1006.527 38.501
v 570.599 1006.01 38.978
v 570.602 1006.258 38.733
v 570.602 1006.258 38.733
v 570.599 1006.01 38.978
v 614.285 1004.298 38.742
v 570.602 1006.258 38.733
v 614.285 1004.298 38.742
v 614.265 1004.777 38.732
v 614.265 1004.777 38.732
v 614.285 1004.298 38.742
v 657.952 1000.846 38.743
v 614.265 1004.777 38.732
v 657.952 1000.846 38.743
v 657.916 1001.067 38.725
v 701.565 998.589 3.44
v 658.174 1003.789 2.961
v 658.144 1004.015 3.439
v 658.144 1004.015 3.439
v 658.174 1003.789 2.961
v 614.488 1007.474 2.95
v 658.144 1004.015 3.439
v 614.488 1007.474 2.95
v 614.51 1007.49 3.454
v 614.51 1007.49 3.454
v 614.488 1007.474 2.95
v 570.594 1008.966 2.958
v 614.51 1007.49 3.454
v 570.594 1008.966 2.958
v 570.587 1009.208 3.448
v 570.587 1009.208 3.448
v 570.594 1008.966 2.958
v 527.205 1009.233 3.219
v 570.587 1009.208 3.448
v 527.205 1009.233 3.219
v 527.159 1009.448 3.69
v 527.159 1009.448 3.69
v 527.205 1009.233 3.219
v 440.079 1008.956 4.431
v 527.159 1009.448 3.69
v 440.079 1008.956 4.431
v 440.329 1009.204 4.926
v 440.329 1009.204 4.926
v 440.079 1008.956 4.431
v 396.901 1008.457 4.921
v 440.329 1009.204 4.926
v 396.901 1008.457 4.921
v 440.342 1009.214 5.179
v 440.342 1009.214 5.179
v 396.901 1008.457 4.921
v 396.903 1008.952 5.909
v 440.342 1009.214 5.179
v 396.903 1008.952 5.909
v 440.328 1009.451 6.159
v 440.328 1009.451 6.159
v 396.903 1008.952 5.909
v 396.932 1008.972 6.663
v 440.328 1009.451 6.159
v 396.932 1008.972 6.663
v 440.35 1011.193 12.83
v 440.35 1011.193 12.83
v 396.932 1008.972 6.663
v 396.902 1010.678 13.062
v 440.35 1011.193 12.83
v 396.902 1010.678 13.062
v 440.337 1011.924 16.278
v 440.337 1011.924 16.278
v 396.902 1010.678 13.062
v 396.942 1011.2 16.289
v 440.337 1011.924 16.278
v 396.942 1011.2 16.289
v 440.355 1012.183 17.767
v 440.355 1012.183 17.767
v 396.942 1011.2 16.289
v 396.902 1011.419 17.749
v 440.355 1012.183 17.767
v 396.902 1011.419 17.749
v 440.358 1012.185 18.755
v 440.358 1012.185 18.755
v 396.902 1011.419 17.749
v 396.942 1011.693 18.756
v 440.358 1012.185 18.755
v 396.942 1011.693 18.756
v 440.362 1012.435 19.497
v 440.362 1012.435 19.497
v 396.942 1011.693 18.756
v 396.895 1011.66 19.473
v 440.362 1012.435 19.497
v 396.895 1011.66 19.473
v 396.955 1011.702 20.49
v 396.955 1011.702 20.49
v 396.895 1011.66 19.473
v 353.044 1010.716 20.49
v 396.955 1011.702 20.49
v 353.044 1010.716 20.49
v 353.026 1010.457 21.221
v 353.026 1010.457 21.221
v 353.044 1010.716 20.49
v -0.001 1001.814 20.475
v 353.026 1010.457 21.221
v -0.001 1001.814 20.475
v 0.017 1001.827 21.224
v 701.861 999.118 34.302
v 658.188 1004.539 34.297
v 701.613 998.87 35.288
v 701.613 998.87 35.288
v 658.188 1004.539 34.297
v 658.152 1004.267 35.266
v 701.613 998.87 35.288
v 658.152 1004.267 35.266
v 701.626 998.632 35.788
v 701.626 998.632 35.788
v 658.152 1004.267 35.266
v 658.154 1004.021 35.76
v 701.626 998.632 35.788
v 658.154 1004.021 35.76
v 701.6 998.367 36.021
v 701.6 998.367 36.021
v 658.154 1004.021 35.76
v 658.149 1003.771 36.005
v 701.6 998.367 36.021
v 658.149 1003.771 36.005
v 701.618 998.38 36.524
v 701.618 998.38 36.524
v 658.149 1003.771 36.005
v 658.147 1003.77 36.497
v 701.618 998.38 36.524
v 658.147 1003.77 36.497
v 701.622 998.136 36.773
v 701.622 998.136 36.773
v 658.147 1003.77 36.497
v 658.189 1003.552 36.765
v 701.622 998.136 36.773
v 658.189 1003.552 36.765
v 701.593 997.622 37.498
v 701.593 997.622 37.498
v 658.189 1003.552 36.765
v 658.166 1003.043 37.493
v 701.593 997.622 37.498
v 658.166 1003.043 37.493
v 701.318 996.862 37.977
v 701.318 996.862 37.977
v 658.166 1003.043 37.493
v 657.904 1002.293 37.979
v 701.318 996.862 37.977
v 657.904 1002.293 37.979
v 701.338 996.136 38.481
v 701.338 996.136 38.481
v 657.904 1002.293 37.979
v 657.946 1001.582 38.494
v 701.338 996.136 38.481
v 657.946 1001.582 38.494
v 701.361 995.906 38.739
v 701.361 995.906 38.739
v 657.946 1001.582 38.494
v 657.916 1001.067 38.725
v 701.361 995.906 38.739
v 657.916 1001.067 38.725
v 701.1 995.403 38.732
v 701.1 995.403 38.732
v 657.916 1001.067 38.725
v 657.952 1000.846 38.743
v 701.1 995.403 38.732
v 657.952 1000.846 38.743
v 701.106 994.913 38.981
v 701.106 994.913 38.981
v 657.952 1000.846 38.743
v 657.92 1000.33 38.974
v 701.106 994.913 38.981
v 657.92 1000.33 38.974
v 701.121 994.431 38.989
v 701.121 994.431 38.989
v 657.92 1000.33 38.974
v 657.662 999.829 38.968
v 701.121 994.431 38.989
v 657.662 999.829 38.968
v 701.064 993.897 38.96
v 701.064 993.897 38.96
v 657.662 999.829 38.968
v 657.692 999.356 38.983
v 701.064 993.897 38.96
v 657.692 999.356 38.983
v 700.82 993.405 38.962
v 700.82 993.405 38.962
v 657.692 999.356 38.983
v 657.646 998.831 38.96
v 700.82 993.405 38.962
v 657.646 998.831 38.96
v 700.856 992.197 38.733
v 700.856 992.197 38.733
v 657.646 998.831 38.96
v 657.664 997.61 38.723
v 700.856 992.197 38.733
v 657.664 997.61 38.723
v 700.373 989.984 38.492
v 700.373 989.984 38.492
v 657.664 997.61 38.723
v 657.454 995.415 38.248
v 700.373 989.984 38.492
v 657.454 995.415 38.248
v 699.635 984.805 37.259
v 699.635 984.805 37.259
v 657.454 995.415 38.248
v 656.697 990.223 37.252
v 699.635 984.805 37.259
v 656.697 990.223 37.252
v 655.706 980.106 33.797
v 655.706 980.106 33.797
v 656.697 990.223 37.252
v 634.519 982.099 33.811
v 655.706 980.106 33.797
v 634.519 982.099 33.811
v 633.967 977.618 32.055
v 633.967 977.618 32.055
v 634.519 982.099 33.811
v 612.788 978.877 32.073
v 633.967 977.618 32.055
v 612.788 978.877 32.073
v 634.026 977.166 31.837
v 634.026 977.166 31.837
v 612.788 978.877 32.073
v 612.758 978.362 31.811
v 634.026 977.166 31.837
v 612.758 978.362 31.811
v 633.998 976.653 31.577
v 633.998 976.653 31.577
v 612.758 978.362 31.811
v 612.749 978.109 31.56
v 633.998 976.653 31.577
v 612.749 978.109 31.56
v 634.026 976.179 31.097
v 634.026 976.179 31.097
v 612.749 978.109 31.56
v 612.545 977.399 31.088
v 634.026 976.179 31.097
v 612.545 977.399 31.088
v 633.969 975.646 30.576
v 633.969 975.646 30.576
v 612.545 977.399 31.088
v 612.558 977.161 30.601
v 633.969 975.646 30.576
v 612.558 977.161 30.601
v 633.759 975.425 30.101
v 633.759 975.425 30.101
v 612.558 977.161 30.601
v 612.507 976.632 30.082
v 633.759 975.425 30.101
v 612.507 976.632 30.082
v 633.768 974.938 29.612
v 633.768 974.938 29.612
v 612.507 976.632 30.082
v 612.551 976.416 29.611
v 633.768 974.938 29.612
v 612.551 976.416 29.611
v 633.751 974.679 29.11
v 633.751 974.679 29.11
v 612.551 976.416 29.611
v 612.514 976.144 29.099
v 633.751 974.679 29.11
v 612.514 976.144 29.099
v 633.739 974.424 27.624
v 633.739 974.424 27.624
v 612.514 976.144 29.099
v 612.544 975.672 27.634
v 633.739 974.424 27.624
v 612.544 975.672 27.634
v 612.562 974.944 25.176
v 612.562 974.944 25.176
v 612.544 975.672 27.634
v 570.139 977.663 27.647
v 612.562 974.944 25.176
v 570.139 977.663 27.647
v 570.072 976.876 25.146
v 570.072 976.876 25.146
v 570.139 977.663 27.647
v 526.914 979.599 27.866
v 570.072 976.876 25.146
v 526.914 979.599 27.866
v 526.905 978.853 25.395
v 526.905 978.853 25.395
v 526.914 979.599 27.866
v 440.594 983.808 29.358
v 526.905 978.853 25.395
v 440.594 983.808 29.358
v 440.561 982.798 26.134
v 440.561 982.798 26.134
v 440.594 983.808 29.358
v 397.153 985.765 30.086
v 440.561 982.798 26.134
v 397.153 985.765 30.086
v 397.203 984.814 26.657
v 397.203 984.814 26.657
v 397.153 985.765 30.086
v 375.465 985.78 26.643
v 397.203 984.814 26.657
v 375.465 985.78 26.643
v 375.485 985.054 22.952
v 375.485 985.054 22.952
v 375.465 985.78 26.643
v 353.774 984.806 22.951
v 375.485 985.054 22.952
v 353.774 984.806 22.951
v 375.49 984.811 21.228
v 375.49 984.811 21.228
v 353.774 984.806 22.951
v 353.761 984.55 21.218
v 375.49 984.811 21.228
v 353.761 984.55 21.218
v 375.438 984.528 20.215
v 375.438 984.528 20.215
v 353.761 984.55 21.218
v 353.771 984.311 20.236
v 375.438 984.528 20.215
v 353.771 984.311 20.236
v 375.452 984.537 19.482
v 375.452 984.537 19.482
v 353.771 984.311 20.236
v 353.776 984.314 19.499
v 375.452 984.537 19.482
v 353.776 984.314 19.499
v 375.452 984.538 18.742
v 375.452 984.538 18.742
v 353.776 984.314 19.499
v 353.73 984.282 18.736
v 375.452 984.538 18.742
v 353.73 984.282 18.736
v 375.432 984.77 17.992
v 375.432 984.77 17.992
v 353.73 984.282 18.736
v 353.731 984.529 17.996
v 375.432 984.77 17.992
v 353.731 984.529 17.996
v 375.488 985.056 16.047
v 375.488 985.056 16.047
v 353.731 984.529 17.996
v 353.76 984.796 16.037
v 375.488 985.056 16.047
v 353.76 984.796 16.037
v 375.446 985.767 12.325
v 375.446 985.767 12.325
v 353.76 984.796 16.037
v 353.723 985.511 12.318
v 375.446 985.767 12.325
v 353.723 985.511 12.318
v 375.438 986.501 8.868
v 375.438 986.501 8.868
v 353.723 985.511 12.318
v 353.733 986.504 8.623
v 375.438 986.501 8.868
v 353.733 986.504 8.623
v 375.444 986.999 6.897
v 375.444 986.999 6.897
v 353.733 986.504 8.623
v 353.73 986.995 6.894
v 375.444 986.999 6.897
v 353.73 986.995 6.894
v 375.451 987.251 6.654
v 375.451 987.251 6.654
v 353.73 986.995 6.894
v 353.741 987.003 6.406
v 375.451 987.251 6.654
v 353.741 987.003 6.406
v 375.486 987.522 6.178
v 375.486 987.522 6.178
v 353.741 987.003 6.406
v 353.738 987.248 5.912
v 375.486 987.522 6.178
v 353.738 987.248 5.912
v 375.461 987.751 5.672
v 375.461 987.751 5.672
v 353.738 987.248 5.912
v 353.746 987.5 5.669
v 375.461 987.751 5.672
v 353.746 987.5 5.669
v 375.495 988.021 5.442
v 375.495 988.021 5.442
v 353.746 987.5 5.669
v 353.541 988.023 5.197
v 375.495 988.021 5.442
v 353.541 988.023 5.197
v 375.438 988.475 4.921
v 375.438 988.475 4.921
v 353.541 988.023 5.197
v 353.527 988.259 4.943
v 375.438 988.475 4.921
v 353.527 988.259 4.943
v 375.473 988.746 4.691
v 375.473 988.746 4.691
v 353.527 988.259 4.943
v 353.51 988.741 4.441
v 375.473 988.746 4.691
v 353.51 988.741 4.441
v 375.457 989.228 4.437
v 375.457 989.228 4.437
v 353.51 988.741 4.441
v 353.505 988.984 4.192
v 375.457 989.228 4.437
v 353.505 988.984 4.192
v 375.498 989.75 4.21
v 375.498 989.75 4.21
v 353.505 988.984 4.192
v 353.538 989.5 3.961
v 375.498 989.75 4.21
v 353.538 989.5 3.961
v 375.437 990.448 3.933
v 375.437 990.448 3.933
v 353.538 989.5 3.961
v 353.478 990.198 3.685
v 375.437 990.448 3.933
v 353.478 990.198 3.685
v 375.478 991.216 3.707
v 375.478 991.216 3.707
v 353.478 990.198 3.685
v 353.496 990.951 3.447
v 375.478 991.216 3.707
v 353.496 990.951 3.447
v 375.23 993.929 3.213
v 375.23 993.929 3.213
v 353.496 990.951 3.447
v 353.516 993.679 3.21
v 375.23 993.929 3.213
v 353.516 993.679 3.21
v 353.27 998.613 2.471
v 353.27 998.613 2.471
v 353.516 993.679 3.21
v 176.879 989.235 3.208
v 353.27 998.613 2.471
v 176.879 989.235 3.208
v 176.885 994.172 2.47
v 176.885 994.172 2.47
v 176.879 989.235 3.208
v 0.476 984.781 3.198
v 176.885 994.172 2.47
v 0.476 984.781 3.198
v 0.272 989.745 2.48
f 1 2 3
f 4 5 6
f 7 8 9
f 10 11 12
f 13 14 15
f 16 17 18
f 19 20 21
f 22 23 24
f 25 26 27
f 28 29 30
f 31 32 33
f 34 35 36
f 37 38 39
f 40 41 42
f 43 44 45
f 46 47 48
f 49 50 51
f 52 53 54
f 55 56 57
f 58 59 60
f 61 62 63
f 64 65 66
f 67 68 69
f 70 71 72
f 73 74 75
f 76 77 78
f 79 80 81
f 82 83 84
f 85 86 87
f 88 89 90
f 91 92 93
f 94 95 96
f 97 98 99
f 100 101 102
f 103 104 105
f 106 107 108
f 109 110 111
f 112 113 114
f 115 116 117
f 118 119 120
f 121 122 123
f 124 125 126
f 127 128 129
f 130 131 132
f 133 134 135
f 136 137 138
f 139 140 141
f 142 143 144
f 145 146 147
f 148 149 150
f 151 152 153
f 154 155 156
f 157 158 159
f 160 161 162
f 163 164 165
f 166 167 168
f 169 170 171
f 172 173 174
f 175 176 177
f 178 179 180
f 181 182 183
f 184 185 186
f 187 188 189
f 190 191 192
f 193 194 195
f 196 197 198
f 199 200 201
f 202 203 204
f 205 206 207
f 208 209 210
f 211 212 213
f 214 215 216
f 217 218 219
f 220 221 222
f 223 224 225
f 226 227 228
f 229 230 231
f 232 233 234
f 235 236 237
f 238 239 240
f 241 242 243
f 244 245 246
f 247 248 249
f 250 251 252
f 253 254 255
f 256 257 258
f 259 260 261
f 262 263 264
f 265 266 267
f 268 269 270
f 271 272 273
f 274 275 276
f 277 278 279
f 280 281 282
f 283 284 285
f 286 287 288
f 289 290 291
f 292 293 294
f 295 296 297
f 298 299 300
f 301 302 303
f 304 305 306
f 307 308 309
f 310 311 312
f 313 314 315
f 316 317 318
f 319 320 321
f 322 323 324
f 325 326 327
f 328 329 330
f 331 332 333
f 334 335 336
f 337 338 339
f 340 341 342
f 343 344 345
f 346 347 348
f 349 350 351
f 352 353 354
f 355 356 357
f 358 359 360
f 361 362 363
f 364 365 366
f 367 368 369
f 370 371 372
f 373 374 375
f 376 377 378
f 379 380 381
f 382 383 384
f 385 386 387
f 388 389 390
f 391 392 393
f 394 395 396
f 397 398 399
f 400 401 402
f 403 404 405
f 406 407 408
f 409 410 411
f 412 413 414
f 415 416 417
f 418 419 420
f 421 422 423
f 424 425 426
f 427 428 429
f 430 431 432
f 433 434 435
f 436 437 438
f 439 440 441
f 442 443 444
f 445 446 447
f 448 449 450
f 451 452 453
f 454 455 456
f 457 458 459
f 460 461 462
f 463 464 465
f 466 467 468
f 469 470 471
f 472 473 474
f 475 476 477
f 478 479 480
f 481 482 483
f 484 485 486
f 487 488 489
f 490 491 492
f 493 494 495
f 496 497 498
f 499 500 501
f 502 503 504
f 505 506 507
f 508 509 510
f 511 512 513
f 514 515 516
f 517 518 519
f 520 521 522
f 523 524 525
f 526 527 528
f 529 530 531
f 532 533 534
f 535 536 537
f 538 539 540
f 541 542 543
f 544 545 546
f 547 548 549
f 550 551 552
f 553 554 555
f 556 557 558
f 559 560 561
f 562 563 564
f 565 566 567
f 568 569 570
f 571 572 573
f 574 575 576
f 577 578 579
f 580 581 582
f 583 584 585
f 586 587 588
f 589 590 591
f 592 593 594
f 595 596 597
f 598 599 600
f 601 602 603
f 604 605 606
f 607 608 609
f 610 611 612
f 613 614 615
f 616 617 618
f 619 620 621
f 622 623 624
f 625 626 627
f 628 629 630
f 631 632 633
f 634 635 636
f 637 638 639
f 640 641 642
f 643 644 645
f 646 647 648
f 649 650 651
f 652 653 654
f 655 656 657
f 658 659 660
f 661 662 663
f 664 665 666
f 667 668 669
f 670 671 672
f 673 674 675
f 676 677 678
f 679 680 681
f 682 683 684
f 685 686 687
f 688 689 690
f 691 692 693
f 694 695 696
f 697 698 699
f 700 701 702
f 703 704 705
f 706 707 708
f 709 710 711
f 712 713 714
f 715 716 717
f 718 719 720
f 721 722 723
f 724 725 726
f 727 728 729
f 730 731 732
f 733 734 735
f 736 737 738
f 739 740 741
f 742 743 744
f 745 746 747
f 748 749 750
f 751 752 753
f 754 755 756
f 757 758 759
f 760 761 762
f 763 764 765
f 766 767 768
f 769 770 771
f 772 773 774
f 775 776 777
f 778 779 780
f 781 782 783
f 784 785 786
f 787 788 789
f 790 791 792
f 793 794 795
f 796 797 798
f 799 800 801
f 802 803 804
f 805 806 807
f 808 809 810
f 811 812 813
f 814 815 816
f 817 818 819
f 820 821 822
f 823 824 825
f 826 827 828
f 829 830 831
f 832 833 834
f 835 836 837
f 838 839 840
f 841 842 843
f 844 845 846
f 847 848 849
f 850 851 852
f 853 854 855
f 856 857 858
f 859 860 861
f 862 863 864
f 865 866 867
f 868 869 870
f 871 872 873
f 874 875 876
f 877 878 879
f 880 881 882
f 883 884 885
f 886 887 888
f 889 890 891
f 892 893 894
f 895 896 897
f 898 899 900
f 901 902 903
f 904 905 906
f 907 908 909
f 910 911 912
f 913 914 915
f 916 917 918
f 919 920 921
f 922 923 924
f 925 926 927
f 928 929 930
f 931 932 933
f 934 935 936
f 937 938 939
f 940 941 942
f 943 944 945
f 946 947 948
f 949 950 951
f 952 953 954
f 955 956 957
f 958 959 960
f 961 962 963
f 964 965 966
f 967 968 969
f 970 971 972
f 973 974 975
f 976 977 978
f 979 980 981
f 982 983 984
f 985 986 987
f 988 989 990
f 991 992 993
f 994 995 996
f 997 998 999
f 1000 1001 1002
f 1003 1004 1005
f 1006 1007 1008
f 1009 1010 1011
f 1012 1013 1014
f 1015 1016 1017
f 1018 1019 1020
f 1021 1022 1023
f 1024 1025 1026
f 1027 1028 1029
f 1030 1031 1032
f 1033 1034 1035
f 1036 1037 1038
f 1039 1040 1041
f 1042 1043 1044
f 1045 1046 1047
f 1048 1049 1050
f 1051 1052 1053
f 1054 1055 1056
f 1057 1058 1059
f 1060 1061 1062
f 1063 1064 1065
f 1066 1067 1068
f 1069 1070 1071
f 1072 1073 1074
f 1075 1076 1077
f 1078 1079 1080
f 1081 1082 1083
f 1084 1085 1086
f 1087 1088 1089
f 1090 1091 1092
f 1093 1094 1095
f 1096 1097 1098
f 1099 1100 1101
f 1102 1103 1104
f 1105 1106 1107
f 1108 1109 1110
f 1111 1112 1113
f 1114 1115 1116
f 1117 1118 1119
f 1120 1121 1122
f 1123 1124 1125
f 1126 1127 1128
f 1129 1130 1131
f 1132 1133 1134
f 1135 1136 1137
f 1138 1139 1140
f 1141 1142 1143
f 1144 1145 1146
f 1147 1148 1149
f 1150 1151 1152
f 1153 1154 1155
f 1156 1157 1158
f 1159 1160 1161
f 1162 1163 1164
f 1165 1166 1167
f 1168 1169 1170
f 1171 1172 1173
f 1174 1175 1176
f 1177 1178 1179
f 1180 1181 1182
f 1183 1184 1185
f 1186 1187 1188
f 1189 1190 1191
f 1192 1193 1194
f 1195 1196 1197
f 1198 1199 1200
f 1201 1202 1203
f 1204 1205 1206
f 1207 1208 1209
f 1210 1211 1212
f 1213 1214 1215
f 1216 1217 1218
f 1219 1220 1221
f 1222 1223 1224
f 1225 1226 1227
f 1228 1229 1230
f 1231 1232 1233
f 1234 1235 1236
f 1237 1238 1239
f 1240 1241 1242
f 1243 1244 1245
f 1246 1247 1248
f 1249 1250 1251
f 1252 1253 1254
f 1255 1256 1257
f 1258 1259 1260
f 1261 1262 1263
f 1264 1265 1266
f 1267 1268 1269
f 1270 1271 1272
f 1273 1274 1275
f 1276 1277 1278
f 1279 1280 1281
f 1282 1283 1284
f 1285 1286 1287
f 1288 1289 1290
f 1291 1292 1293
f 1294 1295 1296
f 1297 1298 1299
f 1300 1301 1302
f 1303 1304 1305
f 1306 1307 1308
f 1309 1310 1311
f 1312 1313 1314
f 1315 1316 1317
f 1318 1319 1320
f 1321 1322 1323
f 1324 1325 1326
f 1327 1328 1329
f 1330 1331 1332
f 1333 1334 1335
f 1336 1337 1338
f 1339 1340 1341
f 1342 1343 1344
f 1345 1346 1347
f 1348 1349 1350
f 1351 1352 1353
f 1354 1355 1356
f 1357 1358 1359
f 1360 1361 1362
f 1363 1364 1365
f 1366 1367 1368
f 1369 1370 1371
f 1372 1373 1374
f 1375 1376 1377
f 1378 1379 1380
f 1381 1382 1383
f 1384 1385 1386
f 1387 1388 1389
f 1390 1391 1392
f 1393 1394 1395
f 1396 1397 1398
f 1399 1400 1401
f 1402 1403 1404
f 1405 1406 1407
f 1408 1409 1410
f 1411 1412 1413
f 1414 1415 1416
f 1417 1418 1419
f 1420 1421 1422
f 1423 1424 1425
f 1426 1427 1428
f 1429 1430 1431
f 1432 1433 1434
f 1435 1436 1437
f 1438 1439 1440
f 1441 1442 1443
f 1444 1445 1446
f 1447 1448 1449
f 1450 1451 1452
f 1453 1454 1455
f 1456 1457 1458
f 1459 1460 1461
f 1462 1463 1464
f 1465 1466 1467
f 1468 1469 1470
f 1471 1472 1473
f 1474 1475 1476
f 1477 1478 1479
f 1480 1481 1482
f 1483 1484 1485
f 1486 1487 1488
f 1489 1490 1491
f 1492 1493 1494
f 1495 1496 1497
f 1498 1499 1500
f 1501 1502 1503
f 1504 1505 1506
f 1507 1508 1509
f 1510 1511 1512
f 1513 1514 1515
f 1516 1517 1518
f 1519 1520 1521
f 1522 1523 1524
f 1525 1526 1527
f 1528 1529 1530
f 1531 1532 1533
f 1534 1535 1536
f 1537 1538 1539
f 1540 1541 1542
f 1543 1544 1545
f 1546 1547 1548
f 1549 1550 1551
f 1552 1553 1554
f 1555 1556 1557
f 1558 1559 1560
f 1561 1562 1563
f 1564 1565 1566
f 1567 1568 1569
f 1570 1571 1572
f 1573 1574 1575
f 1576 1577 1578
f 1579 1580 1581
f 1582 1583 1584
f 1585 1586 1587
f 1588 1589 1590
f 1591 1592 1593
f 1594 1595 1596
f 1597 1598 1599
f 1600 1601 1602
f 1603 1604 1605
f 1606 1607 1608
f 1609 1610 1611
f 1612 1613 1614
f 1615 1616 1617
f 1618 1619 1620
f 1621 1622 1623
f 1624 1625 1626
f 1627 1628 1629
f 1630 1631 1632
f 1633 1634 1635
f 1636 1637 1638
f 1639 1640 1641
f 1642 1643 1644
f 1645 1646 1647
f 1648 1649 1650
f 1651 1652 1653
f 1654 1655 1656
f 1657 1658 1659
f 1660 1661 1662
f 1663 1664 1665
f 1666 1667 1668
f 1669 1670 1671
f 1672 1673 1674
f 1675 1676 1677
f 1678 1679 1680
f 1681 1682 1683
f 1684 1685 1686
f 1687 1688 1689
f 1690 1691 1692
f 1693 1694 1695
f 1696 1697 1698
f 1699 1700 1701
f 1702 1703 1704
f 1705 1706 1707
f 1708 1709 1710
f 1711 1712 1713
f 1714 1715 1716
f 1717 1718 1719
f 1720 1721 1722
f 1723 1724 1725
f 1726 1727 1728
f 1729 1730 1731
f 1732 1733 1734
f 1735 1736 1737
f 1738 1739 1740
f 1741 1742 1743
f 1744 1745 1746
f 1747 1748 1749
f 1750 1751 1752
f 1753 1754 1755
f 1756 1757 1758
f 1759 1760 1761
f 1762 1763 1764
f 1765 1766 1767
f 1768 1769 1770
f 1771 1772 1773
f 1774 1775 1776
f 1777 1778 1779
f 1780 1781 1782
f 1783 1784 1785
f 1786 1787 1788
f 1789 1790 1791
f 1792 1793 1794
f 1795 1796 1797
f 1798 1799 1800
f 1801 1802 1803
f 1804 1805 1806
f 1807 1808 1809
f 1810 1811 1812
f 1813 1814 1815
f 1816 1817 1818
f 1819 1820 1821
f 1822 1823 1824
f 1825 1826 1827
f 1828 1829 1830
f 1831 1832 1833
f 1834 1835 1836
f 1837 1838 1839
f 1840 1841 1842
f 1843 1844 1845
f 1846 1847 1848
f 1849 1850 1851
f 1852 1853 1854
f 1855 1856 1857
f 1858 1859 1860
f 1861 1862 1863
f 1864 1865 1866
f 1867 1868 1869
f 1870 1871 1872
f 1873 1874 1875
f 1876 1877 1878
f 1879 1880 1881
f 1882 1883 1884
f 1885 1886 1887
f 1888 1889 1890
f 1891 1892 1893
f 1894 1895 1896
f 1897 1898 1899
f 1900 1901 1902
f 1903 1904 1905
f 1906 1907 1908
f 1909 1910 1911
f 1912 1913 1914
f 1915 1916 1917
f 1918 1919 1920
f 1921 1922 1923
f 1924 1925 1926
f 1927 1928 1929
f 1930 1931 1932
f 1933 1934 1935
f 1936 1937 1938
f 1939 1940 1941
f 1942 1943 1944
f 1945 1946 1947
f 1948 1949 1950
f 1951 1952 1953
f 1954 1955 1956
f 1957 1958 1959
f 1960 1961 1962
f 1963 1964 1965
f 1966 1967 1968
f 1969 1970 1971
f 1972 1973 1974
f 1975 1976 1977
f 1978 1979 1980
f 1981 1982 1983
f 1984 1985 1986
f 1987 1988 1989
f 1990 1991 1992
f 1993 1994 1995
f 1996 1997 1998
f 1999 2000 2001
f 2002 2003 2004
f 2005 2006 2007
f 2008 2009 2010
f 2011 2012 2013
f 2014 2015 2016
f 2017 2018 2019
f 2020 2021 2022
f 2023 2024 2025
f 2026 2027 2028
f 2029 2030 2031
f 2032 2033 2034
f 2035 2036 2037
f 2038 2039 2040
f 2041 2042 2043
f 2044 2045 2046
f 2047 2048 2049
f 2050 2051 2052
f 2053 2054 2055
f 2056 2057 2058
f 2059 2060 2061
f 2062 2063 2064
f 2065 2066 2067
f 2068 2069 2070
f 2071 2072 2073
f 2074 2075 2076
f 2077 2078 2079
f 2080 2081 2082
f 2083 2084 2085
f 2086 2087 2088
f 2089 2090 2091
f 2092 2093 2094
f 2095 2096 2097
f 2098 2099 2100
f 2101 2102 2103
f 2104 2105 2106
f 2107 2108 2109
f 2110 2111 2112
f 2113 2114 2115
f 2116 2117 2118
f 2119 2120 2121
f 2122 2123 2124
f 2125 2126 2127
f 2128 2129 2130
f 2131 2132 2133
f 2134 2135 2136
f 2137 2138 2139
f 2140 2141 2142
f 2143 2144 2145
f 2146 2147 2148
f 2149 2150 2151
f 2152 2153 2154
f 2155 2156 2157
f 2158 2159 2160
f 2161 2162 2163
f 2164 2165 2166
f 2167 2168 2169
f 2170 2171 2172
f 2173 2174 2175
f 2176 2177 2178
f 2179 2180 2181
f 2182 2183 2184
f 2185 2186 2187
f 2188 2189 2190
f 2191 2192 2193
f 2194 2195 2196
f 2197 2198 2199
f 2200 2201 2202
f 2203 2204 2205
f 2206 2207 2208
f 2209 2210 2211
f 2212 2213 2214
f 2215 2216 2217
f 2218 2219 2220
f 2221 2222 2223
f 2224 2225 2226
f 2227 2228 2229
f 2230 2231 2232
f 2233 2234 2235
f 2236 2237 2238
f 2239 2240 2241
f 2242 2243 2244
f 2245 2246 2247
f 2248 2249 2250
f 2251 2252 2253
f 2254 2255 2256
f 2257 2258 2259
f 2260 2261 2262
f 2263 2264 2265
f 2266 2267 2268
f 2269 2270 2271
f 2272 2273 2274
f 2275 2276 2277
f 2278 2279 2280
f 2281 2282 2283
f 2284 2285 2286
f 2287 2288 2289
f 2290 2291 2292
f 2293 2294 2295
f 2296 2297 2298
f 2299 2300 2301
f 2302 2303 2304
f 2305 2306 2307
f 2308 2309 2310
f 2311 2312 2313
f 2314 2315 2316
f 2317 2318 2319
f 2320 2321 2322
f 2323 2324 2325
f 2326 2327 2328
f 2329 2330 2331
f 2332 2333 2334
f 2335 2336 2337
f 2338 2339 2340
f 2341 2342 2343
f 2344 2345 2346
f 2347 2348 2349
f 2350 2351 2352
f 2353 2354 2355
f 2356 2357 2358
f 2359 2360 2361
f 2362 2363 2364
f 2365 2366 2367
f 2368 2369 2370
f 2371 2372 2373
f 2374 2375 2376
f 2377 2378 2379
f 2380 2381 2382
f 2383 2384 2385
f 2386 2387 2388
f 2389 2390 2391
f 2392 2393 2394
f 2395 2396 2397
f 2398 2399 2400
f 2401 2402 2403
f 2404 2405 2406
f 2407 2408 2409
f 2410 2411 2412
f 2413 2414 2415
f 2416 2417 2418
f 2419 2420 2421
f 2422 2423 2424
f 2425 2426 2427
f 2428 2429 2430
f 2431 2432 2433
f 2434 2435 2436
f 2437 2438 2439
f 2440 2441 2442
f 2443 2444 2445
f 2446 2447 2448
f 2449 2450 2451
f 2452 2453 2454
f 2455 2456 2457
f 2458 2459 2460
f 2461 2462 2463
f 2464 2465 2466
f 2467 2468 2469
f 2470 2471 2472
f 2473 2474 2475
f 2476 2477 2478
f 2479 2480 2481
f 2482 2483 2484
f 2485 2486 2487
f 2488 2489 2490
f 2491 2492 2493
f 2494 2495 2496
f 2497 2498 2499
f 2500 2501 2502
f 2503 2504 2505
f 2506 2507 2508
f 2509 2510 2511
f 2512 2513 2514
f 2515 2516 2517
f 2518 2519 2520
f 2521 2522 2523
f 2524 2525 2526
f 2527 2528 2529
f 2530 2531 2532
f 2533 2534 2535
f 2536 2537 2538
f 2539 2540 2541
f 2542 2543 2544
f 2545 2546 2547
f 2548 2549 2550
f 2551 2552 2553
f 2554 2555 2556
f 2557 2558 2559
f 2560 2561 2562
f 2563 2564 2565
f 2566 2567 2568
f 2569 2570 2571
f 2572 2573 2574
f 2575 2576 2577
f 2578 2579 2580
f 2581 2582 2583
f 2584 2585 2586
f 2587 2588 2589
f 2590 2591 2592
f 2593 2594 2595
f 2596 2597 2598
f 2599 2600 2601
f 2602 2603 2604
f 2605 2606 2607
f 2608 2609 2610
f 2611 2612 2613
f 2614 2615 2616
f 2617 2618 2619
f 2620 2621 2622
f 2623 2624 2625
f 2626 2627 2628
f 2629 2630 2631
f 2632 2633 2634
f 2635 2636 2637
f 2638 2639 2640
f 2641 2642 2643
f 2644 2645 2646
f 2647 2648 2649
f 2650 2651 2652
f 2653 2654 2655
f 2656 2657 2658
f 2659 2660 2661
f 2662 2663 2664
f 2665 2666 2667
f 2668 2669 2670
f 2671 2672 2673
f 2674 2675 2676
f 2677 2678 2679
f 2680 2681 2682
f 2683 2684 2685
f 2686 2687 2688
f 2689 2690 2691
f 2692 2693 2694
f 2695 2696 2697
f 2698 2699 2700
f 2701 2702 2703
f 2704 2705 2706
f 2707 2708 2709
f 2710 2711 2712
f 2713 2714 2715
f 2716 2717 2718
f 2719 2720 2721
f 2722 2723 2724
f 2725 2726 2727
f 2728 2729 2730
f 2731 2732 2733
f 2734 2735 2736
f 2737 2738 2739
f 2740 2741 2742
f 2743 2744 2745
f 2746 2747 2748
f 2749 2750 2751
f 2752 2753 2754
f 2755 2756 2757
f 2758 2759 2760
f 2761 2762 2763
f 2764 2765 2766
f 2767 2768 2769
f 2770 2771 2772
f 2773 2774 2775
f 2776 2777 2778
f 2779 2780 2781
f 2782 2783 2784
f 2785 2786 2787
f 2788 2789 2790
f 2791 2792 2793
f 2794 2795 2796
f 2797 2798 2799
f 2800 2801 2802
f 2803 2804 2805
f 2806 2807 2808
f 2809 2810 2811
f 2812 2813 2814
f 2815 2816 2817
f 2818 2819 2820
f 2821 2822 2823
f 2824 2825 2826
f 2827 2828 2829
f 2830 2831 2832
f 2833 2834 2835
f 2836 2837 2838
f 2839 2840 2841
f 2842 2843 2844
f 2845 2846 2847
f 2848 2849 2850
f 2851 2852 2853
f 2854 2855 2856
f 2857 2858 2859
f 2860 2861 2862
f 2863 2864 2865
f 2866 2867 2868
f 2869 2870 2871
f 2872 2873 2874
f 2875 2876 2877
f 2878 2879 2880
f 2881 2882 2883
f 2884 2885 2886
f 2887 2888 2889
f 2890 2891 2892
f 2893 2894 2895
f 2896 2897 2898
f 2899 2900 2901
f 2902 2903 2904
f 2905 2906 2907
f 2908 2909 2910
f 2911 2912 2913
f 2914 2915 2916
f 2917 2918 2919
f 2920 2921 2922
f 2923 2924 2925
f 2926 2927 2928
f 2929 2930 2931
f 2932 2933 2934
f 2935 2936 2937
f 2938 2939 2940
f 2941 2942 2943
f 2944 2945 2946
f 2947 2948 2949
f 2950 2951 2952
f 2953 2954 2955
f 2956 2957 2958
f 2959 2960 2961
f 2962 2963 2964
f 2965 2966 2967
f 2968 2969 2970
f 2971 2972 2973
f 2974 2975 2976
f 2977 2978 2979
f 2980 2981 2982
f 2983 2984 2985
f 2986 2987 2988
f 2989 2990 2991
f 2992 2993 2994
f 2995 2996 2997
f 2998 2999 3000
f 3001 3002 3003
f 3004 3005 3006
f 3007 3008 3009
f 3010 3011 3012
f 3013 3014 3015
f 3016 3017 3018
f 3019 3020 3021
f 3022 3023 3024
f 3025 3026 3027
f 3028 3029 3030
f 3031 3032 3033
f 3034 3035 3036
f 3037 3038 3039
f 3040 3041 3042
f 3043 3044 3045
f 3046 3047 3048
f 3049 3050 3051
f 3052 3053 3054
f 3055 3056 3057
f 3058 3059 3060
f 3061 3062 3063
f 3064 3065 3066
f 3067 3068 3069
f 3070 3071 3072
f 3073 3074 3075
f 3076 3077 3078
f 3079 3080 3081
f 3082 3083 3084
f 3085 3086 3087
f 3088 3089 3090
f 3091 3092 3093
f 3094 3095 3096
f 3097 3098 3099
f 3100 3101 3102
f 3103 3104 3105
f 3106 3107 3108
f 3109 3110 3111
f 3112 3113 3114
f 3115 3116 3117
f 3118 3119 3120
f 3121 3122 3123
f 3124 3125 3126
f 3127 3128 3129
f 3130 3131 3132
f 3133 3134 3135
f 3136 3137 3138
f 3139 3140 3141
f 3142 3143 3144
f 3145 3146 3147
f 3148 3149 3150
f 3151 3152 3153
f 3154 3155 3156
f 3157 3158 3159
f 3160 3161 3162
f 3163 3164 3165
f 3166 3167 3168
f 3169 3170 3171
f 3172 3173 3174
f 3175 3176 3177
f 3178 3179 3180
f 3181 3182 3183
f 3184 3185 3186
f 3187 3188 3189
f 3190 3191 3192
f 3193 3194 3195
f 3196 3197 3198
f 3199 3200 3201
f 3202 3203 3204
f 3205 3206 3207
f 3208 3209 3210
f 3211 3212 3213
f 3214 3215 3216
f 3217 3218 3219
f 3220 3221 3222
f 3223 3224 3225
f 3226 3227 3228
f 3229 3230 3231
f 3232 3233 3234
f 3235 3236 3237
f 3238 3239 3240
f 3241 3242 3243
f 3244 3245 3246
f 3247 3248 3249
f 3250 3251 3252
f 3253 3254 3255
f 3256 3257 3258
f 3259 3260 3261
f 3262 3263 3264
f 3265 3266 3267
f 3268 3269 3270
f 3271 3272 3273
f 3274 3275 3276
f 3277 3278 3279
f 3280 3281 3282
f 3283 3284 3285
f 3286 3287 3288
f 3289 3290 3291
f 3292 3293 3294
f 3295 3296 3297
f 3298 3299 3300
f 3301 3302 3303
f 3304 3305 3306
f 3307 3308 3309
f 3310 3311 3312
f 3313 3314 3315
f 3316 3317 3318
f 3319 3320 3321
f 3322 3323 3324
f 3325 3326 3327
f 3328 3329 3330
f 3331 3332 3333
f 3334 3335 3336
f 3337 3338 3339
f 3340 3341 3342
f 3343 3344 3345
f 3346 3347 3348
f 3349 3350 3351
f 3352 3353 3354
f 3355 3356 3357
f 3358 3359 3360
f 3361 3362 3363
f 3364 3365 3366
f 3367 3368 3369
f 3370 3371 3372
f 3373 3374 3375
f 3376 3377 3378
f 3379 3380 3381
f 3382 3383 3384
f 3385 3386 3387
f 3388 3389 3390
f 3391 3392 3393
f 3394 3395 3396
f 3397 3398 3399
f 3400 3401 3402
f 3403 3404 3405
f 3406 3407 3408
f 3409 3410 3411
f 3412 3413 3414
f 3415 3416 3417
f 3418 3419 3420
f 3421 3422 3423
f 3424 3425 3426
f 3427 3428 3429
f 3430 3431 3432
f 3433 3434 3435
f 3436 3437 3438
f 3439 3440 3441
f 3442 3443 3444
f 3445 3446 3447
f 3448 3449 3450
f 3451 3452 3453
f 3454 3455 3456
f 3457 3458 3459
f 3460 3461 3462
f 3463 3464 3465
f 3466 3467 3468
f 3469 3470 3471
f 3472 3473 3474
f 3475 3476 3477
f 3478 3479 3480
f 3481 3482 3483
f 3484 3485 3486
f 3487 3488 3489
f 3490 3491 3492
f 3493 3494 3495
f 3496 3497 3498
f 3499 3500 3501
f 3502 3503 3504
f 3505 3506 3507
f 3508 3509 3510
f 3511 3512 3513
f 3514 3515 3516
f 3517 3518 3519
f 3520 3521 3522
f 3523 3524 3525
f 3526 3527 3528
f 3529 3530 3531
f 3532 3533 3534
f 3535 3536 3537
f 3538 3539 3540
f 3541 3542 3543
f 3544 3545 3546
f 3547 3548 3549
f 3550 3551 3552
f 3553 3554 3555
f 3556 3557 3558
f 3559 3560 3561
f 3562 3563 3564
f 3565 3566 3567
f 3568 3569 3570
f 3571 3572 3573
f 3574 3575 3576
f 3577 3578 3579
f 3580 3581 3582
f 3583 3584 3585
f 3586 3587 3588
f 3589 3590 3591
f 3592 3593 3594
f 3595 3596 3597
f 3598 3599 3600
f 3601 3602 3603
f 3604 3605 3606
f 3607 3608 3609
f 3610 3611 3612
f 3613 3614 3615
f 3616 3617 3618
f 3619 3620 3621
f 3622 3623 3624
f 3625 3626 3627
f 3628 3629 3630
f 3631 3632 3633
f 3634 3635 3636
f 3637 3638 3639
f 3640 3641 3642
f 3643 3644 3645
f 3646 3647 3648
f 3649 3650 3651
f 3652 3653 3654
f 3655 3656 3657
f 3658 3659 3660
f 3661 3662 3663
f 3664 3665 3666
f 3667 3668 3669
f 3670 3671 3672
f 3673 3674 3675
f 3676 3677 3678
f 3679 3680 3681
f 3682 3683 3684
f 3685 3686 3687
f 3688 3689 3690
f 3691 3692 3693
f 3694 3695 3696
f 3697 3698 3699
f 3700 3701 3702
f 3703 3704 3705
f 3706 3707 3708
f 3709 3710 3711
f 3712 3713 3714
f 3715 3716 3717
f 3718 3719 3720
f 3721 3722 3723
f 3724 3725 3726
f 3727 3728 3729
f 3730 3731 3732
f 3733 3734 3735
f 3736 3737 3738
f 3739 3740 3741
f 3742 3743 3744
f 3745 3746 3747
f 3748 3749 3750
f 3751 3752 3753
f 3754 3755 3756
f 3757 3758 3759
f 3760 3761 3762
f 3763 3764 3765
f 3766 3767 3768
f 3769 3770 3771
f 3772 3773 3774
f 3775 3776 3777
f 3778 3779 3780
f 3781 3782 3783
f 3784 3785 3786
f 3787 3788 3789
f 3790 3791 3792
f 3793 3794 3795
f 3796 3797 3798
f 3799 3800 3801
f 3802 3803 3804
f 3805 3806 3807
f 3808 3809 3810
f 3811 3812 3813
f 3814 3815 3816
f 3817 3818 3819
f 3820 3821 3822
f 3823 3824 3825
f 3826 3827 3828
f 3829 3830 3831
f 3832 3833 3834
f 3835 3836 3837
f 3838 3839 3840
f 3841 3842 3843
f 3844 3845 3846
f 3847 3848 3849
f 3850 3851 3852
f 3853 3854 3855
f 3856 3857 3858
f 3859 3860 3861
f 3862 3863 3864
f 3865 3866 3867
f 3868 3869 3870
f 3871 3872 3873
f 3874 3875 3876
f 3877 3878 3879
f 3880 3881 3882
f 3883 3884 3885
f 3886 3887 3888
f 3889 3890 3891
f 3892 3893 3894
f 3895 3896 3897
f 3898 3899 3900
f 3901 3902 3903
f 3904 3905 3906
f 3907 3908 3909
f 3910 3911 3912
f 3913 3914 3915
f 3916 3917 3918
f 3919 3920 3921
f 3922 3923 3924
f 3925 3926 3927
f 3928 3929 3930
f 3931 3932 3933
f 3934 3935 3936
f 3937 3938 3939
f 3940 3941 3942
f 3943 3944 3945
f 3946 3947 3948
f 3949 3950 3951
f 3952 3953 3954
f 3955 3956 3957
f 3958 3959 3960
f 3961 3962 3963
f 3964 3965 3966
f 3967 3968 3969
f 3970 3971 3972
f 3973 3974 3975
f 3976 3977 3978
f 3979 3980 3981
f 3982 3983 3984
f 3985 3986 3987
f 3988 3989 3990
f 3991 3992 3993
f 3994 3995 3996
f 3997 3998 3999
f 4000 4001 4002
f 4003 4004 4005
f 4006 4007 4008
f 4009 4010 4011
f 4012 4013 4014
f 4015 4016 4017
f 4018 4019 4020
f 4021 4022 4023
f 4024 4025 4026
f 4027 4028 4029
f 4030 4031 4032
f 4033 4034 4035
f 4036 4037 4038
f 4039 4040 4041
f 4042 4043 4044
f 4045 4046 4047
f 4048 4049 4050
f 4051 4052 4053
f 4054 4055 4056
f 4057 4058 4059
f 4060 4061 4062
f 4063 4064 4065
f 4066 4067 4068
f 4069 4070 4071
f 4072 4073 4074
f 4075 4076 4077
f 4078 4079 4080
f 4081 4082 4083
f 4084 4085 4086
f 4087 4088 4089
f 4090 4091 4092
f 4093 4094 4095
f 4096 4097 4098
f 4099 4100 4101
f 4102 4103 4104
f 4105 4106 4107
f 4108 4109 4110
f 4111 4112 4113
f 4114 4115 4116
f 4117 4118 4119
f 4120 4121 4122
f 4123 4124 4125
f 4126 4127 4128
f 4129 4130 4131
f 4132 4133 4134
f 4135 4136 4137
f 4138 4139 4140
f 4141 4142 4143
f 4144 4145 4146
f 4147 4148 4149
f 4150 4151 4152
f 4153 4154 4155
f 4156 4157 4158
f 4159 4160 4161
f 4162 4163 4164
f 4165 4166 4167
f 4168 4169 4170
f 4171 4172 4173
f 4174 4175 4176
f 4177 4178 4179
f 4180 4181 4182
f 4183 4184 4185
f 4186 4187 4188
f 4189 4190 4191
f 4192 4193 4194
f 4195 4196 4197
f 4198 4199 4200
f 4201 4202 4203
f 4204 4205 4206
f 4207 4208 4209
f 4210 4211 4212
f 4213 4214 4215
f 4216 4217 4218
f 4219 4220 4221
f 4222 4223 4224
f 4225 4226 4227
f 4228 4229 4230
f 4231 4232 4233
f 4234 4235 4236
f 4237 4238 4239
f 4240 4241 4242
f 4243 4244 4245
f 4246 4247 4248
f 4249 4250 4251
f 4252 4253 4254
f 4255 4256 4257
f 4258 4259 4260
f 4261 4262 4263
f 4264 4265 4266
f 4267 4268 4269
f 4270 4271 4272
f 4273 4274 4275
f 4276 4277 4278
f 4279 4280 4281
f 4282 4283 4284
f 4285 4286 4287
f 4288 4289 4290
f 4291 4292 4293
f 4294 4295 4296
f 4297 4298 4299
f 4300 4301 4302
f 4303 4304 4305
f 4306 4307 4308
f 4309 4310 4311
f 4312 4313 4314
f 4315 4316 4317
f 4318 4319 4320
f 4321 4322 4323
f 4324 4325 4326
f 4327 4328 4329
f 4330 4331 4332
f 4333 4334 4335
f 4336 4337 4338
f 4339 4340 4341
f 4342 4343 4344
f 4345 4346 4347
f 4348 4349 4350
f 4351 4352 4353
f 4354 4355 4356
f 4357 4358 4359
f 4360 4361 4362
f 4363 4364 4365
f 4366 4367 4368
f 4369 4370 4371
f 4372 4373 4374
f 4375 4376 4377
f 4378 4379 4380
f 4381 4382 4383
f 4384 4385 4386
f 4387 4388 4389
f 4390 4391 4392
f 4393 4394 4395
f 4396 4397 4398
f 4399 4400 4401
f 4402 4403 4404
f 4405 4406 4407
f 4408 4409 4410
f 4411 4412 4413
f 4414 4415 4416
f 4417 4418 4419
f 4420 4421 4422
f 4423 4424 4425
f 4426 4427 4428
f 4429 4430 4431
f 4432 4433 4434
f 4435 4436 4437
f 4438 4439 4440
f 4441 4442 4443
f 4444 4445 4446
f 4447 4448 4449
f 4450 4451 4452
f 4453 4454 4455
f 4456 4457 4458
f 4459 4460 4461
f 4462 4463 4464
f 4465 4466 4467
f 4468 4469 4470
f 4471 4472 4473
f 4474 4475 4476
f 4477 4478 4479
f 4480 4481 4482
f 4483 4484 4485
f 4486 4487 4488
f 4489 4490 4491
f 4492 4493 4494
f 4495 4496 4497
f 4498 4499 4500
f 4501 4502 4503
f 4504 4505 4506
f 4507 4508 4509
f 4510 4511 4512
f 4513 4514 4515
f 4516 4517 4518
f 4519 4520 4521
f 4522 4523 4524
f 4525 4526 4527
f 4528 4529 4530
f 4531 4532 4533
f 4534 4535 4536
f 4537 4538 4539
f 4540 4541 4542
f 4543 4544 4545
f 4546 4547 4548
f 4549 4550 4551
f 4552 4553 4554
f 4555 4556 4557
f 4558 4559 4560
f 4561 4562 4563
f 4564 4565 4566
f 4567 4568 4569
f 4570 4571 4572
f 4573 4574 4575
f 4576 4577 4578
f 4579 4580 4581
f 4582 4583 4584
f 4585 4586 4587
f 4588 4589 4590
f 4591 4592 4593
f 4594 4595 4596
f 4597 4598 4599
f 4600 4601 4602
f 4603 4604 4605
f 4606 4607 4608
f 4609 4610 4611
f 4612 4613 4614
f 4615 4616 4617
f 4618 4619 4620
f 4621 4622 4623
f 4624 4625 4626
f 4627 4628 4629
f 4630 4631 4632
f 4633 4634 4635
f 4636 4637 4638
f 4639 4640 4641
f 4642 4643 4644
f 4645 4646 4647
f 4648 4649 4650
f 4651 4652 4653
f 4654 4655 4656
f 4657 4658 4659
f 4660 4661 4662
f 4663 4664 4665
f 4666 4667 4668
f 4669 4670 4671
f 4672 4673 4674
f 4675 4676 4677
f 4678 4679 4680
f 4681 4682 4683
f 4684 4685 4686
f 4687 4688 4689
f 4690 4691 4692
f 4693 4694 4695
f 4696 4697 4698
f 4699 4700 4701
f 4702 4703 4704
f 4705 4706 4707
f 4708 4709 4710
f 4711 4712 4713
f 4714 4715 4716
f 4717 4718 4719
f 4720 4721 4722
f 4723 4724 4725
f 4726 4727 4728
f 4729 4730 4731
f 4732 4733 4734
f 4735 4736 4737
f 4738 4739 4740
f 4741 4742 4743
f 4744 4745 4746
f 4747 4748 4749
f 4750 4751 4752
f 4753 4754 4755
f 4756 4757 4758
f 4759 4760 4761
f 4762 4763 4764
f 4765 4766 4767
f 4768 4769 4770
f 4771 4772 4773
f 4774 4775 4776
f 4777 4778 4779
f 4780 4781 4782
f 4783 4784 4785
f 4786 4787 4788
f 4789 4790 4791
f 4792 4793 4794
f 4795 4796 4797
f 4798 4799 4800
f 4801 4802 4803
f 4804 4805 4806
f 4807 4808 4809
f 4810 4811 4812
f 4813 4814 4815
f 4816 4817 4818
f 4819 4820 4821
f 4822 4823 4824
f 4825 4826 4827
f 4828 4829 4830
